Sample,ID5,ID8,ID9,ID11,ID21,ID23,ID1,ID2,ID3,ID12
PD42581c_ds0013,0.0,0.11896688919924087,0.311787979206129,0.13618393783057878,0.16706178463092572,0.26599940913312564,0.0,0.0,0.0,0.0
PD42882c_ds0008,0.6806416857930013,0.13151325714381945,0.0,0.07083570991671759,0.0,0.0,0.0,0.0,0.11700934714646168,0.0
PD42884c,0.591431315707351,0.13423469325276752,0.15043784645270233,0.0879037401624184,0.0,0.0,0.03599240442476069,0.0,0.0,0.0
PD42885c_ds0021,0.7172457255487192,0.1540480466531659,0.0,0.12870622779811489,0.0,0.0,0.0,0.0,0.0,0.0
PD42886c,0.5279401535103883,0.14917439667690308,0.15241961520997718,0.07320126270673273,0.09726457189599871,0.0,0.0,0.0,0.0,0.0
PD42887c_ds0010,0.4023607631972694,0.0,0.0,0.0,0.0,0.5976392368027307,0.0,0.0,0.0,0.0
PD42890c,0.4461170511808066,0.0799641215124659,0.08470419203040999,0.044946864665798364,0.09034243330062278,0.2539253373098963,0.0,0.0,0.0,0.0
PD42891c,0.3907141087395527,0.07547182911443986,0.1823012206797818,0.07375204068984954,0.12650322428749441,0.15125757648888166,0.0,0.0,0.0,0.0
PD42893c_ds0012,0.4462802985435322,0.0,0.11655749881494547,0.08996160116079735,0.347200601480725,0.0,0.0,0.0,0.0,0.0
PD42894c_ds0009,0.5928509862189816,0.07359543541274198,0.0,0.0,0.1410150058538515,0.0,0.0,0.0,0.192538572514425,0.0
PD42895c,0.6696819798418516,0.17767760020920287,0.06581483161898961,0.08682558832995566,0.0,0.0,0.0,0.0,0.0,0.0
PD42897c,0.47793332530967503,0.0985515349631762,0.07436033090409876,0.04833135919997963,0.09046480559458119,0.21035864402848906,0.0,0.0,0.0,0.0
PD42898c,0.3288999062494062,0.08330733120901142,0.10149117271240417,0.0,0.11572643334081448,0.37057515648836375,0.0,0.0,0.0,0.0
PD42899c,0.48883728182765085,0.09394377543311375,0.1086573761204914,0.06658020190635902,0.0,0.24198136471238502,0.0,0.0,0.0,0.0
PD42903c,0.6615807299430254,0.170744960913806,0.12494688131804403,0.0,0.0,0.0,0.042727427825124495,0.0,0.0,0.0
PD42904c,0.6692488312901047,0.09409381999815913,0.11946949975450469,0.0,0.11718784895723142,0.0,0.0,0.0,0.0,0.0
PD42905c_ds0013,0.33827870020220135,0.0,0.0,0.0,0.0,0.610641599772558,0.0,0.051079700025240524,0.0,0.0
PD46710c_ds0008,0.7655597502344832,0.10850906462078203,0.0,0.0,0.12593118514473486,0.0,0.0,0.0,0.0,0.0
PD46721c,0.41620922323650594,0.14454619363846322,0.26592969077125217,0.0,0.17331489235377864,0.0,0.0,0.0,0.0,0.0
PD46724c,0.49720278872332085,0.12894064129161512,0.21124513208250065,0.13434914550196883,0.0,0.0,0.02826229240059449,0.0,0.0,0.0
PD46738c,0.6351444859002222,0.07648948495664448,0.13443482230139933,0.11069524736375093,0.0,0.0,0.0,0.04323595947798306,0.0,0.0
PD46743c,0.6001053220333757,0.14221596332788233,0.07433839786409915,0.07023218143714566,0.0,0.0,0.02450645625919534,0.0,0.0886016790783017,0.0
PD46748c,0.6224019217662259,0.09489628186312123,0.14055208439121328,0.0,0.0,0.0,0.0,0.0,0.1421497119794396,0.0
PD46750c,0.6118012224561614,0.09845859346402462,0.0,0.14496114323232948,0.14477904084748455,0.0,0.0,0.0,0.0,0.0
PD46770c,0.6179124946425396,0.10559840983603463,0.19711646867253277,0.07937262684889311,0.0,0.0,0.0,0.0,0.0,0.0
PD46799c,0.5211242588934349,0.0,0.1191235300646271,0.06960552460493705,0.2494475857433997,0.0,0.04069910069360128,0.0,0.0,0.0
PD46800c,0.30901013166227437,0.13018834310029023,0.2095849051771328,0.09548132134396188,0.2557352987163408,0.0,0.0,0.0,0.0,0.0
PD46819c,0.0,0.16265187372175355,0.19173964849809788,0.1799545285608915,0.0,0.46565394921925707,0.0,0.0,0.0,0.0
PD46820c,0.37263214242721526,0.14581308786858843,0.11832732530183782,0.10926416930662229,0.0,0.25396327509573624,0.0,0.0,0.0,0.0
PD46834c,0.6008535151346043,0.09035335938278442,0.0,0.0,0.1853531470771826,0.0,0.0,0.0,0.12343997840542864,0.0
PD46836c,0.4696816436629429,0.13968406849503298,0.17177024886905665,0.0686262805642939,0.15023775840867357,0.0,0.0,0.0,0.0,0.0
PD46838c,0.0,0.11018739542221442,0.3669489567101753,0.0,0.1759703550318485,0.34689329283576187,0.0,0.0,0.0,0.0
PD46839c,0.3888849074647541,0.15725996465395162,0.20027896189943614,0.11182599965285465,0.14175016632900345,0.0,0.0,0.0,0.0,0.0
PD46841c,0.7078818534340656,0.15000404583526528,0.06452425060016513,0.05048953463761271,0.0,0.0,0.0,0.02710031549289108,0.0,0.0
PD46858c,0.6076859712896397,0.09356461552721985,0.08432854583685703,0.11086601182117047,0.0,0.0,0.0,0.0,0.10355485552511288,0.0
PD46859c,0.5006638327463354,0.09611075519389416,0.11620106223462784,0.0,0.16866482118437123,0.0,0.0,0.0,0.11835952864077129,0.0
PD46860c_ds0005,0.586315649618206,0.10796590177054435,0.22251586610542434,0.08320258250582531,0.0,0.0,0.0,0.0,0.0,0.0
PD46866c_ds0007,0.5745692492067183,0.1450274341773801,0.147403766756175,0.0,0.0,0.0,0.0,0.0,0.13299954985972667,0.0
PD46869c,0.566076485689791,0.1892942505750378,0.10661881595465315,0.0,0.1380104477805181,0.0,0.0,0.0,0.0,0.0
PD46873c,0.4784266682280881,0.1685769770454831,0.35299635472642876,0.0,0.0,0.0,0.0,0.0,0.0,0.0
PD46875c,0.5033774403852673,0.09232682800373115,0.0,0.06483369822870975,0.20852222809092832,0.0,0.0,0.0,0.13093980529136343,0.0
PD46885c_ds0003,0.6727538388350645,0.12819749064620953,0.15712482391757623,0.0,0.0,0.0,0.0,0.04192384660114968,0.0,0.0
PD46891c_ds0012,1.0,0.0,0.0,0.0,0.0,0.0,0.0,0.0,0.0,0.0
PD46903c,0.5288532766329036,0.12185933777293388,0.19091745620103917,0.0,0.15836992939312336,0.0,0.0,0.0,0.0,0.0
PD46911c,0.6820647547703224,0.062107279734519974,0.0,0.132369461894339,0.0,0.0,0.0,0.0,0.12345850360081871,0.0
PD46914c,0.6288010700745473,0.11606192254223349,0.09843957587568868,0.0,0.0,0.0,0.0,0.0,0.1566974315075304,0.0
PD46920c,0.296584058197547,0.1194843572114188,0.19003409765212945,0.10094748517523802,0.20434813473402963,0.0,0.03937895485575649,0.04922291217388055,0.0,0.0
PD46922c,0.6127509375649808,0.13573116343189554,0.18402947286986324,0.06748842613326037,0.0,0.0,0.0,0.0,0.0,0.0
PD46925c,0.6329502140216674,0.15754531163345706,0.0,0.11560700504953939,0.09389746929533602,0.0,0.0,0.0,0.0,0.0
PD46930c,0.6204532351292403,0.09872554066257014,0.13492175395736575,0.057107665882166564,0.08879180436865716,0.0,0.0,0.0,0.0,0.0
PD46935c,0.7167415972492197,0.07947464907696906,0.11725626509389206,0.08652748857991921,0.0,0.0,0.0,0.0,0.0,0.0
PD46941c,0.6080580310049005,0.16520248757190892,0.0,0.07385925226029687,0.0,0.0,0.0,0.0,0.15288022916289365,0.0
PD46948c,0.8403156602206797,0.09900558353849631,0.0,0.0,0.0,0.0,0.0,0.060678756240824,0.0,0.0
PD46953c,0.4735271027086185,0.1377217800573561,0.1131186072158238,0.0,0.0,0.27563251001820155,0.0,0.0,0.0,0.0
PD46955c,0.49040774691414823,0.06501819939571377,0.10082932066262935,0.0,0.12304034205550875,0.22070439097199998,0.0,0.0,0.0,0.0
PD46959c,0.5806395092530686,0.1645916402134198,0.16145764480814737,0.0,0.0,0.0,0.0,0.0,0.09331120572536436,0.0
PD46960c,0.6273893643290279,0.1193055453260604,0.12934576468106573,0.08105080719836977,0.0,0.0,0.04290851846547634,0.0,0.0,0.0
PD46961c,0.424315084999791,0.1478523906505696,0.14103654198352558,0.0,0.1595937293001528,0.0,0.0,0.0,0.12720225306596095,0.0
PD46963c,0.537916420499266,0.14130280856574637,0.13759842533693087,0.09063576574159118,0.09254657985646549,0.0,0.0,0.0,0.0,0.0
PD47592c_ds0003,0.6036557757770794,0.12720370935523606,0.0,0.11142211582734468,0.0,0.0,0.0,0.0,0.15771839904033977,0.0
PD47596c_ds0006,0.5090463631840518,0.0763107623536283,0.18460686847597105,0.07964887711534138,0.11456652689353121,0.0,0.0,0.0358206019774763,0.0,0.0
PD48851c,0.47394360659826396,0.09073844576774406,0.23879355209215067,0.08135928071151692,0.11516511483032436,0.0,0.0,0.0,0.0,0.0
PD48855c,0.5090715960900477,0.12417694226978578,0.07908413082491177,0.11172289372303314,0.0903656168679006,0.0,0.0,0.0,0.08557882022432113,0.0
PD48859c,0.40156863557511024,0.11688129887896018,0.10541329411676643,0.07757174253698697,0.14468191164993457,0.0,0.0,0.035441143857214454,0.1184419733850271,0.0
PD48864c,0.4496792985391986,0.08033133239509645,0.09370912301995325,0.06695449323394613,0.1629995633516322,0.0,0.0,0.0,0.14632618946017345,0.0
PD48865c,0.5377812325150548,0.18694307518644804,0.1831108070359807,0.09216488526251648,0.0,0.0,0.0,0.0,0.0,0.0
PD48866c,0.43553072767217094,0.157246400099563,0.20303502660967793,0.08259603924219168,0.12159180637639662,0.0,0.0,0.0,0.0,0.0
PD48867c,0.5150328372209345,0.15911350427535859,0.0,0.0,0.15763588021356525,0.0,0.0,0.0,0.16821777829014173,0.0
PD48868c,0.36478082815162804,0.16820081015714647,0.24164880201443956,0.07413901598680055,0.15123054368998545,0.0,0.0,0.0,0.0,0.0
PD48869c_ds0005,0.5466089161239162,0.08763409934385762,0.0,0.0,0.20096785903545514,0.0,0.0,0.0,0.16478912549677108,0.0
PD48871c,0.7891809351786393,0.0,0.0,0.0,0.17714003832357225,0.0,0.03367902649778843,0.0,0.0,0.0
PD48872c,0.48903972887841585,0.10992556298123084,0.20376963968663667,0.07453922533938173,0.12272584311433489,0.0,0.0,0.0,0.0,0.0
PD48873c,0.6924271465791483,0.13772895094054563,0.11136558155200363,0.0584783209283027,0.0,0.0,0.0,0.0,0.0,0.0
PD48875c,0.6150594606618421,0.12636868386623137,0.14145720490175534,0.08182162674867961,0.0,0.0,0.035293023821491534,0.0,0.0,0.0
PD48942c,0.7222448278127191,0.08305163610434671,0.12471469266272558,0.06998884342020861,0.0,0.0,0.0,0.0,0.0,0.0
PD50084c,0.42394445157357374,0.18949525936432293,0.0,0.09028311348243807,0.10618843204064936,0.1581470241042389,0.031941719434777006,0.0,0.0,0.0
PD50085c,0.5705420054759198,0.11509998797542294,0.17006088457526097,0.0991326367602587,0.0,0.0,0.04516448521313751,0.0,0.0,0.0
PD50135c,0.51194798846738,0.0998686268633504,0.0,0.09882891367481936,0.15386524744324961,0.0,0.0,0.026233180466435583,0.10925604308476497,0.0
PD50137c,0.45753375069349994,0.11957414810408634,0.11405325741010015,0.08398057083369315,0.22485827295862043,0.0,0.0,0.0,0.0,0.0
PD50143c,0.417425023654628,0.07848518896544517,0.16628678261912028,0.10375422589993706,0.0,0.19601006933961826,0.03803870952125109,0.0,0.0,0.0
PD50147c,0.321391756938926,0.10662186848571564,0.13638962814925834,0.08036004895100933,0.1939104320491164,0.0,0.028206907548338784,0.03266245023630693,0.1004569076413286,0.0
PD50153c_ds0006,0.5924137356687598,0.0,0.0,0.1277067397400226,0.27987952459121757,0.0,0.0,0.0,0.0,0.0
PD50160c,0.40707209004643,0.12393505494309642,0.0,0.0785972250027881,0.145778388771483,0.24461724123620257,0.0,0.0,0.0,0.0
PD50161c,0.6615817268526052,0.08735801908735633,0.0,0.0,0.18846717081338282,0.0,0.06259308324665575,0.0,0.0,0.0
PD50164c,0.36652564178039726,0.11866051694031049,0.16687003846747941,0.1285771598115781,0.18529054957110752,0.0,0.03407609342912737,0.0,0.0,0.0
PD50165c_ds0009,0.41614150263751565,0.0,0.20463907905575832,0.0,0.15719849685071335,0.0,0.04370661868494838,0.17831430277106433,0.0,0.0
PD50166c,0.38307229474418525,0.09967706184196483,0.2292100164376663,0.13151793650507715,0.1565226904711064,0.0,0.0,0.0,0.0,0.0
PD50167c,0.6926844468822323,0.10041783474580779,0.12606513353826582,0.0808325848336942,0.0,0.0,0.0,0.0,0.0,0.0
PD50168c_ds0008,0.63782358625024,0.18481630113875946,0.0,0.11090831586060525,0.0,0.0,0.0,0.06645179675039518,0.0,0.0
PD50171c_ds0013,0.8431119241223138,0.0,0.0,0.0,0.0,0.0,0.0,0.0,0.15688807587768622,0.0
PD50187c,0.5976108881455762,0.18193580749567528,0.1442562015263151,0.07619710283243343,0.0,0.0,0.0,0.0,0.0,0.0
PD50196c,0.4151860098734547,0.1311519620108625,0.2096483208196341,0.0,0.2440137072960487,0.0,0.0,0.0,0.0,0.0
PD50201c,0.5440490805631717,0.11020609718730552,0.11280383730565484,0.0,0.1934002722931893,0.0,0.039540712650678544,0.0,0.0,0.0
PD50425c,0.6458750393245182,0.11192002191884828,0.07430026678526314,0.06708099653461257,0.10082367543675805,0.0,0.0,0.0,0.0,0.0
PD50444c,0.670272295385452,0.11323231524710724,0.12958132532941627,0.08691406403802444,0.0,0.0,0.0,0.0,0.0,0.0
PD50610c,0.3420143743467641,0.1694174817028481,0.2325984933668269,0.05675240482720407,0.10164285882554792,0.0,0.0,0.0,0.09757438693080903,0.0
PD50620c,0.5716108049735142,0.1481395846494225,0.1598489893549819,0.0,0.0,0.0,0.0,0.030750203605387688,0.08965041741669384,0.0
PD50621c,0.6241390454777459,0.11600970485008698,0.17876128111328254,0.08108996855888469,0.0,0.0,0.0,0.0,0.0,0.0
PD50622c,0.5693583587107796,0.1341039703520413,0.1684206223432629,0.12811704859391626,0.0,0.0,0.0,0.0,0.0,0.0
PD50625c,0.6024755620259817,0.10357529036353474,0.1217353335928928,0.07286200955141829,0.09935180446617242,0.0,0.0,0.0,0.0,0.0
PD50627c,0.7140624917026422,0.0,0.2859375082973578,0.0,0.0,0.0,0.0,0.0,0.0,0.0
PD50629c,0.47962386968665444,0.14668229853695944,0.16878101394015735,0.0,0.17620402810802988,0.0,0.02870878972819905,0.0,0.0,0.0
PD50630c_ds0003,0.7129789703453137,0.17052004305936797,0.0,0.0,0.1165009865953184,0.0,0.0,0.0,0.0,0.0
PD50637c,0.5726089821193338,0.07834072587713001,0.15643718392141837,0.08916456067539598,0.103448547406722,0.0,0.0,0.0,0.0,0.0
PD51187c,0.6019055921027718,0.1423881032537315,0.15285247810483535,0.0,0.0,0.0,0.0,0.0,0.10285382653866128,0.0
PD51213c_ds0006,0.8374301646566982,0.10474949152807417,0.0,0.0,0.0,0.0,0.057820343815227576,0.0,0.0,0.0
PD51219c,0.7637599006609762,0.12404449337526412,0.0,0.0,0.0,0.0,0.0,0.0,0.11219560596375966,0.0
PD51224c,0.63551426448796,0.13759120687874146,0.22689452863329856,0.0,0.0,0.0,0.0,0.0,0.0,0.0
PD51225c,0.48473195276854075,0.07170749681504801,0.12155686914434875,0.08281485270696508,0.10335049200394528,0.13583833656115213,0.0,0.0,0.0,0.0
PD51227c_ds0009,0.4108689989557652,0.09405661938212155,0.13486548161697212,0.10143849821171956,0.131403702329569,0.0,0.0,0.0,0.1273666995038526,0.0
PD51239c,0.6038484963485713,0.08729263518323292,0.07834556878563471,0.07421984335409981,0.12595422931068578,0.0,0.030339227017775545,0.0,0.0,0.0
PD51254c,0.49344899053325014,0.12920056743341252,0.06889976756890848,0.055119862757002897,0.12523395226294054,0.0,0.0,0.0,0.12809685944448554,0.0
PD51256c,0.35050996001226736,0.10958273661237972,0.28421387927134356,0.075949200632707,0.17974422347130226,0.0,0.0,0.0,0.0,0.0
PD51260c,0.4752313068873433,0.08960595590070476,0.2156838402838931,0.07850441204943627,0.14097448487862246,0.0,0.0,0.0,0.0,0.0
PD51262c,0.5605107428747037,0.09777747577383453,0.23233517436156217,0.07579660746647314,0.0,0.0,0.033579999523426454,0.0,0.0,0.0
PD51264c,0.6751636543836091,0.13342804376605286,0.1151321431455181,0.07627615870481995,0.0,0.0,0.0,0.0,0.0,0.0
PD51266c,0.5100129289372523,0.07577040444231517,0.1881210895942257,0.07317726653685541,0.15291831048935148,0.0,0.0,0.0,0.0,0.0
PD51267c,0.6133104400842403,0.11768932228965082,0.18010355481976245,0.08889668280634641,0.0,0.0,0.0,0.0,0.0,0.0
PD51269c_ds0007,0.7209863199783224,0.14746510367893823,0.0,0.0,0.0,0.0,0.0,0.0,0.1315485763427395,0.0
PD51271c,0.6234052424220243,0.11344268622827662,0.0,0.10061851624158635,0.0,0.0,0.0,0.0,0.16253355510811282,0.0
PD51273c,0.509389485912586,0.11868937501745377,0.13308260060550292,0.07670335973843115,0.1621351787260261,0.0,0.0,0.0,0.0,0.0
PD51274c,0.3755950181528434,0.0891234432991397,0.28736781690819335,0.10397769636385726,0.14393602527596633,0.0,0.0,0.0,0.0,0.0
PD51276c,0.5670288834847454,0.09055117297553951,0.18773002388973337,0.0,0.15468991964998172,0.0,0.0,0.0,0.0,0.0
PD51285c_ds0013,0.4611915743844166,0.0,0.13685170310765585,0.0,0.13841641046047298,0.26354031204745454,0.0,0.0,0.0,0.0
PD51290c,0.5048747162878251,0.1025125076190214,0.14942733149070767,0.1258052772109872,0.1173801673914587,0.0,0.0,0.0,0.0,0.0
PD51293c,0.2574417668340845,0.1197306955094007,0.24610281229813905,0.0,0.21692803708239244,0.0,0.0,0.05068309748679594,0.10911359078918739,0.0
PD51385c_ds0014,0.0,0.0,0.10397315037246772,0.08568145335350329,0.24295052790098018,0.5673948683730489,0.0,0.0,0.0,0.0
PD51389c,0.6317539932951939,0.12040589132571147,0.13696707116000986,0.0,0.0,0.0,0.0,0.0,0.11087304421908478,0.0
PD51510c,0.7425102098290514,0.08970177536701825,0.0953010155648531,0.07248699923907732,0.0,0.0,0.0,0.0,0.0,0.0
PD51511c,0.6467667309187516,0.1035120498893738,0.07879304279451634,0.06875987890511567,0.0,0.0,0.0,0.0,0.10216829749224249,0.0
PD51514c,0.5268270262167432,0.14780766783903893,0.22561562563633744,0.09974968030788038,0.0,0.0,0.0,0.0,0.0,0.0
PD51518c,0.5400018595128513,0.06448464990385981,0.20134266302712764,0.09083963089046317,0.10333119666569826,0.0,0.0,0.0,0.0,0.0
PD51522c,0.4631786543437824,0.09933115451674855,0.11492794388611444,0.0947858414410535,0.13707787053160592,0.0,0.0,0.0,0.0906985352806951,0.0
PD51525c,0.6064525851956836,0.1371503381666099,0.11447767154868846,0.05786154995066906,0.0,0.0,0.0,0.0,0.08405785513834908,0.0
PD51526c_ds0006,0.666427173563249,0.12307204069750166,0.15069611898786525,0.0,0.0,0.0,0.0,0.05980466675138424,0.0,0.0
PD51532c,0.6160168176342069,0.10101424543532334,0.13192373665193677,0.06618041334918556,0.0,0.0,0.0,0.0,0.08486478692934737,0.0
PD51534c,0.6957493445277309,0.0998107209481067,0.09878353375253432,0.0,0.0,0.0,0.0,0.0,0.10565640077162819,0.0
PD51536c,0.0,0.1880375657306599,0.19673294162698993,0.1273514084702639,0.17179030990119393,0.3160877742708923,0.0,0.0,0.0,0.0
PD51540c,0.8225963725071496,0.0,0.0,0.0,0.0,0.0,0.0,0.0,0.1774036274928504,0.0
PD51541d,0.4185477220412363,0.06689736712575982,0.10601922568902318,0.14967370130481158,0.11534254201429182,0.1435194418248774,0.0,0.0,0.0,0.0
PD51542c,0.49828332836972855,0.07736971258472201,0.09717296314726623,0.057161886282420436,0.0,0.2700121096158627,0.0,0.0,0.0,0.0
PD51544d_ds0011,0.4837746486023592,0.1905979050498983,0.09619016689870832,0.10428035922075114,0.0,0.0,0.0,0.0,0.12515692022828295,0.0
PD51545c,0.0,0.16514142890339023,0.20163379040267002,0.12642122569912925,0.26910016907861906,0.0,0.0,0.0,0.23770338591619156,0.0
PD51546c,0.39184397214200467,0.05861556448389972,0.0,0.0,0.14985765913136295,0.39968280424273267,0.0,0.0,0.0,0.0
PD51557c,0.4157522304658345,0.164803797922574,0.33514987848828076,0.08429409312331072,0.0,0.0,0.0,0.0,0.0,0.0
PD51559c,0.370473530494804,0.18104820348079406,0.18106840647175687,0.15713970970715646,0.11027014984548872,0.0,0.0,0.0,0.0,0.0
PD51560c,0.5984282878724828,0.0748320562167009,0.1321324727270499,0.07238922327319004,0.12221795991057634,0.0,0.0,0.0,0.0,0.0
PD51566c,0.6209501048406761,0.07851449151640748,0.15680900474571513,0.059486541601890985,0.08423985729531026,0.0,0.0,0.0,0.0,0.0
PD51567c,0.4730418732049949,0.056826772242048115,0.1349621675351051,0.05958869180014725,0.17743331568553322,0.0,0.0,0.0,0.09814717953217131,0.0
PD51569c,0.41184314418207624,0.09374877884104192,0.10958132610572043,0.0,0.20558961369937448,0.17923713717178685,0.0,0.0,0.0,0.0
PD51579c,0.6699388645959031,0.1251367928091677,0.1329549351271547,0.07196940746777448,0.0,0.0,0.0,0.0,0.0,0.0
PD51582c,0.5055233211765446,0.11841813663400111,0.1044925534898998,0.14499143241481116,0.12657455628474332,0.0,0.0,0.0,0.0,0.0
PD51583c,0.40654918593899786,0.12029055997087856,0.16412688060400107,0.07998000211684775,0.11789510792182968,0.0,0.0,0.0,0.11115826344744505,0.0
PD51584c,0.5015465280929587,0.1398959270456074,0.13883771354981259,0.0,0.21971983131162123,0.0,0.0,0.0,0.0,0.0
PD51585c,0.4268702864319421,0.10336370113883504,0.13057044528707304,0.08138674718320865,0.10988624648280416,0.0,0.0,0.0,0.14792257347613708,0.0
PD51586c,0.522036003501029,0.11080156906082952,0.19681349125185635,0.0,0.17034893618628513,0.0,0.0,0.0,0.0,0.0
PD51587c,0.5382639972435123,0.17531982233938545,0.12862697103690654,0.06274382106208243,0.0,0.0,0.0,0.0,0.09504538831811345,0.0
PD51589c,0.7005172432870342,0.15081214187288733,0.0,0.0,0.0,0.0,0.0380358750702768,0.0,0.11063473976980173,0.0
PD51590c,0.5784272931086327,0.09306096867260431,0.0,0.0,0.1293039460540643,0.0,0.0,0.04680660575171758,0.15240118641298117,0.0
PD51591c,0.4555655276246325,0.0820954176793612,0.10280050608021787,0.08716412978445386,0.1826210607520959,0.0,0.0,0.0,0.08975335807923876,0.0
PD51598c,0.5976890972682211,0.09021141898464488,0.08313216774931177,0.0,0.09849597172862364,0.0,0.0,0.0,0.13047134426919876,0.0
PD51599c,0.5797641889709605,0.14585125048178957,0.09089066621967476,0.0,0.18349389432757526,0.0,0.0,0.0,0.0,0.0
PD51638c,0.31831747841807334,0.0,0.0,0.12297096470469564,0.16960638260487737,0.3891051742723537,0.0,0.0,0.0,0.0
PD51639c,0.39888096242990767,0.1103379766049459,0.2079950224925672,0.0,0.24285734408632234,0.0,0.0,0.039928694386256784,0.0,0.0
PD51640c,0.4415115089602285,0.12020289718972575,0.08342869111958412,0.06547692995743305,0.18089752254777913,0.0,0.0,0.0,0.10848245022524938,0.0
PD51642c_ds0006,0.28449726253234403,0.09482953475222608,0.2288858440175024,0.07896758523383778,0.0,0.23769277180813628,0.03470195054157642,0.04042505111437693,0.0,0.0
PD51643c,0.4164208346080007,0.12706346953326247,0.1222308132322484,0.07250692987029245,0.12355493711932089,0.0,0.02667256169771537,0.02835753949883444,0.08319291444032537,0.0
PD51644c,0.6242824205248556,0.11770832565126195,0.12886701379285476,0.12914224003102762,0.0,0.0,0.0,0.0,0.0,0.0
PD51646c,0.5123729908527451,0.14697421621415013,0.16063884195732778,0.0,0.18001395097577702,0.0,0.0,0.0,0.0,0.0
PD51651c,0.5643792285741319,0.0754706123436148,0.16287686879721958,0.06813183197709438,0.12914145830793936,0.0,0.0,0.0,0.0,0.0
PD51652c,0.36979070560644783,0.1194725756099377,0.1526985605117624,0.076867777416925,0.2811703808549272,0.0,0.0,0.0,0.0,0.0
PD51654c,0.47460268135173095,0.08130236906085023,0.11085772425686742,0.0794261786745949,0.11010736362407053,0.0,0.03743404699776457,0.0,0.10626963603412135,0.0
PD51658c,0.6028532159377081,0.15573550500546704,0.0,0.06541758426361603,0.0,0.0,0.0,0.0,0.17599369479320878,0.0
PD51661c,0.5198549410315162,0.13274249081667636,0.155411037134058,0.059953718952901906,0.13203781206484755,0.0,0.0,0.0,0.0,0.0
PD51667c_ds0006,0.0,0.22301132288478992,0.3395974079011353,0.16917098512624504,0.2682202840878297,0.0,0.0,0.0,0.0,0.0
PD51682c_ds0006,0.4859654122559073,0.0,0.11390177423828861,0.0,0.20893194274083168,0.0,0.048648331415835536,0.0,0.14255253934913692,0.0
PD51695c_ds0005,0.5324917204703392,0.14157829755780588,0.0,0.0,0.0,0.0,0.0,0.08033835324647319,0.24559162872538173,0.0
PD51697c_ds0004,0.5452072087754074,0.10716613181930353,0.17726727095548522,0.1274404761949252,0.0,0.0,0.0,0.04291891225487864,0.0,0.0
PD51702c_ds0007,0.7578384810545443,0.11101379187273606,0.13114772707271963,0.0,0.0,0.0,0.0,0.0,0.0,0.0
PD51705c_ds0007,0.0,0.20073085621772133,0.0,0.15277518449004496,0.2160341901931461,0.4304597690990875,0.0,0.0,0.0,0.0
PD51715c,0.5203259498365519,0.1061622514822229,0.11999915195903815,0.0,0.13353942678117775,0.0,0.0,0.0,0.11997321994100935,0.0
PD51717c,0.5886414711394241,0.06260967565844988,0.12839112748555453,0.06540166290115751,0.15495606281541394,0.0,0.0,0.0,0.0,0.0
PD51720c,0.0,0.0,0.10208720479983079,0.09740559885429474,0.3556329535239932,0.4448742428218813,0.0,0.0,0.0,0.0
PD51721c,0.6051325012599961,0.1287324685092003,0.0,0.0,0.12976773173604403,0.0,0.0,0.0,0.1363672984947595,0.0
PD51723c,0.46950242525714114,0.13763838104694165,0.20011823043332036,0.10909083466196041,0.0,0.0,0.04867276821600923,0.03497736038462738,0.0,0.0
PD51737c_ds0006,0.5612383294833228,0.1513161154319268,0.0,0.0,0.11022040376321729,0.0,0.0,0.0,0.17722515132153316,0.0
PD51742c,0.6368417283217257,0.07930161145971089,0.11425409323642452,0.0,0.1342151817920408,0.0,0.035387385190097966,0.0,0.0,0.0
PD51816c,0.7147777037413561,0.07859679525757343,0.1274344447410239,0.07919105626004662,0.0,0.0,0.0,0.0,0.0,0.0
PD52595b_ds0001,0.3756795152646891,0.0,0.3762665863985768,0.0,0.2480538983367341,0.0,0.0,0.0,0.0,0.0
PD52596b_ds0001,0.47360932545835915,0.1558094151345187,0.11309395176051193,0.10311637109689525,0.0,0.0,0.0,0.0,0.15437093654971504,0.0
PD52597b_ds0001,0.42734662886996183,0.14750708139867041,0.0,0.08811401141349362,0.16318167207730222,0.17385060624057191,0.0,0.0,0.0,0.0
PD52598b_ds0001,0.673890796697754,0.09847037491522002,0.0,0.07735795752444763,0.0,0.0,0.0,0.0,0.15028087086257838,0.0
PD52601b_ds0001,0.5282686099081336,0.07317405393724148,0.12109929390531998,0.09154296431980177,0.0,0.0,0.03979212888477746,0.039724831906040724,0.10639811713868476,0.0
PD52602b_ds0001,0.6309315909623165,0.1590840332370986,0.1310135443120072,0.07897083148857759,0.0,0.0,0.0,0.0,0.0,0.0
PD52603b_ds0001,0.7475598019072065,0.07662942389495406,0.10757149779811721,0.06823927639972209,0.0,0.0,0.0,0.0,0.0,0.0
PD52604b_ds0001,0.7863950673553408,0.08873255904448038,0.0,0.0,0.0,0.0,0.0,0.0,0.12487237360017878,0.0
PD52605b_ds0001,0.5629783719588487,0.10724170048017949,0.1510688333811611,0.17871109417981068,0.0,0.0,0.0,0.0,0.0,0.0
PD52606b_ds0001,0.5306086662526553,0.14174298511731265,0.11553146857723881,0.0,0.115532089717533,0.0,0.0,0.0,0.09658479033526007,0.0
PD52607b_ds0001,0.5973087395593661,0.09183261353226954,0.10950702895637891,0.08270978844798106,0.08691644031296766,0.0,0.0,0.03172538919103665,0.0,0.0
PD52608b_ds0001,0.47000269328035416,0.10887946401277873,0.07934360839020546,0.07404335936412487,0.1479902616354736,0.0,0.0,0.0,0.11974061331706327,0.0
PD52609b_ds0001,0.44053181816174297,0.1275558380158847,0.171288729061319,0.05766555660714824,0.14292389805520003,0.0,0.0,0.06003416009870506,0.0,0.0
PD52610b_ds0001,0.817465458598705,0.0,0.0,0.0,0.0,0.0,0.0,0.0,0.1825345414012949,0.0
PD52611b_ds0001,0.30071709495785076,0.0,0.0,0.0,0.0,0.665093960403179,0.03418894463897018,0.0,0.0,0.0
PD52614b_ds0001,0.6948943384050149,0.06995989198735082,0.0,0.08201798804053431,0.0,0.0,0.03243095938918429,0.0,0.12069682217791583,0.0
PD52615b_ds0001,0.7031142950419117,0.08261176128204492,0.1205792146484977,0.09369472902754564,0.0,0.0,0.0,0.0,0.0,0.0
PD52616b_ds0001,0.36111608407028023,0.11352865720506675,0.11831123166631478,0.09936009009234867,0.18842703418686113,0.0,0.0,0.0,0.11925690277912838,0.0
PD52617b_ds0001,0.4834933505454748,0.07714435335820345,0.09327649511779582,0.06806457809708016,0.1148234125225943,0.1631978103588514,0.0,0.0,0.0,0.0
PD52618b_ds0001,0.42488659769499804,0.08414398435100537,0.07230853162011712,0.0,0.08631198714688666,0.2196171178603797,0.0,0.0,0.11273178132661307,0.0
PD52619b_ds0001,0.7821799602409493,0.08423533236619829,0.13358470739285241,0.0,0.0,0.0,0.0,0.0,0.0,0.0
PD52620b_ds0001,0.590320726993022,0.0,0.33572873252670127,0.0,0.0,0.0,0.07395054048027683,0.0,0.0,0.0
PD52621b_ds0001,0.6288955533545444,0.10594352197837922,0.16860965399940148,0.09655127066767485,0.0,0.0,0.0,0.0,0.0,0.0
PD52622b_ds0001,0.5382646589373847,0.08938344139142233,0.11578354335734299,0.06602110593255436,0.15753779638478863,0.0,0.03300945399650674,0.0,0.0,0.0
PD52623b_ds0001,0.2950313778179976,0.17717823032330823,0.12331963719525794,0.10071692788370243,0.130248832964678,0.17350499381505574,0.0,0.0,0.0,0.0
PD52624b_ds0001,0.5865090828427911,0.11288369215981084,0.14362969395775815,0.06603067946392051,0.09094685157571944,0.0,0.0,0.0,0.0,0.0
PD52626b_ds0001,0.5868176010186951,0.1012690166905753,0.14248356640011894,0.05948593078320364,0.10994388510740714,0.0,0.0,0.0,0.0,0.0
PD52627b_ds0001,0.0,0.08652755725297474,0.29218792279343503,0.0,0.26924232538066406,0.35204219457292624,0.0,0.0,0.0,0.0
PD52628b_ds0001,0.5635195816045816,0.08853384812519029,0.0,0.0,0.0,0.34794657027022813,0.0,0.0,0.0,0.0
PD52630b_ds0001,0.6013084588750635,0.11707339434642357,0.0,0.0,0.10826138382774662,0.0,0.0,0.025916869727712857,0.14743989322305343,0.0
PD52631b_ds0001,0.0,0.0,0.0,0.0,0.0,1.0,0.0,0.0,0.0,0.0
PD52632b_ds0001,0.4452669342140332,0.13339916442358477,0.0,0.11500335410098173,0.15905355919364095,0.14727698806775932,0.0,0.0,0.0,0.0
PD52633b_ds0001,0.3789483816231383,0.0,0.0,0.0,0.2887722496515982,0.28365143355013606,0.0,0.04862793517512742,0.0,0.0
PD52634b_ds0001,0.3221492172890622,0.0992604773048994,0.1421525745532856,0.055014996303788866,0.18607376904028144,0.0,0.0,0.0,0.19534896550868255,0.0
PD52635b_ds0001,0.48891702697373285,0.08364855216035376,0.1748572060032938,0.0,0.16023642731036114,0.0,0.0344077586488423,0.05793302890341604,0.0,0.0
PD52636b_ds0001,0.5583802984589296,0.1246650785062372,0.07604030223185244,0.08780186840122081,0.0,0.0,0.0,0.0,0.15311245240176,0.0
PD52637b_ds0001,0.6011877778095321,0.06953183698544634,0.19352841641084992,0.09940901231370647,0.0,0.0,0.0,0.036342956480465115,0.0,0.0
PD52638b_ds0001,0.46888217394964843,0.12047321766065425,0.13342433099726086,0.08898060964133864,0.0,0.0,0.0,0.0,0.18823966775109768,0.0
PD52640b_ds0001,0.6243385437983799,0.1668515771096569,0.12058083837919503,0.08822904071276809,0.0,0.0,0.0,0.0,0.0,0.0
PD52641b_ds0001,0.47338722582063275,0.11933707810799592,0.08676505451371629,0.059095806000950664,0.1292447047019517,0.0,0.0,0.0,0.13217013085475268,0.0
PD52642b_ds0001,0.4730362924589677,0.15443964135779756,0.09245907366689021,0.05701662298177654,0.13393325544486495,0.0,0.0,0.0,0.08911511408970296,0.0
PD52643b_ds0001,0.5193972894501956,0.1480157350810824,0.11233245174546364,0.0,0.11965044636894734,0.0,0.0,0.0,0.10060407735431107,0.0
PD52644b_ds0001,0.6320376903363887,0.14695706484147963,0.145287404625928,0.07571784019620356,0.0,0.0,0.0,0.0,0.0,0.0
PD52647b_ds0001,0.5427998881881348,0.13791900417831482,0.1207959066629349,0.0,0.0,0.0,0.029654252275839232,0.0,0.16883094869477636,0.0
PD52648b_ds0001,0.3232995256877638,0.1701638232791636,0.15758318274380767,0.09678787227330082,0.1511781136237693,0.0,0.0,0.0,0.10098748239219485,0.0
PD52649b_ds0001,0.3197699250579341,0.08081681112205188,0.10780838184305094,0.11789063858212138,0.15275763870897882,0.22095660468586278,0.0,0.0,0.0,0.0
PD53852b_ds0001,0.5844734548831885,0.12304405247982488,0.17440865674751224,0.08961970857424315,0.0,0.0,0.0,0.028454127315231205,0.0,0.0
PD53854b_ds0001,0.17963187698125743,0.07186393203549807,0.07823796647634579,0.0,0.12417797157692302,0.2134950575599215,0.09284057684819867,0.04638136982524154,0.19337124869661398,0.0
PD55504b_ds0001,0.3468867926569304,0.10599614527186914,0.17715244450242026,0.0,0.18293309549022335,0.0,0.0,0.0,0.18703152207855675,0.0
PD55505b_ds0001,0.3618692956294115,0.0,0.14438963896288118,0.08098738908476898,0.22837326200055294,0.0,0.038651848312595764,0.0,0.14572856600978967,0.0
PD55506b_ds0001,0.37700911808617427,0.08833579773323019,0.16784192336947315,0.09541047679635524,0.15432794844400632,0.0,0.0,0.0,0.11707473557076067,0.0
PD55507b_ds0001,0.0,0.11714083152692945,0.19059995752853373,0.0,0.32965379618362917,0.32787631152692304,0.0,0.03472910323398465,0.0,0.0
PD55508b_ds0001,0.0,0.15468547845116282,0.21655755434215052,0.13025517656136856,0.21387578384867176,0.13468526988287538,0.0,0.0,0.14994073691377113,0.0
PD55509b_ds0001,0.3435053220125895,0.12120928762781975,0.2154843576961643,0.0,0.17125882911055956,0.0,0.0,0.0,0.1485422035528669,0.0
PD55510b_ds0001,0.5187124457864074,0.13912495901785335,0.21409215820404487,0.0,0.12807043699169426,0.0,0.0,0.0,0.0,0.0
PD55511b_ds0001,0.4265188005522157,0.13931906675771696,0.16535385073019324,0.07597050210918074,0.19283777985069334,0.0,0.0,0.0,0.0,0.0
PD55512b_ds0001,0.18741446423773844,0.14294952288163362,0.16217709389314405,0.09769404329378933,0.2489468704131895,0.16081800528050508,0.0,0.0,0.0,0.0
PD55513b_ds0001,0.4641050770996628,0.07449219302259297,0.11697137189388256,0.0,0.1625540740089228,0.0,0.0,0.034348357600346144,0.14752892637459264,0.0
PD55514b_ds0001,0.6272366449073953,0.12797305520175195,0.11257305580538435,0.0,0.13221724408546842,0.0,0.0,0.0,0.0,0.0
PD55515b_ds0001,0.311290882941084,0.12121436757436707,0.23514275773325724,0.08568658916935731,0.24666540258193453,0.0,0.0,0.0,0.0,0.0
PD55516b_ds0001,0.4107979448918238,0.1062426703501278,0.14589773762568492,0.057208800841191745,0.13699578969120677,0.0,0.0,0.0,0.14285705659996498,0.0
PD55517b_ds0001,0.5099602853597754,0.0889768384476155,0.0,0.06853539324067628,0.1411507268396786,0.0,0.0,0.0,0.19137675611225416,0.0
PD55519b_ds0001,0.3908006832990682,0.11371447426450407,0.0,0.19298797662440217,0.3024968658120257,0.0,0.0,0.0,0.0,0.0
PD55520b_ds0001,0.3318093142865484,0.10387158454257647,0.10447701950253047,0.09753794352394493,0.21545616559059128,0.0,0.0,0.0,0.14684797255380835,0.0
PD55521b_ds0001,0.5950270475201155,0.08125496341179697,0.0,0.0,0.1285841403597593,0.0,0.0,0.031319029559285345,0.1638148191490429,0.0
PD55523b_ds0001,0.41139823852520374,0.11332937614904387,0.2018103091681674,0.08336034815583787,0.1901017280017471,0.0,0.0,0.0,0.0,0.0
PD55524b_ds0001,0.19160674290716212,0.17603951675740634,0.11776840600923796,0.0620461389162203,0.17144634663450198,0.15658496459260052,0.0,0.0,0.12450788418287069,0.0
PD55525b_ds0001,0.31716781806038497,0.13026613233924597,0.17009467042594129,0.05745450154936111,0.2325914475363724,0.0,0.0,0.0,0.09242543008869443,0.0
PD55526b_ds0001,0.0,0.19193807533454443,0.45096324852636427,0.10186158163123335,0.19214860081028062,0.0,0.0,0.06308849369757737,0.0,0.0
PD55527b_ds0001,0.48169803837737973,0.15909084158245224,0.08852584217517363,0.0,0.12939533871338194,0.0,0.0,0.035072776681493875,0.10621716247011856,0.0
PD55528b_ds0001,0.0,0.19953311815445138,0.1322661468051325,0.10651481512095852,0.21724800402794417,0.34443791589151346,0.0,0.0,0.0,0.0
PD55529b_ds0001,0.4189338738438582,0.08815552755878461,0.0,0.09977433568569966,0.1606848568857693,0.0,0.0,0.0,0.23245140602588812,0.0
PD55530b_ds0001,0.0,0.09786484695038818,0.4494084180582541,0.0,0.0,0.3666186252739265,0.0,0.08610810971743127,0.0,0.0
PD55531b_ds0001,0.45172219334756536,0.08380150924262719,0.0,0.10185520121968199,0.20116327871180045,0.0,0.0,0.0,0.16145781747832497,0.0
PD55532b_ds0001,0.0,0.0,0.0,0.19259987995229508,0.0,0.807400120047705,0.0,0.0,0.0,0.0
PD55533b_ds0001,0.0,0.09557143474128627,0.16689763652989592,0.0,0.20492978757611638,0.23834117384440617,0.068149460055735,0.0,0.22611050725256038,0.0
PD55534b_ds0001,0.3607780257090278,0.12354928139890006,0.23132717000955302,0.10514571822193375,0.1791998046605854,0.0,0.0,0.0,0.0,0.0
PD55535b_ds0001,0.0,0.0,0.5739850007242518,0.0,0.42601499927574804,0.0,0.0,0.0,0.0,0.0
PD55536b_ds0001,0.5110462796317925,0.09503998379820576,0.1105836582469754,0.06626744383032711,0.18392055021717227,0.0,0.033142084275527096,0.0,0.0,0.0
PD55537b_ds0001,0.3567165207605293,0.07345828309811303,0.18503428891011503,0.08831971623679868,0.1445473226152126,0.0,0.030760072944296307,0.0,0.12116379543493506,0.0
PD55538b_ds0001,0.4008386385062736,0.14701121353981794,0.2062841513114185,0.09590789633228002,0.14995810031020995,0.0,0.0,0.0,0.0,0.0
PD55539b_ds0001,0.37954886673582544,0.10903640618880199,0.19071367037207984,0.0,0.15553773955087918,0.0,0.04808778621702238,0.0,0.11707553093539116,0.0
PD55540b_ds0001,0.31090143053920377,0.1165938649824698,0.17380493837595404,0.0,0.14198952029041462,0.0,0.0,0.0,0.2567102458119579,0.0
PD55541b_ds0001,0.2454017619239143,0.0,0.14377073252137623,0.11757398469966672,0.15559646213453499,0.2975153482005563,0.0,0.040141710519951496,0.0,0.0
PD67534b,0.3104146385579191,0.08805585696167074,0.13190682963394484,0.10666355806221524,0.16051175357913455,0.0,0.0,0.055742453709728676,0.14670490949538678,0.0
PD67535b,0.0,0.0,0.26448386731891554,0.12116024968461149,0.40709397454488233,0.0,0.0,0.0,0.2072619084515906,0.0
PD67536b,0.4908890544199588,0.0871859637523054,0.0,0.16403598600158148,0.2578889958261543,0.0,0.0,0.0,0.0,0.0
PD67537b,0.615694744879182,0.13649489653911426,0.20111276181462015,0.0,0.0,0.0,0.0,0.046697596767083606,0.0,0.0
PD67538b,0.30944146607767875,0.0918093831734281,0.0,0.0,0.2868024053365635,0.0,0.0,0.0,0.3119467454123298,0.0
PD67539b,0.3887742833163523,0.07965436315861045,0.0,0.0951628650233491,0.23042776751320587,0.0,0.0,0.0,0.20598072098848227,0.0
PD67540b,0.35270852318534934,0.18388987833291343,0.13924090928827831,0.07786379908804927,0.2462968901054097,0.0,0.0,0.0,0.0,0.0
PD67541b,0.7134575573736734,0.12848570300319087,0.15805673962313563,0.0,0.0,0.0,0.0,0.0,0.0,0.0
PD67542b,0.42388389159770423,0.10504469229364383,0.09437090558071683,0.0,0.18770587638304703,0.0,0.0,0.0,0.1889946341448882,0.0
PD67543b,0.2602011680144774,0.21910737873030975,0.1784336236348412,0.18204655237387218,0.0,0.0,0.0,0.16021127724649967,0.0,0.0
PD67544b,0.6634306933712198,0.17931593930103384,0.0,0.0,0.0,0.0,0.0,0.0,0.1572533673277463,0.0
PD67545b,0.0,0.25112971389857036,0.13469048265491054,0.14344990371535365,0.2839009925853529,0.18682890714581243,0.0,0.0,0.0,0.0
PD67546b,0.4312201002444612,0.0809992822788575,0.22964905605797678,0.07251616859399931,0.1856153928247052,0.0,0.0,0.0,0.0,0.0
PD67547b,0.3963245772885652,0.09730873469159108,0.12415057297534217,0.0786989954844063,0.18704693861715233,0.0,0.0,0.0,0.11647018094294286,0.0
PD67548b,0.4786114280029437,0.0,0.0,0.0,0.3538731137909677,0.0,0.0,0.0,0.16751545820608854,0.0
PD67549b,0.5755428511633996,0.13957478054869035,0.21194350224550487,0.0729388660424052,0.0,0.0,0.0,0.0,0.0,0.0
PD67550b,0.6732379269077732,0.1420365777935169,0.1002904891192888,0.08443500617942107,0.0,0.0,0.0,0.0,0.0,0.0
PD67551b,0.4189663029431739,0.17107614452291486,0.1109338287598031,0.0,0.24261140412525703,0.0,0.0,0.05641231964885117,0.0,0.0
PD67552b,0.3321907530678688,0.0,0.1268294505205012,0.0,0.3650415875294355,0.0,0.0,0.0,0.17593820888219447,0.0
PD67553b,0.4522114045270174,0.1122207316868295,0.2800829218166404,0.0,0.1554849419695126,0.0,0.0,0.0,0.0,0.0
PD67554b,0.0,0.16139223031827551,0.0,0.13230031500556488,0.26082058081871107,0.44548687385744845,0.0,0.0,0.0,0.0
PD67555b,0.5247922646349739,0.0,0.17457001873906916,0.0710926438220496,0.19335991653596846,0.0,0.03618515626793893,0.0,0.0,0.0
PD67556b,0.342489880871802,0.0,0.1834419564042497,0.11289456944632478,0.2996423225754718,0.0,0.061531270702151704,0.0,0.0,0.0
PD67557b,0.22882340601404927,0.1291777527226413,0.37651353683974326,0.0,0.26548530442356616,0.0,0.0,0.0,0.0,0.0
PD67558b,0.41371734711629155,0.10932384950233033,0.0,0.0,0.13277075292716903,0.0,0.0,0.0,0.3441880504542091,0.0
PD67560b,0.0,0.1153523555877815,0.0,0.17925260390133058,0.41137848628341805,0.29401655422746986,0.0,0.0,0.0,0.0
PD67561b,0.208335393324038,0.08050090083620326,0.17455284567814827,0.0833013241764585,0.20892673959756813,0.0,0.0,0.06037744474503523,0.1840053516425486,0.0
PD67563b,0.5747221808507805,0.08649986397523986,0.0,0.12093389506171298,0.10471178241028836,0.0,0.0,0.0,0.11313227770197837,0.0
PD30346b_ds0001 Glomeruli,0.0,0.153278699465945,0.39454013245511244,0.0,0.0,0.3946974880336494,0.05748368004529323,0.0,0.0,0.0
PD30346b_ds0002 Glomeruli,0.7144485580786403,0.09027180428479468,0.0,0.0,0.0,0.0,0.0,0.0,0.19527963763656506,0.0
PD30346b_ds0003 Proximal_tubules,0.4667633727626747,0.20601442906703094,0.11842027503839832,0.0,0.20880192313189608,0.0,0.0,0.0,0.0,0.0
PD30354c_ds0001 Glomeruli,0.47137844451425903,0.15657334647038124,0.0,0.0,0.0,0.0,0.0,0.0,0.37204820901535973,0.0
PD30354c_ds0002 Glomeruli,0.3642604690251101,0.0,0.3049808202345011,0.0,0.0,0.0,0.07077664105569095,0.0,0.2599820696846978,0.0
PD30354c_ds0003 Proximal_tubules,0.43005382657388025,0.13987310565661124,0.14673588823594172,0.1459547776763867,0.13738240185718006,0.0,0.0,0.0,0.0,0.0
PD30354c_ds0004 Proximal_tubules,0.44523034417695956,0.0,0.0,0.12017768329769862,0.20686343591186637,0.0,0.0,0.0,0.22772853661347547,0.0
PD30356f_ds0001 Glomeruli,0.0,0.2091346308140163,0.16858720296552798,0.0,0.16196267411993678,0.367681992914897,0.0,0.09263349918562196,0.0,0.0
PD30356f_ds0002 Glomeruli,0.46943584954092615,0.0,0.0,0.0,0.30354649995983995,0.0,0.0,0.0,0.22701765049923386,0.0
PD30356f_ds0003 Glomeruli,0.0,0.16399144452270667,0.25754833984321257,0.0,0.26609355431191234,0.0,0.0,0.061413640343805045,0.25095302097836325,0.0
PD30356f_ds0004 Proximal_tubules,0.5326590919052201,0.15796971732859502,0.07993939096485395,0.11938451895485569,0.11004728084647535,0.0,0.0,0.0,0.0,0.0
PD30356f_ds0005 Proximal_tubules,0.6317793830238848,0.1033783848402877,0.2648422321358275,0.0,0.0,0.0,0.0,0.0,0.0,0.0
PD30365b_ds0001 Glomeruli,0.0,0.11505456252311062,0.22692469919048872,0.10813639881957098,0.18150650668109158,0.3200386063595462,0.0,0.04833922642619201,0.0,0.0
PD30365b_ds0002 Glomeruli,0.17903209350410937,0.1151994821385951,0.2644713271231783,0.0,0.21082426749858338,0.0,0.0,0.0,0.23047282973553385,0.0
PD30365b_ds0007 Proximal_tubules,0.6079027429010533,0.13676311607862346,0.0,0.07601060906645324,0.0,0.0,0.0,0.0,0.1793235319538699,0.0
PD30365b_ds0008 Proximal_tubules,0.6939999050697548,0.12273943542586516,0.0,0.07931828106280676,0.0,0.0,0.0,0.0,0.10394237844157318,0.0
PD30365b_ds0009 Distal_tubules,0.3288873102244507,0.12566344439804572,0.0,0.0,0.34240337541694094,0.0,0.04038080883541639,0.0,0.16266506112514628,0.0
PD30367b_ds0001 Glomeruli,0.35662604246090707,0.0,0.643373957539093,0.0,0.0,0.0,0.0,0.0,0.0,0.0
PD30367b_ds0002 Proximal_tubules,0.0,0.0,0.0,0.2735819601421191,0.21728018899742732,0.44717156068857644,0.0,0.06196629017187729,0.0,0.0
PD30367b_ds0003 Proximal_tubules,0.6160006313711032,0.0,0.0,0.195888370304017,0.0,0.0,0.0,0.0,0.1881109983248799,0.0
PD30367b_ds0004 Glomeruli,0.0,0.20833774410010095,0.3914629250974719,0.0,0.19748932719862236,0.0,0.0,0.0,0.20271000360380487,0.0
PD30369b_ds0001 Glomeruli,0.0,0.10296773609443984,0.36087267371765175,0.0,0.16394831329528142,0.37221127689262695,0.0,0.0,0.0,0.0
PD30369b_ds0002 Glomeruli,0.46332745846767137,0.0,0.0,0.0,0.2022732555150127,0.0,0.0,0.0,0.33439928601731606,0.0
PD30369b_ds0003 Proximal_tubules,0.7010451575425137,0.1300885773929669,0.0,0.0,0.0,0.0,0.0,0.0,0.16886626506451932,0.0
PD30369b_ds0004 Proximal_tubules,0.6209531794744519,0.13576859586682047,0.15976193943548528,0.08351628522324227,0.0,0.0,0.0,0.0,0.0,0.0
PD30369b_ds0005 Distal_tubules,0.4621888624955629,0.07890457849238816,0.0,0.08557076233661914,0.37333579667542977,0.0,0.0,0.0,0.0,0.0
PD30378h_ds0001 Glomeruli,0.0,0.21777669883271947,0.4527462582143746,0.0,0.0,0.3294770429529059,0.0,0.0,0.0,0.0
PD30378h_ds0002 Glomeruli,0.0,0.24386644717192715,0.22080968620861177,0.07704191911125093,0.17304396775155217,0.285237979756658,0.0,0.0,0.0,0.0
PD30378h_ds0003 Proximal_tubules,0.521061198181031,0.11539757008285673,0.10139319874157103,0.06551431825604882,0.0,0.0,0.0,0.0,0.19663371473849248,0.0
PD30378h_ds0004 Proximal_tubules,0.6478855907492573,0.16625370366535958,0.08351894833450112,0.10234175725088197,0.0,0.0,0.0,0.0,0.0,0.0
PD30380b_ds0001 Glomeruli,0.4473359147656844,0.24162181950522682,0.0,0.0,0.0,0.3110422657290889,0.0,0.0,0.0,0.0
PD30380b_ds0002 Glomeruli,0.0,0.0,0.13321291196062468,0.0,0.0,0.8000676046016689,0.06671948343770623,0.0,0.0,0.0
PD30380b_ds0003 Proximal_tubules,0.6567794614285805,0.10975069078441317,0.0,0.10048479473943733,0.0,0.0,0.0,0.03788247532167376,0.09510257772589542,0.0
PD30380b_ds0004 Proximal_tubules,0.5501831991573627,0.1471566390307787,0.21614387624187498,0.0,0.0,0.0,0.0,0.08651628556998368,0.0,0.0
PD30380b_ds0005 Distal_tubules,0.38498971973694746,0.0,0.0,0.0,0.435421308944329,0.0,0.0,0.0,0.17958897131872348,0.0
PD30388b_ds0002 Glomeruli,0.3781539808037635,0.18004751492531204,0.29239920285892246,0.0,0.14939930141200214,0.0,0.0,0.0,0.0,0.0
PD30388b_ds0003 Glomeruli,0.20308232316608676,0.0,0.1588394799359453,0.0,0.26046036299196945,0.0,0.0,0.0,0.3776178339059984,0.0
PD30388b_ds0007 Proximal_tubules,0.0,0.14772350841447696,0.17378253703634547,0.1473434596455351,0.24455050587520716,0.28659998902843525,0.0,0.0,0.0,0.0
PD30388b_ds0008 Proximal_tubules,0.28351655962625305,0.0,0.18301731430219825,0.22258820653622777,0.3108779195353209,0.0,0.0,0.0,0.0,0.0
PD30407b_ds0001 Glomeruli,0.0,0.18174729306695117,0.0,0.0,0.18430636567509673,0.0,0.0,0.0,0.6339463412579521,0.0
PD30407b_ds0002 Glomeruli,0.35424675472648137,0.0,0.1639896838669609,0.0,0.22149980593677301,0.0,0.0,0.045938566852716925,0.21432518861706773,0.0
PD30407b_ds0003 Proximal_tubules,0.5404674233769793,0.16195711451382863,0.10876210915633495,0.07596093694814278,0.11285241600471436,0.0,0.0,0.0,0.0,0.0
PD30407b_ds0004 Proximal_tubules,0.5976557985513805,0.09825255800229792,0.15314722076952883,0.15094442267679276,0.0,0.0,0.0,0.0,0.0,0.0
PD41750c_ds0001 Glomeruli,0.39473722915724413,0.0,0.2573583885578642,0.0,0.18204417722903513,0.0,0.0,0.0,0.16586020505585658,0.0
PD41750c_ds0002 Glomeruli,0.38313816773813536,0.1608655450858141,0.25671277677168636,0.0,0.19928351040436412,0.0,0.0,0.0,0.0,0.0
PD41750c_ds0007 Proximal_tubules,0.5171694283552768,0.11129732746648499,0.20682125789820824,0.13296133189277018,0.0,0.0,0.03175065438725973,0.0,0.0,0.0
PD41750c_ds0008 Proximal_tubules,0.570891328014524,0.08761275155774846,0.09035180183371953,0.12026485663823912,0.1308792619557688,0.0,0.0,0.0,0.0,0.0
PD42581c_ds0002 Glomeruli,0.0,0.0,0.0,0.0,0.0,1.0,0.0,0.0,0.0,0.0
PD42581c_ds0003 Glomeruli,0.4239164995029946,0.0,0.24092866557212067,0.0,0.33515483492488474,0.0,0.0,0.0,0.0,0.0
PD42581c_ds0004 Glomeruli,0.0,0.22370569321605482,0.40111338585146766,0.0,0.0,0.0,0.0,0.05718345104287877,0.31799746988959887,0.0
PD42581c_ds0007 Proximal_tubules,1.0,0.0,0.0,0.0,0.0,0.0,0.0,0.0,0.0,0.0
PD42581c_ds0009 Proximal_tubules,0.38497358877397087,0.0,0.29029313800269635,0.0,0.32473327322333284,0.0,0.0,0.0,0.0,0.0
PD42581c_ds0010 Medulla,0.0,0.14042880059964263,0.2609544978414861,0.0,0.0,0.45418386481405704,0.0537061731334798,0.09072666361133455,0.0,0.0
PD42581c_ds0011 Medulla,0.32896581250463336,0.1497359883973786,0.3682266399218959,0.0,0.0,0.0,0.15307155917609225,0.0,0.0,0.0
PD42581c_ds0012 Medulla,0.0,0.20886016640443875,0.0,0.0,0.0,0.5037621769006025,0.0,0.0,0.2873776566949588,0.0
PD42882c_ds0001 Glomeruli,0.0,0.1603086671725535,0.1779038576080141,0.0,0.1978061863271499,0.3846534697079538,0.07932781918432875,0.0,0.0,0.0
PD42882c_ds0002 Glomeruli,0.6190553417307209,0.20585951360692523,0.0,0.0,0.0,0.0,0.0,0.0,0.17508514466235398,0.0
PD42882c_ds0003 Medulla,0.6229676903606074,0.19363025764836778,0.0,0.0,0.0,0.0,0.0,0.0,0.1834020519910248,0.0
PD42882c_ds0004 Medulla,0.456898503671995,0.14251633081668616,0.1551534560840373,0.0,0.11646173505981004,0.0,0.0,0.0,0.12896997436747143,0.0
PD42882c_ds0005 Medulla,0.0,0.12682783527069605,0.2784718692040839,0.14292893248211014,0.24455618878355,0.15248551674512348,0.0,0.05472965751443648,0.0,0.0
PD42882c_ds0006 Proximal_tubules,0.5531990715224017,0.1582191772668177,0.0,0.0,0.16624035933526868,0.0,0.0,0.0,0.12234139187551198,0.0
PD42882c_ds0007 Proximal_tubules,1.0,0.0,0.0,0.0,0.0,0.0,0.0,0.0,0.0,0.0
PD42885c_ds0001 Glomeruli,0.0,0.12676152946589153,0.0,0.1607750670624231,0.0,0.5694483227391174,0.0,0.143015080732568,0.0,0.0
PD42885c_ds0006 Proximal_tubules,0.0,0.0,0.22680829074268027,0.0,0.0,0.5094663279525173,0.0,0.0,0.26372538130480244,0.0
PD42885c_ds0007 Proximal_tubules,0.3069530306028311,0.0,0.21263513937537667,0.0,0.16959497913291433,0.3108168508888779,0.0,0.0,0.0,0.0
PD42885c_ds0011 Glomeruli,0.0,0.0,0.2231707139286949,0.2842512750044556,0.49257801106684945,0.0,0.0,0.0,0.0,0.0
PD42885c_ds0012 Glomeruli,0.5153998038459078,0.0,0.15605426400761555,0.0,0.2319130361969022,0.0,0.0966328959495744,0.0,0.0,0.0
PD42885c_ds0014 Medulla,0.0,0.1564580567109821,0.0,0.0,0.23498569865230273,0.2451875538724738,0.0,0.0,0.36336869076424144,0.0
PD42885c_ds0015 Medulla,0.4904667184440734,0.0,0.0,0.0,0.0,0.0,0.0,0.0,0.5095332815559266,0.0
PD42885c_ds0016 Medulla,0.0,0.0,0.21219391492917342,0.1856656548270078,0.43143068466845513,0.0,0.08374341280568157,0.08696633276968208,0.0,0.0
PD42885c_ds0017 Proximal_tubules,0.32362081845061863,0.24679188022281823,0.1267767758907766,0.08410652644219296,0.0,0.0,0.0,0.0,0.21870399899359355,0.0
PD42885c_ds0019 Proximal_tubules,0.0,0.09651269613813628,0.18298862388890663,0.09408189034208989,0.2071358357509451,0.419280953879922,0.0,0.0,0.0,0.0
PD42885c_ds0020 Distal_tubules,0.0,0.0,0.0,0.29165167093611394,0.3828940384256874,0.0,0.0,0.0,0.3254542906381987,0.0
PD42887c_ds0001 Distal_tubules,0.3975374791314713,0.0,0.0,0.11439213419606525,0.26866689753155204,0.21940348914091146,0.0,0.0,0.0,0.0
PD42887c_ds0002 Medulla,0.6160745780894228,0.10444972113812506,0.1617441211945578,0.0,0.11773157957789439,0.0,0.0,0.0,0.0,0.0
PD42887c_ds0003 Medulla,0.0,0.0,0.2804817471197899,0.09389852904787904,0.21171587007176892,0.4139038537605621,0.0,0.0,0.0,0.0
PD42887c_ds0004 Medulla,0.0,0.13254997806793464,0.1417179831768006,0.09421836327703428,0.22912628942240354,0.40238738605582697,0.0,0.0,0.0,0.0
PD42887c_ds0005 Glomeruli,0.3858460799110641,0.0,0.0,0.0,0.0,0.3555475712120506,0.0,0.0,0.2586063488768852,0.0
PD42887c_ds0006 Glomeruli,0.0,0.08462174931227565,0.22074262351468266,0.0,0.1682784777006995,0.4683168481923611,0.0,0.058040301279981124,0.0,0.0
PD42887c_ds0007 Glomeruli,0.0,0.17519273883991376,0.37123386721504403,0.0,0.14087399072629597,0.259893306155651,0.05280609706309522,0.0,0.0,0.0
PD42887c_ds0008 Proximal_tubules,0.4853894256310178,0.056285961099517966,0.06264030980644723,0.06726569030148845,0.0,0.32841861316152854,0.0,0.0,0.0,0.0
PD42887c_ds0009 Proximal_tubules,0.30034578327266187,0.09869532587547847,0.0,0.0,0.0,0.6009588908518597,0.0,0.0,0.0,0.0
PD42893c_ds0001 Glomeruli,0.5715166037152459,0.0,0.0,0.0,0.0,0.0,0.05507072616670886,0.0,0.37341267011804524,0.0
PD42893c_ds0002 Glomeruli,0.0,0.158668270780765,0.17560155882467102,0.0,0.23005182274397507,0.435678347650589,0.0,0.0,0.0,0.0
PD42893c_ds0003 Glomeruli,0.0,0.10870031545092392,0.17765304619599045,0.0,0.18733343112442247,0.44256308411851364,0.0,0.08375012311014939,0.0,0.0
PD42893c_ds0004 Proximal_tubules,0.6079445123726783,0.0839364493732444,0.0,0.09100909870069021,0.0,0.0,0.0,0.0,0.21710993955338706,0.0
PD42893c_ds0005 Proximal_tubules,0.6265179341490184,0.1734916970373256,0.19999036881365603,0.0,0.0,0.0,0.0,0.0,0.0,0.0
PD42893c_ds0006 Proximal_tubules,0.5545947354917412,0.13777908602145755,0.0,0.0,0.14855343817379096,0.0,0.0,0.0,0.15907274031301027,0.0
PD42893c_ds0007 Medulla,0.7153446567568215,0.1565877448237918,0.12806759841938659,0.0,0.0,0.0,0.0,0.0,0.0,0.0
PD42893c_ds0008 Medulla,0.6807968478069135,0.08895165953153197,0.23025149266155437,0.0,0.0,0.0,0.0,0.0,0.0,0.0
PD42893c_ds0009 Medulla,0.5314851071191788,0.14404449914528789,0.0,0.0,0.16490641832211883,0.0,0.0,0.0,0.15956397541341447,0.0
PD42893c_ds0011 Proximal_tubules,0.8999102626557111,0.0,0.0,0.0,0.0,0.0,0.10008973734428903,0.0,0.0,0.0
PD42894c_ds0001 Proximal_tubules,0.518001338171363,0.10706740403345788,0.0,0.07654040795219987,0.0,0.2983908498429793,0.0,0.0,0.0,0.0
PD42894c_ds0002 Proximal_tubules,0.7488518690070194,0.10416880749819285,0.0,0.06313197782171083,0.0,0.0,0.0,0.0,0.08384734567307685,0.0
PD42894c_ds0003 Medulla,0.5026942977539702,0.16356622788843211,0.1977002572249141,0.0,0.0,0.0,0.0,0.0,0.13603921713268355,0.0
PD42894c_ds0004 Medulla,0.2599129988059664,0.11134427433284515,0.0,0.0,0.30746346946518743,0.0,0.0,0.0,0.32127925739600105,0.0
PD42894c_ds0005 Glomeruli,0.0,0.0,0.21744937599307862,0.1302047414738193,0.17579061365325652,0.4765552688798456,0.0,0.0,0.0,0.0
PD42894c_ds0006 Glomeruli,0.3313893249690523,0.18689206852746373,0.18402044532378273,0.0,0.1221078361976751,0.17559032498202598,0.0,0.0,0.0,0.0
PD42894c_ds0007 Glomeruli,0.30044904144748086,0.15945383901352828,0.0,0.0,0.0,0.3509564371202501,0.0,0.0,0.1891406824187408,0.0
PD42894c_ds0008 Distal_tubules,0.6216340477856221,0.13437048746303643,0.10194817833835351,0.0,0.14204728641298783,0.0,0.0,0.0,0.0,0.0
PD42905c_ds0001 Medulla,0.0,0.0,0.15612158515149882,0.0,0.3585345939920368,0.4853438208564642,0.0,0.0,0.0,0.0
PD42905c_ds0002 Medulla,0.44574217941004207,0.07515418024781338,0.1037386324946342,0.0,0.14558348294184192,0.19751227564044502,0.03226924926522348,0.0,0.0,0.0
PD42905c_ds0003 Medulla,0.3338948833474566,0.14171740046939915,0.09872893479496252,0.0,0.304848967638823,0.0,0.0,0.0,0.1208098137493588,0.0
PD42905c_ds0004 Proximal_tubules,0.3427578370009236,0.0,0.0,0.0,0.0,0.6572421629990765,0.0,0.0,0.0,0.0
PD42905c_ds0005 Glomeruli,0.2549911707262053,0.0,0.0,0.0,0.26871715450850214,0.3016883015714584,0.0,0.0,0.17460337319383412,0.0
PD42905c_ds0006 Glomeruli,0.0,0.0,0.1449801086188814,0.0,0.0,0.752790131961474,0.10222975941964459,0.0,0.0,0.0
PD42905c_ds0007 Glomeruli,0.0,0.0,0.0,0.0,0.0,0.6055166327485422,0.0,0.0,0.3944833672514579,0.0
PD42905c_ds0009 Proximal_tubules,0.589696321848873,0.0,0.0,0.0,0.0,0.41030367815112695,0.0,0.0,0.0,0.0
PD42905c_ds0010 Proximal_tubules,0.47479271764911885,0.0,0.0,0.0,0.0,0.5252072823508812,0.0,0.0,0.0,0.0
PD43850n_ds0020 Glomeruli,0.6223251769421646,0.0,0.0,0.0,0.0,0.0,0.0,0.0,0.37767482305783545,0.0
PD43850n_ds0022 Glomeruli,0.0,0.0,0.3085232932077456,0.18707059088590608,0.0,0.5044061159063484,0.0,0.0,0.0,0.0
PD43850n_ds0028 Medulla,0.21235796276641938,0.22750826157651755,0.14220667321538524,0.07415891425437673,0.0,0.3437681881873011,0.0,0.0,0.0,0.0
PD43850n_ds0029 Medulla,0.6415756071014576,0.12964081029036065,0.0,0.0,0.0,0.0,0.047154970984026684,0.0,0.1816286116241551,0.0
PD43850n_ds0030 Medulla,0.46580136806835404,0.16425340313444972,0.13265003472542428,0.0,0.1939352992753797,0.0,0.0,0.043359894796392205,0.0,0.0
PD43850n_ds0031 Proximal_tubules,0.6093953493027154,0.0,0.12884479095972656,0.11507647345804223,0.14668338627951572,0.0,0.0,0.0,0.0,0.0
PD43850n_ds0032 Proximal_tubules,0.3216457266978052,0.09484591871415506,0.20765342752459093,0.14282900379768523,0.1950742747377913,0.0,0.037951648527972226,0.0,0.0,0.0
PD43850n_ds0033 Proximal_tubules,0.32229047613094525,0.1124216232852228,0.1687787001686167,0.16234017371737608,0.23416902669783918,0.0,0.0,0.0,0.0,0.0
PD43851o_ds0001 Glomeruli,0.0,0.15569487074144792,0.0,0.09019860909540967,0.0,0.37827199766924097,0.05657062714869527,0.0,0.3192638953452061,0.0
PD43851o_ds0002 Glomeruli,0.5285214743803269,0.08766158720647813,0.14798609461808213,0.0,0.0,0.0,0.0,0.0,0.2358308437951129,0.0
PD43851o_ds0006 Proximal_tubules,0.5633309784363845,0.09771421410100742,0.14261373897804117,0.0982820257709432,0.0,0.0,0.0,0.0,0.09805904271362374,0.0
PD43851o_ds0007 Proximal_tubules,0.632680512604662,0.08426950675413179,0.0,0.11705053639799394,0.0,0.16599944424321236,0.0,0.0,0.0,0.0
PD43851o_ds0008 Proximal_tubules,0.46811972254414574,0.1594504012195916,0.1940153424509261,0.14652257057739754,0.0,0.0,0.0,0.03189196320793905,0.0,0.0
PD43851o_ds0009 Medulla,0.45459005693018123,0.12979985631798696,0.0,0.0,0.14685867974541647,0.0,0.0,0.0,0.26875140700641525,0.0
PD43851o_ds0010 Glomeruli,0.2112594483964332,0.11399164793141682,0.2654216851401517,0.0,0.20320879256839175,0.0,0.0,0.0,0.2061184259636065,0.0
PD46710c_ds0001 Glomeruli,0.7236697389488825,0.27633026105111747,0.0,0.0,0.0,0.0,0.0,0.0,0.0,0.0
PD46710c_ds0002 Glomeruli,0.4531839753419388,0.0,0.0,0.0,0.0,0.45766151068742167,0.08915451397063943,0.0,0.0,0.0
PD46710c_ds0003 Medulla,0.766372277200713,0.15735876242137212,0.0,0.07626896037791495,0.0,0.0,0.0,0.0,0.0,0.0
PD46710c_ds0004 Medulla,0.5637125163857178,0.12561399229160317,0.0,0.06339453869327562,0.10121527666888439,0.0,0.0,0.03608139872765307,0.10998227723286584,0.0
PD46710c_ds0005 Medulla,0.33710320955513307,0.2536754615332401,0.21673644076592247,0.0,0.19248488814570436,0.0,0.0,0.0,0.0,0.0
PD46710c_ds0006 Proximal_tubules,0.6448381670500489,0.08727070821571127,0.12920664912633498,0.09815938096953214,0.0,0.0,0.0,0.040525094638372595,0.0,0.0
PD46710c_ds0007 Proximal_tubules,0.8171752265291284,0.10855037444998117,0.0,0.07427439902089046,0.0,0.0,0.0,0.0,0.0,0.0
PD46860c_ds0001 Glomeruli,0.0,0.0,0.5485113607740905,0.0,0.39570792404861777,0.0,0.055780715177291794,0.0,0.0,0.0
PD46860c_ds0002 Proximal_tubules,0.7374577865636501,0.12134880566609486,0.14119340777025488,0.0,0.0,0.0,0.0,0.0,0.0,0.0
PD46860c_ds0003 Proximal_tubules,0.7675531717929305,0.1503697161601164,0.08207711204695309,0.0,0.0,0.0,0.0,0.0,0.0,0.0
PD46860c_ds0004 Medulla,0.895506188904676,0.10449381109532394,0.0,0.0,0.0,0.0,0.0,0.0,0.0,0.0
PD46866c_ds0001 Glomeruli,0.0,0.21510202886566343,0.0,0.0,0.0,0.7848979711343366,0.0,0.0,0.0,0.0
PD46866c_ds0002 Glomeruli,0.0,0.0,0.32746474510762097,0.0,0.0,0.6725352548923791,0.0,0.0,0.0,0.0
PD46866c_ds0004 Proximal_tubules,0.683475456880571,0.0,0.0,0.11663060509532722,0.0,0.0,0.0,0.0,0.19989393802410177,0.0
PD46866c_ds0005 Medulla,0.0,0.0,0.0,0.0,0.0,1.0,0.0,0.0,0.0,0.0
PD46866c_ds0006 Medulla,0.2637247240913693,0.32250284442450594,0.0,0.0,0.19996649536743083,0.0,0.0,0.07920748959317417,0.1345984465235197,0.0
PD46868c_ds0001 Glomeruli,0.6755331302940052,0.0,0.2294611231044277,0.0,0.0,0.0,0.0,0.09500574660156712,0.0,0.0
PD46868c_ds0002 Medulla,0.8258732657378318,0.0,0.0,0.17412673426216813,0.0,0.0,0.0,0.0,0.0,0.0
PD46868c_ds0003 Medulla,0.6536058608158604,0.19429629722028136,0.0,0.09892831633084781,0.0,0.0,0.0,0.053169525633010424,0.0,0.0
PD46868c_ds0004 Medulla,0.0,0.0,0.0,0.0,0.0,0.8624598900310354,0.0688385630657425,0.06870154690322214,0.0,0.0
PD46868c_ds0005 Proximal_tubules,0.6199557332432645,0.1477687595750539,0.09487417192484714,0.1374013352568344,0.0,0.0,0.0,0.0,0.0,0.0
PD46868c_ds0006 Proximal_tubules,0.5698219645944042,0.18487310582057065,0.0,0.2453049295850251,0.0,0.0,0.0,0.0,0.0,0.0
PD46885c_ds0001 Glomeruli,0.5360059699663051,0.07952098708141041,0.20705359548474384,0.0,0.1774194474675406,0.0,0.0,0.0,0.0,0.0
PD46885c_ds0002 Proximal_tubules,0.7341547504456862,0.1196109918807605,0.09359062643840423,0.05264363123514904,0.0,0.0,0.0,0.0,0.0,0.0
PD46891c_ds0001 Glomeruli,0.9337710248404847,0.0,0.0,0.0,0.0,0.0,0.0662289751595153,0.0,0.0,0.0
PD46891c_ds0008 Medulla,0.8363101862488445,0.16368981375115557,0.0,0.0,0.0,0.0,0.0,0.0,0.0,0.0
PD46891c_ds0009 Medulla,1.0,0.0,0.0,0.0,0.0,0.0,0.0,0.0,0.0,0.0
PD46891c_ds0010 Proximal_tubules,0.6388314156547464,0.1197080424339315,0.14223367431935666,0.09922686759196551,0.0,0.0,0.0,0.0,0.0,0.0
PD46891c_ds0011 Proximal_tubules,0.46775580483232176,0.1495246685917417,0.1479171291385537,0.11590761198599911,0.11889478545138366,0.0,0.0,0.0,0.0,0.0
PD47586c_ds0001 Glomeruli,0.0,0.11945608278500756,0.41543193832915576,0.0,0.27197217708242194,0.19313980180341464,0.0,0.0,0.0,0.0
PD47586c_ds0002 Glomeruli,0.5226197491089452,0.0,0.13217226592126208,0.0,0.164896596603608,0.0,0.0,0.0,0.18031138836618474,0.0
PD47586c_ds0003 Proximal_tubules,0.0,0.1358676911260181,0.21964417947461348,0.2007920809236227,0.2524958947579933,0.19120015371775248,0.0,0.0,0.0,0.0
PD47586c_ds0004 Proximal_tubules,0.3515090364075823,0.08463251176027944,0.15256231349391397,0.12872811695408967,0.28256802138413456,0.0,0.0,0.0,0.0,0.0
PD47586c_ds0005 Medulla,0.4778965720295052,0.12491076078199638,0.0,0.13038444054808657,0.1717499187722252,0.0,0.09505830786818667,0.0,0.0,0.0
PD47586c_ds0006 Medulla,0.0,0.19218101548510885,0.18588756197865805,0.0,0.1749898858888041,0.21932864436374575,0.0,0.05099612656649245,0.1766167657171908,0.0
PD47592c_ds0001 Glomeruli,0.30006090054175694,0.14894085288965794,0.0,0.0,0.0,0.20020193992377766,0.04107787483866557,0.0,0.30971843180614195,0.0
PD47592c_ds0002 Proximal_tubules,0.4466301101690987,0.12684013047035278,0.11802726323380486,0.13167464494546033,0.0,0.17682785118128336,0.0,0.0,0.0,0.0
PD47596c_ds0001 Glomeruli,0.5288167368869622,0.0,0.16754816202881426,0.0,0.1729538002545908,0.0,0.0,0.0,0.13068130082963267,0.0
PD47596c_ds0002 Medulla,0.5287589716497969,0.09489242182780286,0.17867942993121755,0.0,0.19766917659118277,0.0,0.0,0.0,0.0,0.0
PD47596c_ds0003 Medulla,0.4771979320968348,0.0,0.20015476906449825,0.09939503566679632,0.16558625676822908,0.0,0.057666006403641605,0.0,0.0,0.0
PD47596c_ds0004 Medulla,0.547706019293294,0.0,0.45229398070670607,0.0,0.0,0.0,0.0,0.0,0.0,0.0
PD47596c_ds0005 Proximal_tubules,0.7183697025881973,0.13011418731638755,0.06220672078389349,0.08930938931152142,0.0,0.0,0.0,0.0,0.0,0.0
PD48869c_ds0001 Medulla,0.0,0.0,0.32240952540138496,0.0,0.0,0.559825173251089,0.0,0.11776530134752593,0.0,0.0
PD48869c_ds0002 Medulla,0.3181012341327373,0.0,0.36940029907229055,0.13338057475118445,0.17911789204378772,0.0,0.0,0.0,0.0,0.0
PD48869c_ds0003 Glomeruli,0.5002054881577996,0.0,0.20033527248403957,0.0,0.2994592393581607,0.0,0.0,0.0,0.0,0.0
PD48869c_ds0004 Proximal_tubules,0.6043665179858355,0.0,0.11644352556565163,0.22966392293533136,0.0,0.0,0.0495260335131814,0.0,0.0,0.0
PD50153c_ds0001 Medulla,0.279785264847715,0.13397371104102265,0.2337932011729626,0.09668506608930186,0.255762756848998,0.0,0.0,0.0,0.0,0.0
PD50153c_ds0002 Medulla,0.0,0.0,0.21151255994814402,0.0,0.29253048119466235,0.4265789026161255,0.06937805624106824,0.0,0.0,0.0
PD50153c_ds0003 Medulla,0.0,0.0,0.6201424971646227,0.0,0.32852510550082353,0.0,0.051332397334553824,0.0,0.0,0.0
PD50153c_ds0004 Glomeruli,0.0,0.10444382614310899,0.40385844838452045,0.0,0.25455305717798105,0.0,0.04665489615200717,0.0,0.1904897721423824,0.0
PD50153c_ds0005 Proximal_tubules,0.6141714560882224,0.19239944581760293,0.07896519217034888,0.11446390592382562,0.0,0.0,0.0,0.0,0.0,0.0
PD50165c_ds0001 Glomeruli,0.0,0.0,0.0,0.0,0.0,1.0,0.0,0.0,0.0,0.0
PD50165c_ds0002 Glomeruli,0.43678801404914247,0.11588669289997125,0.1843303789300402,0.0,0.262994914120846,0.0,0.0,0.0,0.0,0.0
PD50165c_ds0003 Medulla,0.0,0.22478409611751193,0.1767129760078719,0.23095887434886922,0.0,0.367544053525747,0.0,0.0,0.0,0.0
PD50165c_ds0004 Medulla,0.0,0.12212199542259643,0.2342295007880017,0.0,0.3354956563610093,0.0,0.0,0.0,0.3081528474283927,0.0
PD50165c_ds0005 Medulla,0.0,0.0,0.35637983297956266,0.0,0.36349079317076644,0.0,0.0,0.0,0.2801293738496709,0.0
PD50165c_ds0006 Distal_tubules,0.0,0.138674974711419,0.3134297269729102,0.216614827536328,0.274524602316708,0.0,0.05675586846263485,0.0,0.0,0.0
PD50165c_ds0007 Proximal_tubules,0.0,0.23875294166941963,0.3055956165224543,0.15972384519554436,0.29592759661258167,0.0,0.0,0.0,0.0,0.0
PD50165c_ds0008 Proximal_tubules,0.0,0.0,0.0,0.0,0.3547589775657537,0.6452410224342464,0.0,0.0,0.0,0.0
PD50168c_ds0002 Medulla,0.73775660723558,0.26224339276441994,0.0,0.0,0.0,0.0,0.0,0.0,0.0,0.0
PD50168c_ds0004 Glomeruli,0.0,0.0,1.0,0.0,0.0,0.0,0.0,0.0,0.0,0.0
PD50168c_ds0005 Glomeruli,0.0,0.16162782600251693,0.4699179332370159,0.0,0.0,0.3684542407604671,0.0,0.0,0.0,0.0
PD50168c_ds0006 Proximal_tubules,0.6728287782713454,0.0,0.1557117040960576,0.17145951763259698,0.0,0.0,0.0,0.0,0.0,0.0
PD50168c_ds0007 Proximal_tubules,0.8812424157118594,0.11875758428814062,0.0,0.0,0.0,0.0,0.0,0.0,0.0,0.0
PD50171c_ds0002 Glomeruli,0.0,0.24514351826703715,0.0,0.0,0.0,0.6618560011725725,0.09300048056039037,0.0,0.0,0.0
PD50171c_ds0003 Glomeruli,0.0,0.0,0.26996522269812695,0.0,0.0,0.6460361286475395,0.0,0.08399864865433353,0.0,0.0
PD50171c_ds0004 Glomeruli,0.0,0.0,0.354356234868827,0.0,0.0,0.645643765131173,0.0,0.0,0.0,0.0
PD50171c_ds0007 Proximal_tubules,0.2641210417887041,0.0,0.0,0.21835389084769696,0.34797408600905483,0.0,0.0,0.0,0.16955098135454408,0.0
PD50171c_ds0008 Proximal_tubules,0.6021665869856289,0.0,0.0,0.0,0.39783341301437114,0.0,0.0,0.0,0.0,0.0
PD50171c_ds0009 Proximal_tubules,0.4958860458845279,0.0,0.3015656241574191,0.2025483299580529,0.0,0.0,0.0,0.0,0.0,0.0
PD50171c_ds0010 Medulla,0.0,0.22604758151779603,0.382317230412755,0.0,0.0,0.0,0.0,0.12111608594058859,0.2705191021288604,0.0
PD50171c_ds0011 Medulla,0.0,0.39420756827398384,0.0,0.0,0.0,0.0,0.0,0.0,0.6057924317260162,0.0
PD50171c_ds0012 Medulla,0.6536373918105334,0.0,0.0,0.0,0.0,0.0,0.0,0.0,0.3463626081894666,0.0
PD50297s_ds0001 Glomeruli,0.0,0.0,0.2151783706364679,0.0,0.0,0.6828387072314978,0.10198292213203433,0.0,0.0,0.0
PD50297s_ds0004 Glomeruli,0.0,0.0,1.0,0.0,0.0,0.0,0.0,0.0,0.0,0.0
PD50297s_ds0010 Glomeruli,0.0,0.0,0.4043772948129032,0.2418755391471727,0.27961327471322167,0.0,0.0741338913267024,0.0,0.0,0.0
PD50297s_ds0011 Glomeruli,0.6021028962069497,0.19100643423805688,0.0,0.0,0.0,0.0,0.10625948301217088,0.10063118654282253,0.0,0.0
PD50297s_ds0013 Medulla,0.0,0.0,0.25112501470002435,0.0,0.0,0.6133098832197624,0.13556510208021327,0.0,0.0,0.0
PD50297s_ds0014 Medulla,0.8527132033351673,0.0,0.0,0.0,0.0,0.0,0.0,0.14728679666483263,0.0,0.0
PD50297s_ds0015 Proximal_tubules,0.8991108537678284,0.0,0.0,0.0,0.0,0.0,0.0,0.10088914623217166,0.0,0.0
PD50297s_ds0016 Proximal_tubules,0.35773605920395757,0.0,0.3086862685425779,0.21639000633851158,0.0,0.0,0.117187665914953,0.0,0.0,0.0
PD50297s_ds0017 Proximal_tubules,0.8093536840470783,0.0,0.0,0.19064631595292172,0.0,0.0,0.0,0.0,0.0,0.0
PD50297s_ds0018 Distal_tubules,0.0,0.340415782335849,0.207348986032034,0.0,0.36250328607294485,0.0,0.08973194555917222,0.0,0.0,0.0
PD50297s_ds0019 Medulla,0.0,0.0,0.0,0.0,0.2368059108137837,0.0,0.0,0.2935171569236959,0.46967693226252044,0.0
PD50630c_ds0001 Glomeruli,0.0,0.158733977326222,0.33005550262339095,0.08938265992559338,0.14521417228076464,0.276613687844029,0.0,0.0,0.0,0.0
PD50630c_ds0002 Proximal_tubules,0.7083712963469853,0.11163330224025901,0.11699055368429509,0.06300484772846066,0.0,0.0,0.0,0.0,0.0,0.0
PD51213c_ds0001 Medulla,0.0,0.16625337513623112,0.4369998530302334,0.0,0.0,0.0,0.0,0.0,0.39674677183353546,0.0
PD51213c_ds0002 Medulla,0.0,0.0,0.22513753282855745,0.0,0.46847423989589926,0.3063882272755433,0.0,0.0,0.0,0.0
PD51213c_ds0003 Glomeruli,0.46559914390846535,0.15280123809801874,0.3815996179935159,0.0,0.0,0.0,0.0,0.0,0.0,0.0
PD51213c_ds0004 Glomeruli,0.5772796716497932,0.0,0.0,0.0,0.0,0.0,0.11664670550083092,0.0,0.3060736228493759,0.0
PD51213c_ds0005 Proximal_tubules,0.6684254498428638,0.1154159188290673,0.0,0.0,0.0,0.0,0.0,0.0,0.2161586313280689,0.0
PD51227c_ds0001 Glomeruli,0.2788232220189085,0.0,0.46467009286181976,0.0,0.0,0.0,0.0,0.0,0.2565066851192717,0.0
PD51227c_ds0002 Glomeruli,0.0,0.0,0.47781410576753264,0.0,0.0,0.5221858942324673,0.0,0.0,0.0,0.0
PD51227c_ds0003 Glomeruli,0.21979631400316,0.14363950832937658,0.36848565324037463,0.0,0.26807852442708874,0.0,0.0,0.0,0.0,0.0
PD51227c_ds0004 Medulla,0.6623561005177531,0.07861828449064606,0.16666890411968274,0.09235671087191827,0.0,0.0,0.0,0.0,0.0,0.0
PD51227c_ds0006 Medulla,0.4407619980288087,0.0,0.0,0.0,0.2437615940199332,0.3154764079512582,0.0,0.0,0.0,0.0
PD51227c_ds0007 Proximal_tubules,0.6467699244912113,0.10826980581838916,0.17041368124251624,0.07454658844788324,0.0,0.0,0.0,0.0,0.0,0.0
PD51227c_ds0008 Proximal_tubules,0.5488484093970769,0.11112470658280973,0.0,0.097597035672256,0.12129611173901568,0.12113373660884161,0.0,0.0,0.0,0.0
PD51269c_ds0001 Medulla,0.0,0.3065808081209203,0.2054342949524095,0.0,0.2233302391438588,0.0,0.0,0.04630826028678768,0.21834639749602375,0.0
PD51269c_ds0002 Medulla,0.0,0.0,0.30157917735698503,0.19696022213441636,0.17557565964623176,0.32588494086236697,0.0,0.0,0.0,0.0
PD51269c_ds0003 Glomeruli,0.48103027453387565,0.2689677838056151,0.0,0.0,0.0,0.0,0.0,0.04356439670948042,0.20643754495102884,0.0
PD51269c_ds0004 Glomeruli,0.3191280474284091,0.2171700655900002,0.4146182197839614,0.0,0.0,0.0,0.04908366719762936,0.0,0.0,0.0
PD51269c_ds0005 Proximal_tubules,0.7646174650105652,0.1063808998166388,0.0,0.12900163517279598,0.0,0.0,0.0,0.0,0.0,0.0
PD51269c_ds0006 Proximal_tubules,0.7923110067557086,0.20768899324429127,0.0,0.0,0.0,0.0,0.0,0.0,0.0,0.0
PD51285c_ds0001 Glomeruli,0.0,0.1501313043737956,0.33798591639439085,0.0,0.23081420726959093,0.0,0.0,0.07717203875940366,0.20389653320281892,0.0
PD51285c_ds0002 Glomeruli,0.0,0.0,0.0,0.0,0.0,0.5421190305425537,0.22075600143173105,0.2371249680257152,0.0,0.0
PD51285c_ds0003 Glomeruli,0.0,0.0,0.505178553317254,0.0,0.0,0.0,0.0,0.0,0.4948214466827459,0.0
PD51285c_ds0007 Proximal_tubules,0.6075010269348258,0.0,0.12984697711705231,0.09370477566280581,0.16894722028531617,0.0,0.0,0.0,0.0,0.0
PD51285c_ds0008 Proximal_tubules,0.6331187430584152,0.09015796766279954,0.0,0.0,0.0,0.0,0.0,0.0,0.2767232892787852,0.0
PD51285c_ds0010 Medulla,0.4644109681062512,0.21516469293138907,0.0,0.0,0.0,0.0,0.05796125249972409,0.0,0.2624630864626356,0.0
PD51285c_ds0011 Medulla,0.3492502354330867,0.0,0.3506219678562467,0.0,0.3001277967106666,0.0,0.0,0.0,0.0,0.0
PD51285c_ds0012 Medulla,0.0,0.15478310169635628,0.3598657419575935,0.21153173947583848,0.0,0.27381941687021166,0.0,0.0,0.0,0.0
PD51385c_ds0001 Medulla,0.0,0.10056508188878648,0.0,0.13830269168745382,0.19792917321519785,0.5122223023435223,0.05098075086503942,0.0,0.0,0.0
PD51385c_ds0003 Glomeruli,0.5563055086989037,0.08289829961043949,0.1348389754732457,0.0,0.0,0.0,0.0,0.04723331307866187,0.1787239031387493,0.0
PD51385c_ds0004 Glomeruli,0.0,0.13628524357980118,0.25475526490181966,0.0,0.20219566358600116,0.35913882340379516,0.0,0.047625004528582766,0.0,0.0
PD51385c_ds0005 Glomeruli,0.0,0.0,0.16299923705071118,0.0,0.12196270062489593,0.47112912452269784,0.07478704349612766,0.04063067765336227,0.128491216652205,0.0
PD51385c_ds0009 Proximal_tubules,0.6002091916101882,0.18542973988432318,0.0,0.0,0.0,0.21436106850548853,0.0,0.0,0.0,0.0
PD51385c_ds0010 Proximal_tubules,0.0,0.1330889013338943,0.0,0.0,0.2626653731690077,0.6042457254970979,0.0,0.0,0.0,0.0
PD51385c_ds0011 Proximal_tubules,0.0,0.0,0.0,0.0,0.0,1.0,0.0,0.0,0.0,0.0
PD51385c_ds0012 Medulla,0.2819388741023025,0.1140757284077693,0.0,0.0,0.0,0.4815876864930971,0.07338640567566036,0.04901130532117061,0.0,0.0
PD51385c_ds0013 Medulla,0.0,0.0,0.0,0.0,0.22577988547895578,0.7742201145210443,0.0,0.0,0.0,0.0
PD51526c_ds0001 Glomeruli,0.36936706529062924,0.19366035314559937,0.25469971345861936,0.12221018489634324,0.0,0.0,0.0,0.06006268320880877,0.0,0.0
PD51526c_ds0002 Proximal_tubules,0.8951573955192685,0.1048426044807315,0.0,0.0,0.0,0.0,0.0,0.0,0.0,0.0
PD51526c_ds0003 Medulla,0.0,0.15702644192380744,0.5410857269658279,0.0,0.3018878311103646,0.0,0.0,0.0,0.0,0.0
PD51526c_ds0004 Medulla,0.0,0.11481642953229122,0.4129348827664208,0.0,0.30337492387148146,0.0,0.0,0.0,0.1688737638298066,0.0
PD51526c_ds0005 Medulla,0.0,0.0,0.2253634354023232,0.10621619407155733,0.3759137195598706,0.2925066509662488,0.0,0.0,0.0,0.0
PD51541c_ds0001 Glomeruli,0.0,0.0,0.0,0.0,0.0,1.0,0.0,0.0,0.0,0.0
PD51541c_ds0002 Glomeruli,0.0,0.0,0.0,0.0,0.0,0.6331196328907157,0.07116470844143455,0.05098782360206874,0.24472783506578097,0.0
PD51541c_ds0003 Glomeruli,0.0,0.0,0.35400725841185904,0.0,0.0,0.6459927415881409,0.0,0.0,0.0,0.0
PD51541c_ds0004 Proximal_tubules,0.0,0.16066286459602755,0.2425838659996183,0.18043446593695237,0.0,0.4163188034674019,0.0,0.0,0.0,0.0
PD51541c_ds0005 Proximal_tubules,0.4078248242574919,0.2568290159126159,0.0,0.0,0.0,0.0,0.0,0.0,0.3353461598298922,0.0
PD51541c_ds0006 Proximal_tubules,0.44181991025913836,0.18724854792918338,0.0,0.0,0.0,0.3709315418116782,0.0,0.0,0.0,0.0
PD51541c_ds0007 Medulla,0.0,0.0,0.42514296872042107,0.0,0.0,0.48498560784187217,0.0,0.08987142343770681,0.0,0.0
PD51541c_ds0008 Medulla,0.4484360251381209,0.0,0.29172051180087544,0.09362572418554853,0.1662177388754551,0.0,0.0,0.0,0.0,0.0
PD51541c_ds0009 Medulla,0.0,0.0,0.4108678523846326,0.20035856237597743,0.3887735852393899,0.0,0.0,0.0,0.0,0.0
PD51544c_ds0001 Medulla,0.0,0.0,0.0,0.0,0.3290715748896256,0.6709284251103745,0.0,0.0,0.0,0.0
PD51544c_ds0002 Medulla,0.0,0.0,0.2940998926914042,0.15003052011641135,0.0,0.43112119650074243,0.12474839069144199,0.0,0.0,0.0
PD51544c_ds0003 Medulla,0.0,0.0,0.1857450208621695,0.08597440136607203,0.2905311567581539,0.3504594053470674,0.04410754107119542,0.04318247459534182,0.0,0.0
PD51544d_ds0001 Glomeruli,0.19391556383788042,0.11822537492410305,0.33668576792443544,0.0,0.0,0.0,0.0,0.07788808466339214,0.27328520865018885,0.0
PD51544d_ds0002 Proximal_tubules,0.6409530261584913,0.19402679201544226,0.0,0.0,0.0,0.0,0.0,0.0,0.16502018182606656,0.0
PD51544d_ds0003 Proximal_tubules,0.44748230816118334,0.0,0.1697875676508237,0.0933535205668982,0.0,0.2893766036210948,0.0,0.0,0.0,0.0
PD51544d_ds0004 Proximal_tubules,0.8058697259198035,0.0,0.0,0.079391117305247,0.0,0.0,0.0,0.0,0.11473915677494952,0.0
PD51544d_ds0005 Distal_tubules,0.6621392948997187,0.0,0.3378607051002814,0.0,0.0,0.0,0.0,0.0,0.0,0.0
PD51544d_ds0006 Glomeruli,0.0,0.10239479227122326,0.0,0.0,0.18638727057547913,0.3500604569651309,0.03919070218126441,0.06459725691183409,0.25736952109506833,0.0
PD51544d_ds0007 Glomeruli,0.0,0.16519492222615426,0.18197994622713795,0.0,0.0,0.6528251315467077,0.0,0.0,0.0,0.0
PD51544d_ds0010 Distal_tubules,0.6758497631673981,0.0,0.0,0.0,0.0,0.3241502368326019,0.0,0.0,0.0,0.0
PD51642c_ds0001 Medulla,0.7406655936847173,0.14496791019721625,0.0,0.1143664961180666,0.0,0.0,0.0,0.0,0.0,0.0
PD51642c_ds0002 Medulla,0.5124477774094889,0.0,0.10390791872625126,0.0,0.19524002276594396,0.188404281098316,0.0,0.0,0.0,0.0
PD51642c_ds0003 Glomeruli,0.33911102615300015,0.09065587607060273,0.1830702427332673,0.0,0.23505070160256572,0.0,0.0,0.0,0.152112153440564,0.0
PD51642c_ds0004 Proximal_tubules,0.35534136528803145,0.16773531012201995,0.08643499451731047,0.13323071147815824,0.2572576185944798,0.0,0.0,0.0,0.0,0.0
PD51642c_ds0005 Medulla,0.0,0.0,0.2161011964250791,0.1315854767721554,0.1312823283368401,0.46733629776196006,0.05369470070396522,0.0,0.0,0.0
PD51667c_ds0001 Glomeruli,0.34634969848850433,0.1316281919726415,0.1932469821584418,0.0,0.19963835915964734,0.0,0.0,0.0,0.1291367682207651,0.0
PD51667c_ds0002 Glomeruli,0.33343231764772446,0.10611833689195972,0.22102079696371665,0.0,0.1347889115262899,0.0,0.03230884396985946,0.0,0.17233079300044984,0.0
PD51667c_ds0003 Proximal_tubules,0.5438492977163197,0.0,0.0,0.19339603918977516,0.262754663093905,0.0,0.0,0.0,0.0,0.0
PD51667c_ds0004 Proximal_tubules,0.5150332426871804,0.10507938052467643,0.0,0.10831008268976741,0.23397310556409925,0.0,0.03760418853427632,0.0,0.0,0.0
PD51667c_ds0005 Medulla,0.4245897496531567,0.07655996796349694,0.2042688906411749,0.0,0.25864847913253425,0.0,0.0,0.03593291260963728,0.0,0.0
PD51682c_ds0001 Glomeruli,0.33765047924230873,0.12507578466620442,0.09160236814326682,0.0,0.3068932544409513,0.0,0.0,0.0,0.13877811350726862,0.0
PD51682c_ds0002 Glomeruli,0.0,0.07988327934008531,0.3595842674949134,0.0,0.27455193171264886,0.20076849750919268,0.04347140295445832,0.041740620988701405,0.0,0.0
PD51682c_ds0003 Medulla,0.6410249850203551,0.11477358694689514,0.0,0.0,0.10901714133953874,0.0,0.0,0.0,0.135184286693211,0.0
PD51682c_ds0004 Proximal_tubules,0.4712317481187457,0.07771474064890649,0.13974535138882452,0.13692092283871884,0.1743872370048046,0.0,0.0,0.0,0.0,0.0
PD51682c_ds0005 Proximal_tubules,0.5718302176630214,0.09768836691412289,0.09287062775592873,0.0967141509824575,0.14089663668446958,0.0,0.0,0.0,0.0,0.0
PD51695c_ds0001 Medulla,0.5064743959726076,0.12544596836445648,0.0,0.0,0.0,0.0,0.0,0.0674264154970873,0.3006532201658487,0.0
PD51695c_ds0002 Glomeruli,0.17283854729977446,0.0,0.3915737767770452,0.0,0.1984488614887209,0.0,0.0,0.0,0.23713881443445942,0.0
PD51695c_ds0003 Proximal_tubules,0.28567690267471485,0.22553865338287848,0.10070083399764461,0.12198615625690627,0.26609745368785576,0.0,0.0,0.0,0.0,0.0
PD51695c_ds0004 Medulla,0.543069135721764,0.11239426310786393,0.15039459785369913,0.0,0.0,0.0,0.0,0.0,0.19414200331667297,0.0
PD51697c_ds0001 Glomeruli,0.527374352188388,0.0,0.13207383359383731,0.0,0.17230554938088802,0.0,0.03585091640677582,0.0,0.13239534843011092,0.0
PD51697c_ds0002 Glomeruli,0.28609977339552267,0.12866470373369934,0.0,0.0,0.0,0.33049896489314035,0.0,0.07531928070258097,0.17941727727505663,0.0
PD51697c_ds0003 Proximal_tubules,0.6389140196736993,0.10488981049187752,0.07104670602525144,0.07646250408910205,0.0,0.0,0.0,0.0,0.10868695972006963,0.0
PD51702c_ds0001 Medulla,0.5928332748015004,0.0,0.22845527879959862,0.0,0.17871144639890094,0.0,0.0,0.0,0.0,0.0
PD51702c_ds0002 Medulla,0.0,0.17301112541444308,0.23720933289362928,0.0,0.36620737137756937,0.22357217031435822,0.0,0.0,0.0,0.0
PD51702c_ds0003 Glomeruli,0.0,0.1382043207176578,0.24078532108326497,0.0,0.27928598834260626,0.3018306820473876,0.0,0.03989368780908345,0.0,0.0
PD51702c_ds0004 Distal_tubules,0.48785987699908573,0.0,0.15568433657400063,0.0,0.35645578642691356,0.0,0.0,0.0,0.0,0.0
PD51702c_ds0005 Proximal_tubules,0.5650345472248542,0.22536310604003915,0.0,0.09055788359490981,0.0,0.0,0.0,0.0,0.11904446314019691,0.0
PD51702c_ds0006 Proximal_tubules,0.4767498182703763,0.08910013041659512,0.15265958799598162,0.1004949032146882,0.18099556010235876,0.0,0.0,0.0,0.0,0.0
PD51705c_ds0001 Glomeruli,0.4829604592679944,0.24484530384634542,0.19793710062460013,0.0,0.0,0.0,0.07425713626105993,0.0,0.0,0.0
PD51705c_ds0002 Glomeruli,0.19145030803620394,0.19996596391455715,0.16646388789131727,0.0,0.20303046427757665,0.0,0.037966570906398676,0.0,0.20112280497394625,0.0
PD51705c_ds0003 Proximal_tubules,0.0,0.0,0.1232890197331609,0.2684960636805107,0.2020466117258937,0.4061683048604346,0.0,0.0,0.0,0.0
PD51705c_ds0004 Proximal_tubules,0.5577553579990489,0.15367158435843215,0.0,0.16189520790132683,0.0,0.0,0.0,0.0,0.12667784974119226,0.0
PD51705c_ds0005 Medulla,0.8448776369491875,0.1551223630508126,0.0,0.0,0.0,0.0,0.0,0.0,0.0,0.0
PD51705c_ds0006 Medulla,0.39757269579636495,0.08940888733006819,0.20676278034325188,0.0,0.14082322522460272,0.16543241130571235,0.0,0.0,0.0,0.0
PD51737c_ds0001 Glomeruli,0.7475093652418977,0.0,0.0,0.0,0.0,0.0,0.0,0.0,0.2524906347581023,0.0
PD51737c_ds0003 Proximal_tubules,0.7613096257418609,0.1811144059508742,0.0,0.05757596830726482,0.0,0.0,0.0,0.0,0.0,0.0
PD51737c_ds0004 Proximal_tubules,0.6228201447348912,0.17241732932009915,0.14535218834915936,0.05941033759585028,0.0,0.0,0.0,0.0,0.0,0.0
PD51737c_ds0005 Distal_tubules,0.20532763260463985,0.08358056794739983,0.11708053460413208,0.1559393040062514,0.2925544289936382,0.0,0.0,0.0,0.1455175318439387,0.0
PD56385h_ds0001 Glomeruli,0.0,0.4610402311970927,0.0,0.1634638565598102,0.0,0.3754959122430972,0.0,0.0,0.0,0.0
PD56385h_ds0002 Glomeruli,0.0,0.1998155738209656,0.0,0.0,0.2682147734849012,0.2835125870229691,0.09527475911559102,0.15318230655557316,0.0,0.0
PD56385h_ds0005 Medulla,0.5360657002116483,0.0,0.0,0.110325242839433,0.0,0.0,0.0,0.0,0.3536090569489186,0.0
PD56385h_ds0006 Medulla,0.35446879662886477,0.1077681314674185,0.12769222271703515,0.0,0.2726926214827454,0.0,0.0,0.0,0.13737822770393615,0.0
PD56385h_ds0007 Proximal_tubules,0.5089905980635754,0.10425717841796255,0.1725000190835931,0.10817914110928899,0.10607306332558006,0.0,0.0,0.0,0.0,0.0
PD56385h_ds0008 Proximal_tubules,0.8660346650366211,0.0,0.0,0.13396533496337887,0.0,0.0,0.0,0.0,0.0,0.0
PD56385h_ds0009 Proximal_tubules,0.7110750091565983,0.0,0.0,0.0,0.12130858587058468,0.0,0.0,0.0,0.16761640497281702,0.0
PD56385h_ds0010 Glomeruli,0.6015736086534341,0.0,0.0,0.0,0.33751756388085896,0.0,0.06090882746570683,0.0,0.0,0.0
PD56386h_ds0001 Glomeruli,0.4428909837454243,0.0,0.0,0.0,0.0,0.42125901218317674,0.1358500040713989,0.0,0.0,0.0
PD56386h_ds0002 Glomeruli,0.0,0.11923578820776981,0.0,0.0,0.0,0.44305409233073134,0.11700668396850106,0.08410964516073605,0.23659379033226163,0.0
PD56386h_ds0005 Proximal_tubules,1.0,0.0,0.0,0.0,0.0,0.0,0.0,0.0,0.0,0.0
PD56386h_ds0006 Proximal_tubules,0.0,0.0,0.0,0.0,0.0,0.0,0.20404764499942205,0.0,0.795952355000578,0.0
PD56386h_ds0007 Proximal_tubules,0.0,0.0,0.45193110072448633,0.0,0.5480688992755136,0.0,0.0,0.0,0.0,0.0
PD56386h_ds0008 Distal_tubules,0.0,0.13373539740250273,0.13362123601887946,0.0,0.4602110518932409,0.0,0.0,0.0,0.272432314685377,0.0
PD56386h_ds0009 Glomeruli,0.0,0.0,0.29651470617845677,0.0,0.33088459963388694,0.0,0.08891849669966358,0.0,0.28368219748799256,0.0
PD67534c_ds0001 Glomeruli,0.0,0.15747010737241668,0.3799838255196023,0.0,0.2371218707738308,0.22542419633415034,0.0,0.0,0.0,0.0
PD67534c_ds0002 Proximal_tubules,0.7452802099524032,0.08393928969995218,0.1707805003476447,0.0,0.0,0.0,0.0,0.0,0.0,0.0
PD67534c_ds0003 Proximal_tubules,0.42941351806022016,0.12124073657551182,0.13526975176768735,0.07781954826113051,0.0895085405168948,0.0,0.0,0.0,0.1467479048185554,0.0
PD67534c_ds0004 Medulla,0.4313136504529039,0.18409316485594307,0.0,0.0,0.19880956397264965,0.0,0.0,0.0,0.1857836207185035,0.0
PD67534c_ds0005 Glomeruli,0.0,0.16685735129036708,0.10948810939045138,0.13319036879114818,0.34091601680105443,0.24954815372697892,0.0,0.0,0.0,0.0
PD67535c_ds0001 Glomeruli,0.0,0.13152605837945297,0.0,0.0,0.0,0.6194464760919445,0.0,0.0,0.2490274655286025,0.0
PD67535c_ds0002 Glomeruli,0.0,0.18171192376221537,0.33377985708498364,0.0,0.23040570742888716,0.0,0.03817415036885847,0.0,0.21592836135505536,0.0
PD67535c_ds0003 Proximal_tubules,0.1575547461076454,0.0,0.15127192407926288,0.12269895659782216,0.2989050573533653,0.0,0.0,0.0,0.2695693158619043,0.0
PD67535c_ds0004 Proximal_tubules,0.0,0.0,0.5170082766155824,0.0,0.38170075571039647,0.0,0.0,0.10129096767402113,0.0,0.0
PD67535c_ds0005 Medulla,0.7505304883137259,0.0,0.24946951168627407,0.0,0.0,0.0,0.0,0.0,0.0,0.0
PD67535c_ds0006 Glomeruli,0.0,0.0,0.0,0.0,0.656616215085475,0.0,0.0,0.0,0.34338378491452504,0.0
PD67536c_ds0001 Glomeruli,0.5299741312298614,0.0,0.3037620303440186,0.0,0.0,0.0,0.10251041852436893,0.06375341990175103,0.0,0.0
PD67536c_ds0002 Glomeruli,0.3978874270274574,0.09455530658314734,0.14290668210140486,0.0999868420080625,0.1406821007659935,0.0,0.0,0.0,0.12398164151393444,0.0
PD67536c_ds0003 Proximal_tubules,0.4152105406389292,0.10924548950660903,0.0,0.10708293700767024,0.36846103284679155,0.0,0.0,0.0,0.0,0.0
PD67537c_ds0001 Glomeruli,0.31039265196632687,0.09998902756311152,0.3623831451254749,0.09058445372278565,0.13665072162230094,0.0,0.0,0.0,0.0,0.0
PD67537c_ds0002 Glomeruli,0.6364205757916593,0.0,0.2191710276430702,0.0,0.14440839656527057,0.0,0.0,0.0,0.0,0.0
PD67537c_ds0003 Proximal_tubules,0.5485696953742012,0.11677362958110632,0.0,0.0,0.3346566750446924,0.0,0.0,0.0,0.0,0.0
PD67537c_ds0004 Proximal_tubules,0.0,0.12959669055687115,0.13696879786155355,0.1626766829114395,0.17761792010344993,0.3261476688986356,0.0,0.06699223966805024,0.0,0.0
PD67538c_ds0001 Glomeruli,0.0,0.0,0.33490811270396215,0.0,0.0,0.5675810460737599,0.04714516225709617,0.050365678965181716,0.0,0.0
PD67538c_ds0002 Glomeruli,0.0,0.0,0.21402490010451344,0.0,0.1818258377666967,0.5520843151460421,0.052064946982747835,0.0,0.0,0.0
PD67538c_ds0003 Proximal_tubules,0.484978156733705,0.10606168254705842,0.0,0.0,0.34319158956938933,0.0,0.06576857114984726,0.0,0.0,0.0
PD67538c_ds0004 Proximal_tubules,0.0,0.0,0.4156457136319292,0.102224374017198,0.2863931198540282,0.0,0.0,0.0,0.19573679249684467,0.0
PD67538c_ds0005 Medulla,0.3976755452295976,0.09106942286303488,0.12614649288621288,0.0,0.1356319157423683,0.0,0.0,0.0,0.24947662327878634,0.0
PD67539c_ds0001 Glomeruli,0.2001534448412868,0.16213558055412167,0.22205356250147887,0.0,0.17725667975526163,0.0,0.0,0.0842781538057838,0.15412257854206723,0.0
PD67539c_ds0002 Glomeruli,0.21284871886478787,0.0,0.28659268785380954,0.0,0.22844096565337532,0.0,0.0,0.058932351106544156,0.21318527652148322,0.0
PD67539c_ds0003 Medulla,0.0,0.11813366847188939,0.25189246518122094,0.17202651539856378,0.18637999683696005,0.2715673541113658,0.0,0.0,0.0,0.0
PD67539c_ds0004 Proximal_tubules,0.3001257160942339,0.09368708177730685,0.17874459888272007,0.13463675708223896,0.29280584616350036,0.0,0.0,0.0,0.0,0.0
PD67539c_ds0005 Proximal_tubules,0.23960125812710556,0.0,0.14980164338670146,0.1508681036690608,0.396508182488408,0.0,0.06322081232872416,0.0,0.0,0.0
PD67539c_ds0006 Glomeruli,0.2505757301937671,0.13793408221366715,0.18894910043774982,0.0,0.3824190234130624,0.0,0.040122063741753644,0.0,0.0,0.0
PD67540c_ds0001 Glomeruli,0.4157412940962413,0.0,0.23236562311879638,0.0,0.0,0.0,0.04373414660467293,0.07869171441328829,0.22946722176700096,0.0
PD67540c_ds0002 Glomeruli,0.30898604820247394,0.12603194240175272,0.35610208448271546,0.0,0.2088799249130579,0.0,0.0,0.0,0.0,0.0
PD67540c_ds0003 Proximal_tubules,0.4093725890145748,0.0,0.0,0.1649139333901646,0.2850511917080539,0.0,0.0,0.0,0.1406622858872066,0.0
PD67540c_ds0004 Proximal_tubules,0.3715632414450338,0.10131962718086898,0.0,0.10837994950101122,0.3018649465571103,0.0,0.0,0.0,0.11687223531597575,0.0
PD67540c_ds0005 Medulla,0.0,0.2797591850281073,0.2399063931501364,0.0,0.28356487216246784,0.0,0.0,0.05097141293524221,0.14579813672404618,0.0
PD67540c_ds0006 Medulla,0.5301304611887637,0.09690032853449554,0.14265424435848612,0.0,0.2303149659182546,0.0,0.0,0.0,0.0,0.0
PD67541c_ds0001 Glomeruli,0.2890259713114807,0.12479569668741365,0.0,0.0,0.2586028090071754,0.0,0.0,0.0,0.3275755229939303,0.0
PD67541c_ds0002 Glomeruli,0.6439624772414461,0.09787573208736808,0.0,0.0,0.0,0.0,0.0,0.0,0.25816179067118594,0.0
PD67541c_ds0003 Proximal_tubules,0.42867516392438326,0.09296505590796196,0.25891231475623844,0.07802840925737127,0.14141905615404507,0.0,0.0,0.0,0.0,0.0
PD67541c_ds0004 Proximal_tubules,0.7450591922857032,0.0792883889731192,0.1756524187411776,0.0,0.0,0.0,0.0,0.0,0.0,0.0
PD67542c_ds0001 Glomeruli,0.5681970774116069,0.1475158133308445,0.11449890502518248,0.0,0.0,0.0,0.0,0.04014189821585531,0.12964630601651092,0.0
PD67542c_ds0002 Glomeruli,0.41164931933841825,0.12851671893757516,0.2526910881245123,0.0,0.20714287359949432,0.0,0.0,0.0,0.0,0.0
PD67542c_ds0003 Proximal_tubules,0.4574552367152783,0.14421012283513707,0.11021307071090113,0.148762145092897,0.13935942464578643,0.0,0.0,0.0,0.0,0.0
PD67542c_ds0004 Proximal_tubules,0.3781589802832619,0.14219463044803995,0.14762383829824494,0.0,0.15462944081193156,0.0,0.0,0.0,0.1773931101585216,0.0
PD67543c_ds0001 Glomeruli,0.0,0.0,0.0,0.0,0.1988710774292066,0.33444674820658143,0.0,0.0,0.466682174364212,0.0
PD67543c_ds0002 Glomeruli,0.0,0.0,0.39232416162287537,0.0,0.24870066381509753,0.3026705704604277,0.05630460410159934,0.0,0.0,0.0
PD67543c_ds0003 Proximal_tubules,0.0,0.0,0.0,0.1822520670620089,0.5426226748846322,0.2751252580533588,0.0,0.0,0.0,0.0
PD67543c_ds0004 Proximal_tubules,0.6742184963678644,0.0,0.0,0.11905996784657859,0.20672153578555708,0.0,0.0,0.0,0.0,0.0
PD67544c_ds0001 Glomeruli,0.2348655007599898,0.1426563154754706,0.45143605807524834,0.0,0.17104212568929136,0.0,0.0,0.0,0.0,0.0
PD67544c_ds0002 Glomeruli,0.4086001275466172,0.0,0.21321298733834268,0.0,0.1731245223927057,0.0,0.04549169897418021,0.0,0.15957066374815415,0.0
PD67544c_ds0003 Proximal_tubules,0.6465609830447513,0.11393303334256517,0.0,0.10466463067791877,0.0,0.0,0.0,0.0,0.13484135293476482,0.0
PD67544c_ds0004 Proximal_tubules,0.3677854396647884,0.18034389131724035,0.14953898207992405,0.1306758192439943,0.17165586769405283,0.0,0.0,0.0,0.0,0.0
PD67544c_ds0005 Medulla,0.5854399099300441,0.0,0.4145600900699559,0.0,0.0,0.0,0.0,0.0,0.0,0.0
PD67545c_ds0001 Glomeruli,0.30759348396296715,0.18210490764648543,0.11779106675475924,0.0,0.2468371892393327,0.0,0.0,0.0,0.14567335239645554,0.0
PD67545c_ds0002 Glomeruli,0.20447988118587246,0.15197884398062028,0.0,0.0,0.1922152617509671,0.20883243571366078,0.0,0.0,0.24249357736887947,0.0
PD67545c_ds0003 Proximal_tubules,0.2934107056585313,0.13765428588302503,0.0,0.12603507879718678,0.24324665330036968,0.1996532763608873,0.0,0.0,0.0,0.0
PD67545c_ds0004 Proximal_tubules,0.4581453183546,0.0915798737959396,0.08596963529022697,0.1043181990900332,0.25998697346920024,0.0,0.0,0.0,0.0,0.0
PD67545c_ds0005 Medulla,0.327304782835628,0.15552683269285728,0.13898548964387247,0.0,0.18205382636324388,0.0,0.0,0.0,0.19612906846439843,0.0
PD67545c_ds0006 Distal_tubules,0.4007765161465736,0.10558907369633008,0.0,0.10522521927668892,0.28274742736956204,0.0,0.0,0.0,0.10566176351084529,0.0
PD67546c_ds0001 Glomeruli,0.47935991507253756,0.06382074973341305,0.13971799506615445,0.0,0.1352923001075613,0.0,0.0,0.0,0.1818090400203336,0.0
PD67546c_ds0002 Glomeruli,0.0,0.09711381869859359,0.36800007907958293,0.0,0.251156881871466,0.24303969838099998,0.04068952196935749,0.0,0.0,0.0
PD67546c_ds0003 Proximal_tubules,0.15159150418437903,0.08258099569553978,0.2679924573239347,0.060030642190030604,0.2231136071625271,0.0,0.0,0.0,0.21469079344358882,0.0
PD67546c_ds0004 Proximal_tubules,0.0,0.13350093168132132,0.42687102563769425,0.08690255251270047,0.17507652048201164,0.0,0.0,0.0,0.1776489696862723,0.0
PD67546c_ds0005 Medulla,0.46093350558517365,0.0,0.14143455116304107,0.0,0.0,0.0,0.0,0.0,0.3976319432517852,0.0
PD67546c_ds0006 Distal_tubules,0.1992502653768129,0.11104291698543327,0.15764986388314897,0.0970277741879384,0.4350291795666664,0.0,0.0,0.0,0.0,0.0
PD67547c_ds0001 Glomeruli,0.27507792187467683,0.14868523867683156,0.17100046949337405,0.06631364820945072,0.1322923771176539,0.0,0.03262644830612258,0.0,0.1740038963218905,0.0
PD67547c_ds0002 Glomeruli,0.0,0.1592837860911879,0.33387105809384915,0.0,0.0,0.3883116400422647,0.0,0.11853351577269824,0.0,0.0
PD67547c_ds0003 Proximal_tubules,0.28610243825339154,0.14779277446411362,0.0,0.09297549963397918,0.20683050966506666,0.0,0.0,0.0,0.266298777983449,0.0
PD67547c_ds0004 Proximal_tubules,0.32017972381341,0.08243940140886016,0.0,0.10522246747340658,0.1974562189636618,0.0,0.0,0.0,0.2947021883406615,0.0
PD67548c_ds0001 Glomeruli,0.0,0.19882777210344058,0.3456883110817686,0.0,0.18487736807073415,0.2706065487440566,0.0,0.0,0.0,0.0
PD67548c_ds0002 Glomeruli,0.6034381185976418,0.0,0.0,0.0,0.0,0.0,0.0,0.18478966602290592,0.21177221537945223,0.0
PD67548c_ds0003 Proximal_tubules,0.25293170959747296,0.0,0.16554254458872902,0.23614238885574507,0.345383356958053,0.0,0.0,0.0,0.0,0.0
PD67548c_ds0004 Proximal_tubules,0.260509969402803,0.18551239595313498,0.21131255139787447,0.14254368727344693,0.20012139597274053,0.0,0.0,0.0,0.0,0.0
PD67549c_ds0001 Glomeruli,0.35081996474756244,0.18215347817789423,0.3318708919159799,0.0,0.13515566515856345,0.0,0.0,0.0,0.0,0.0
PD67549c_ds0002 Glomeruli,0.38112931495367175,0.13468116606090677,0.0,0.0,0.21549089913739994,0.0,0.0,0.048178695326681224,0.2205199245213403,0.0
PD67549c_ds0003 Proximal_tubules,0.638442497003681,0.0,0.24222919909906795,0.11932830389725095,0.0,0.0,0.0,0.0,0.0,0.0
PD67549c_ds0004 Proximal_tubules,0.2861094226603768,0.0,0.22413701024640786,0.08289672603100813,0.27028331070204714,0.0,0.02978889421038883,0.0,0.10678463614977109,0.0
PD67549c_ds0005 Medulla,0.523717816019937,0.0,0.19567684005086294,0.0,0.22730822402453166,0.0,0.05329711990466838,0.0,0.0,0.0
PD67550c_ds0001 Glomeruli,0.4205210629545072,0.10355496874430417,0.31653905375445307,0.0,0.1593849145467355,0.0,0.0,0.0,0.0,0.0
PD67550c_ds0002 Glomeruli,0.0,0.19359067889532552,0.42185214184683717,0.0,0.30674289905421676,0.0,0.0,0.07781428020362041,0.0,0.0
PD67550c_ds0003 Proximal_tubules,0.5407786942962103,0.19182677411100574,0.0,0.13352478885950803,0.1338697427332759,0.0,0.0,0.0,0.0,0.0
PD67550c_ds0005 Medulla,0.0,0.0,0.25163510236360603,0.0,0.4146039269769859,0.0,0.0,0.0,0.333760970659408,0.0
PD67550c_ds0006 Medulla,0.0,0.0,0.17804162039042767,0.0,0.32862407195766113,0.31729943138756,0.0,0.0,0.1760348762643512,0.0
PD67551c_ds0001 Glomeruli,0.27993011796609907,0.10984020096979556,0.12986776923984353,0.0,0.2316361335063782,0.2487257783178836,0.0,0.0,0.0,0.0
PD67551c_ds0002 Glomeruli,0.0,0.12062421106609664,0.25398014159139093,0.0,0.24879105854882247,0.17154831757834405,0.0,0.0,0.20505627121534586,0.0
PD67551c_ds0003 Proximal_tubules,0.43764267218407016,0.0,0.10122226313920865,0.11015833801393539,0.16220763885249018,0.18876908781029567,0.0,0.0,0.0,0.0
PD67551c_ds0004 Proximal_tubules,0.5544191617178126,0.10716859120220679,0.0,0.09900407672608924,0.23940817035389148,0.0,0.0,0.0,0.0,0.0
PD67551c_ds0005 Medulla,0.0,0.16539675224219114,0.13156296156603045,0.0,0.20012389041927864,0.5029163957724998,0.0,0.0,0.0,0.0
PD67551c_ds0006 Medulla,0.0,0.12178991192614481,0.29766723106940973,0.0,0.0,0.5058829068775081,0.0,0.0746599501269374,0.0,0.0
PD67552c_ds0001 Glomeruli,0.0,0.17819447827362378,0.15131738834699504,0.0,0.1566443293530525,0.25694451693584563,0.0,0.09108924390572679,0.16581004318475615,0.0
PD67552c_ds0002 Glomeruli,0.15190775907044884,0.09733686340261143,0.28186086971856256,0.0,0.32518652928840286,0.0,0.0,0.0,0.14370797851997438,0.0
PD67552c_ds0003 Proximal_tubules,0.6239871920342568,0.0,0.0,0.0,0.18492614693281634,0.0,0.0,0.0,0.19108666103292685,0.0
PD67552c_ds0004 Proximal_tubules,0.27217625531223977,0.07215760967868973,0.1251861118482823,0.1208038561457974,0.4096761670149907,0.0,0.0,0.0,0.0,0.0
PD67552c_ds0005 Medulla,0.0,0.2561026032188868,0.0,0.0,0.19932777783280123,0.3164478789379713,0.0,0.0,0.22812174001034075,0.0
PD67552c_ds0006 Medulla,0.3401488433503349,0.15649721320422558,0.0,0.0,0.22636834816886467,0.0,0.0,0.0,0.2769855952765748,0.0
PD67553c_ds0001 Glomeruli,0.35747290543713034,0.22488290355561164,0.0,0.0,0.16131898727300148,0.0,0.0,0.0,0.25632520373425655,0.0
PD67553c_ds0002 Glomeruli,0.0,0.15644636121034095,0.4535531068046048,0.07085442092309988,0.16660943308996295,0.1525366779719915,0.0,0.0,0.0,0.0
PD67553c_ds0003 Proximal_tubules,0.4277162809860531,0.14977719612252666,0.12543346033257996,0.11571038269278502,0.0,0.0,0.0,0.0,0.18136267986605517,0.0
PD67553c_ds0004 Proximal_tubules,0.2745974401244392,0.10717079041984776,0.23699801804290055,0.09867584215740687,0.15402614806456344,0.0,0.0,0.0,0.12853176119084223,0.0
PD67553c_ds0005 Medulla,0.0,0.19157153025049453,0.31098083228528106,0.0,0.0,0.4974476374642243,0.0,0.0,0.0,0.0
PD67553c_ds0006 Medulla,0.0,0.0961799188535633,0.14701850585487417,0.0,0.34136387280500385,0.2465947603597536,0.04999723607130036,0.0,0.1188457060555046,0.0
PD67554c_ds0001 Glomeruli,0.3101695093490861,0.1674166056704501,0.27131910226879963,0.0,0.12474445705217678,0.0,0.0,0.0,0.12635032565948734,0.0
PD67554c_ds0002 Proximal_tubules,0.40347383575829465,0.12940537321584653,0.12537343658042704,0.15737775182592356,0.1843696026195082,0.0,0.0,0.0,0.0,0.0
PD67554c_ds0003 Medulla,0.0,0.0742449522070742,0.1721127726722939,0.1373592081392328,0.15829940773067533,0.24247679132372507,0.0,0.0,0.2155068679269987,0.0
PD67554c_ds0004 Medulla,0.0,0.0919523630597854,0.2898988524368083,0.16907158839802877,0.20224193879004004,0.24683525731533745,0.0,0.0,0.0,0.0
PD67555c_ds0001 Glomeruli,0.0,0.11144814339644325,0.32878773793306904,0.0,0.2542397431353881,0.30552437553509965,0.0,0.0,0.0,0.0
PD67555c_ds0002 Glomeruli,0.4731363150891229,0.1817389413380961,0.12049878680825146,0.0,0.17116154188639598,0.0,0.0,0.053464414878133394,0.0,0.0
PD67555c_ds0003 Proximal_tubules,0.46032163258992387,0.0968293236398601,0.0,0.07049645162601079,0.17604611720250596,0.0,0.0,0.0,0.1963064749416993,0.0
PD67555c_ds0004 Proximal_tubules,0.23012985447544873,0.12405289819825396,0.14057275032410627,0.1006587173026628,0.21208413200322085,0.0,0.0,0.051944157075383746,0.14055749062092363,0.0
PD67555c_ds0005 Medulla,0.5295280902424857,0.14878215012273938,0.10740131374256184,0.0,0.21428844589221296,0.0,0.0,0.0,0.0,0.0
PD67556c_ds0001 Glomeruli,0.0,0.15890979080345408,0.3024491836434226,0.0,0.1416877931027061,0.39695323245041725,0.0,0.0,0.0,0.0
PD67556c_ds0002 Glomeruli,0.0,0.10491028696548937,0.2666326881158192,0.0,0.24233769978898403,0.34053349814093825,0.0,0.04558582698876924,0.0,0.0
PD67556c_ds0003 Proximal_tubules,0.5135321547280974,0.16054653223774507,0.0,0.11365292951823049,0.15577056371824755,0.0,0.05649781979767953,0.0,0.0,0.0
PD67556c_ds0004 Proximal_tubules,0.21252952432776687,0.24406843512613505,0.22446060521108327,0.08590903359449627,0.23303240174051856,0.0,0.0,0.0,0.0,0.0
PD67557c_ds0001 Glomeruli,0.3360400876949761,0.11504008503864872,0.22363492012592132,0.0,0.2819848931256437,0.0,0.0,0.043300014014810234,0.0,0.0
PD67557c_ds0002 Glomeruli,0.0,0.11342840715952186,0.2832575812462315,0.0,0.0,0.5423535226279893,0.060960488966257415,0.0,0.0,0.0
PD67557c_ds0003 Proximal_tubules,0.0,0.0,0.16708233060717356,0.14654204296508078,0.37985320843406617,0.30652241799367946,0.0,0.0,0.0,0.0
PD67557c_ds0004 Proximal_tubules,0.40135711303213273,0.0,0.19078917549161054,0.0,0.40785371147625676,0.0,0.0,0.0,0.0,0.0
PD67558c_ds0001 Glomeruli,0.4583564446023906,0.09916725426594049,0.0,0.0,0.21996211686869316,0.0,0.0,0.05056830494673997,0.17194587931623573,0.0
PD67558c_ds0002 Glomeruli,0.4992281106053168,0.0,0.26486207013687235,0.0,0.1967142583896803,0.0,0.03919556086813066,0.0,0.0,0.0
PD67558c_ds0003 Proximal_tubules,0.35370138097432785,0.24092273485812524,0.0,0.12860504666687092,0.27677083750067594,0.0,0.0,0.0,0.0,0.0
PD67558c_ds0004 Proximal_tubules,0.26569435846228867,0.0,0.0,0.1295920669125719,0.4128202172455171,0.0,0.0,0.0,0.19189335737962226,0.0
PD67558c_ds0005 Medulla,0.17861528359906423,0.2156561052345005,0.1059592600420795,0.0,0.20525341527212826,0.0,0.0,0.053649768316368314,0.24086616753585913,0.0
PD67559c_ds0001 Glomeruli,0.3247038546154543,0.0,0.1516644563706674,0.0,0.32466434628810115,0.0,0.04389270686554778,0.0,0.1550746358602295,0.0
PD67559c_ds0002 Glomeruli,0.5883724259832139,0.1801353282988655,0.0,0.0,0.1832821307396918,0.0,0.04821011497822877,0.0,0.0,0.0
PD67559c_ds0003 Proximal_tubules,0.696262073184473,0.11211699093833337,0.11641002802267857,0.0,0.0,0.0,0.035313744027287514,0.03989716382722765,0.0,0.0
PD67559c_ds0004 Proximal_tubules,0.4151890436281004,0.08251379720483262,0.20223339682558006,0.07226734141188357,0.1928511402754232,0.0,0.0,0.0349452806541802,0.0,0.0
PD67560c_ds0001 Glomeruli,0.21430451645234255,0.12657507629883175,0.35839486400042014,0.0,0.0,0.0,0.044505835464011725,0.0,0.2562197077843937,0.0
PD67560c_ds0002 Glomeruli,0.5176979560227447,0.20017225944603662,0.0,0.0,0.0,0.0,0.0,0.050450153140124264,0.23167963139109438,0.0
PD67560c_ds0003 Proximal_tubules,0.3335006190099767,0.08357692272833417,0.0,0.09337665973850204,0.30963878965943586,0.0,0.048262296385297845,0.0,0.13164471247845347,0.0
PD67560c_ds0004 Proximal_tubules,0.3621181408763872,0.10492546292716473,0.08834687702107542,0.16053351987240413,0.28407599930296845,0.0,0.0,0.0,0.0,0.0
PD67560c_ds0005 Medulla,0.0,0.17261699914392759,0.17979955942045647,0.0,0.19559375823080308,0.3926304983795283,0.0,0.05935918482528443,0.0,0.0
PD67561c_ds0001 Glomeruli,0.3045445116290647,0.14623806193593164,0.3128398889061424,0.0,0.23637753752886123,0.0,0.0,0.0,0.0,0.0
PD67561c_ds0002 Glomeruli,0.5333347683383642,0.08787101062851689,0.37879422103311894,0.0,0.0,0.0,0.0,0.0,0.0,0.0
PD67561c_ds0003 Proximal_tubules,0.32083854725050454,0.16344310518672028,0.1296192119245611,0.09083547116989169,0.1687886627920166,0.0,0.0,0.0,0.12647500167630568,0.0
PD67561c_ds0004 Proximal_tubules,0.30758529674704604,0.07162409472055475,0.19887116602011762,0.1634004238722427,0.22527321440213605,0.0,0.033245804237902764,0.0,0.0,0.0
PD67561c_ds0005 Medulla,0.453174507540566,0.10045916346626073,0.14379388706375093,0.0,0.12623074868326578,0.0,0.0,0.0,0.17634169324615642,0.0
PD67562c_ds0001 Glomeruli,0.0,0.09350927134376741,0.26704605204300413,0.0,0.234834706293775,0.24962457905032645,0.0,0.0,0.154985391269127,0.0
PD67562c_ds0002 Glomeruli,0.0,0.12226791386106389,0.272069725438146,0.0,0.27442944795032526,0.33123291275046496,0.0,0.0,0.0,0.0
PD67562c_ds0003 Proximal_tubules,0.5150395810694213,0.0,0.21029000050091112,0.11642596140990928,0.12157693060277718,0.0,0.03666752641698119,0.0,0.0,0.0
PD67562c_ds0004 Proximal_tubules,0.23035905345859367,0.1086027666100652,0.1774794864071526,0.11078879019187651,0.2092572554103381,0.1635126479219739,0.0,0.0,0.0,0.0
PD67562c_ds0005 Distal_tubules,0.35445266676422027,0.13259004609834582,0.0,0.0,0.3888097256498908,0.0,0.0,0.0,0.12414756148754306,0.0
PD67563c_ds0001 Glomeruli,0.30133977230582626,0.11096433258340106,0.235029944183721,0.0,0.13094698548455588,0.17319981394332776,0.04851915149916789,0.0,0.0,0.0
PD67563c_ds0002 Glomeruli,0.0,0.0,0.42287686331708296,0.0,0.0,0.28995877820507787,0.05362996077697256,0.0801100869184422,0.15342431078242433,0.0
PD67563c_ds0003 Proximal_tubules,0.603108716714505,0.09944975672407201,0.0,0.06963075820720754,0.0,0.0,0.0,0.039243220975077396,0.188567547379138,0.0
PD67563c_ds0004 Proximal_tubules,0.5112138183163542,0.09947182411147992,0.0,0.09110474032484797,0.11804630789951048,0.0,0.0,0.0,0.18016330934780742,0.0
PD42590a,0.5357026087008295,0.13735233926719165,0.0793355107339701,0.0,0.0,0.0,0.06673964587072667,0.05173076983387916,0.12913912559340296,0.0
PD42591a,0.1803880154696885,0.0,0.0,0.0,0.0,0.7388981280616672,0.052596860703761336,0.028116995764883,0.0,0.0
PD42596a,0.6674535706165023,0.1089709582642096,0.10804310120510759,0.0,0.0,0.0,0.08880459762899712,0.026727772285183297,0.0,0.0
PD42882a,0.6151611378806479,0.12072339200513652,0.0,0.0,0.0,0.0,0.0624944137900431,0.025348243138671057,0.17627281318550142,0.0
PD42884a,0.669565672213101,0.14402467989657,0.0,0.0,0.0,0.0,0.05830463052633445,0.0,0.1281050173639945,0.0
PD42885a,0.42781546645053437,0.11316983291395329,0.0,0.0,0.0,0.13674368064143183,0.0638017466268748,0.0,0.18107393948600778,0.07739533388119797
PD42886a,0.5214685276257881,0.12162175732663327,0.0,0.0,0.0,0.0,0.20192328681431587,0.0328910485255565,0.12209537970770624,0.0
PD42887a,0.49206619401777696,0.11399338633237197,0.10742394513188105,0.05994092633426212,0.0,0.16387297017254543,0.03907548992577983,0.023627088085382768,0.0,0.0
PD42890a,0.6344612530831192,0.13807999580272412,0.08038074042691244,0.04129066374448741,0.0,0.0,0.03663187772662058,0.0,0.06915546921613627,0.0
PD42891a,0.4784650881157376,0.14256107897079315,0.11646892627226443,0.0,0.0,0.0,0.20397173898076704,0.05853316766043778,0.0,0.0
PD42893a,0.6712445013525351,0.07185061130817777,0.0,0.0,0.0,0.0,0.12834564865762135,0.0,0.12855923868166577,0.0
PD42894a,0.6435094072894961,0.10398306056104335,0.0,0.04743973056179406,0.0,0.0,0.027838538378275872,0.020495302171038194,0.1567339610383523,0.0
PD42895a,0.6108699067066855,0.10261467335683154,0.05835783030601481,0.05578438493286965,0.0,0.0,0.09707900047748293,0.0,0.07529420422011555,0.0
PD42897a,0.6415194313166619,0.11666494224218321,0.0,0.0,0.0,0.0,0.07969598431227466,0.0,0.1621196421288802,0.0
PD42898a,0.41513428839883226,0.06132583371353899,0.0,0.0,0.0,0.3840597810236111,0.05445406312820623,0.0,0.08502603373581133,0.0
PD42899a,0.3222309125887651,0.12086392074982212,0.0,0.0,0.0,0.422518300685309,0.055806061992905845,0.0,0.07858080398319804,0.0
PD42903a,0.6455795032544764,0.13025882661231852,0.0,0.0,0.0,0.0,0.07856489238513217,0.0,0.14559677774807286,0.0
PD42904a,0.6660562162534434,0.12431627459969569,0.0,0.0,0.0,0.0,0.05342366250425525,0.0,0.15620384664260575,0.0
PD42905a,0.4131526411837013,0.09362772795146812,0.0,0.0,0.0,0.4352177795021786,0.05800185136265202,0.0,0.0,0.0
PD46710a,0.6005569866473179,0.13977833395818817,0.0,0.060578583997411055,0.0,0.0,0.06393310945479538,0.03084466993503362,0.1043083160072539,0.0
PD46721a,0.5580092742646625,0.11942659885686968,0.0,0.0,0.0,0.0,0.3225641268784677,0.0,0.0,0.0
PD46724a,0.5362379086816033,0.12211761259455765,0.0,0.0,0.0,0.0,0.16394391830509977,0.0,0.1777005604187393,0.0
PD46738a,0.6182807181426903,0.13238546713182783,0.0,0.0,0.0,0.0,0.10773847849921134,0.0,0.14159533622627046,0.0
PD46743a,0.41757210931943833,0.1001528142337233,0.0,0.0,0.0,0.0,0.48227507644683837,0.0,0.0,0.0
PD46748a,0.5283634859610151,0.13770006627766807,0.07762556961052319,0.0,0.0,0.0,0.1286603598965831,0.026078634053314165,0.10157188420089636,0.0
PD46750a,0.6455449829827269,0.09922705587174581,0.0,0.0,0.0,0.0,0.09040638514180828,0.03771600455238423,0.12710557145133486,0.0
PD46769a,0.6427104517938532,0.1330073958561001,0.060758990664806695,0.053199782617853256,0.0,0.0,0.07807947858817357,0.03224390047921324,0.0,0.0
PD46770a,0.546527786103018,0.16459648941715307,0.0656518709461963,0.04344666694234111,0.0,0.0,0.04996939290764956,0.031169887224422963,0.09863790645921877,0.0
PD46773a,0.4860115529721756,0.11176842017554926,0.06375960610146096,0.0433373922235806,0.0,0.21852325620114887,0.054838668774832254,0.02176110355125249,0.0,0.0
PD46775a,0.6141824277130299,0.12689896350142443,0.06156874641711755,0.0,0.0,0.17181570840390153,0.02553415396452654,0.0,0.0,0.0
PD46799a,0.552577839481011,0.14651285448123075,0.07720733585573265,0.07063341648239106,0.0,0.0,0.1530685536996345,0.0,0.0,0.0
PD46800a,0.42572809522316707,0.11268538614089064,0.10875479700156068,0.07201328251243835,0.0,0.0,0.14226872166955706,0.0,0.13854971745238612,0.0
PD46819a,0.5607071993769743,0.1250283788364046,0.0,0.0,0.0,0.0,0.13174426008488435,0.0,0.08395010757662436,0.09857005412511223
PD46820a,0.0,0.15641136539315542,0.0,0.0,0.0,0.0,0.473053628507717,0.07105160932720841,0.0,0.29948339677191904
PD46834a,0.5797047963750026,0.1277762138466042,0.07681254278497869,0.06267427116286868,0.0,0.0,0.12233258202130805,0.030699593809237796,0.0,0.0
PD46836a,0.5678039242111554,0.1764911368441188,0.0,0.0,0.0,0.0,0.08371188830463686,0.0,0.17199305064008893,0.0
PD46838a,0.5775289659993518,0.12549612544293162,0.09196754730882577,0.12910514182253535,0.0,0.0,0.07590221942635549,0.0,0.0,0.0
PD46839a,0.5866322708029956,0.10518323644907338,0.10376345780367337,0.06422793067157133,0.0,0.0,0.14019310427268625,0.0,0.0,0.0
PD46841a,0.6341729686657732,0.13697536527471718,0.0,0.0,0.0,0.0,0.08947544908805442,0.022799382062690155,0.116576834908765,0.0
PD46858a,0.4427004288595325,0.16093971880014138,0.0,0.0,0.0,0.0,0.1281931779052333,0.0,0.14969137532704177,0.11847529910805117
PD46859a,0.6482726698941167,0.12738789232167502,0.0,0.05108460040633087,0.0,0.0,0.05300885995360767,0.0,0.12024597742426962,0.0
PD46860a,0.5713500998837845,0.13997743989978575,0.0,0.0,0.0,0.0,0.08281900339933551,0.030538044057672378,0.17531541275942208,0.0
PD46861a,0.6455187482977646,0.08022795721217436,0.0,0.0,0.0,0.0,0.1242209659059572,0.0,0.1500323285841039,0.0
PD46866a,0.4746363699828156,0.11378064028509667,0.1323499428802341,0.06531042996250253,0.0,0.0,0.05196220162578762,0.03514756422870771,0.12681285103485576,0.0
PD46868a,0.6408761869253653,0.15379238000334608,0.0,0.0,0.0,0.0,0.05744473176509013,0.0,0.1478867013061985,0.0
PD46869a,0.40868631590012805,0.09770271349945565,0.0,0.0,0.0,0.0,0.3762090501416052,0.030677772766368096,0.08672414769244301,0.0
PD46871a,0.6947721458171706,0.12931105210649924,0.0,0.0,0.0,0.0,0.06041330913656291,0.0,0.11550349293976726,0.0
PD46872a,0.6176180074770037,0.1377931785359864,0.0,0.0,0.0,0.0,0.08131010252795196,0.040456789051649754,0.12282192240740815,0.0
PD46873a,0.332650440877217,0.0,0.15699316701498986,0.0,0.0,0.0,0.21624284525465248,0.05784294096956768,0.0,0.23627060588357307
PD46875a,0.5608361469991516,0.12413842155831911,0.07559232615095164,0.0,0.0,0.0,0.1155689011332891,0.02476113016171621,0.09910307399657223,0.0
PD46877a,0.6154925047340312,0.08688442761660631,0.0,0.0,0.0,0.0,0.1842867686343301,0.0,0.0,0.11333629901503234
PD46885a,0.6788523653724328,0.14140065058678392,0.11261708870976181,0.0,0.0,0.0,0.06712989533102136,0.0,0.0,0.0
PD46887a,0.7022498291251029,0.10889636187420897,0.0,0.0,0.0,0.0,0.06438234519139929,0.0,0.12447146380928878,0.0
PD46888a,0.4646952146861145,0.11315559882976348,0.0,0.0,0.0,0.0,0.15649879219180676,0.04616207045744225,0.14328150352679475,0.07620682030807827
PD46889a,0.5435328711859898,0.18459400895166406,0.07618436600433229,0.06078954818484497,0.0,0.0,0.08942838645486154,0.04547081921830736,0.0,0.0
PD46891a,0.45053665368976287,0.1342716239909879,0.12847880509850065,0.0,0.0,0.0,0.15950465553019721,0.04217426312967434,0.0,0.08503399856087698
PD46892a,0.5467834588206322,0.14425652702931832,0.07058549917206809,0.08953585448853218,0.0,0.0,0.0448000013033528,0.024188194222422164,0.07985046496367408,0.0
PD46903a,0.5752716209435952,0.10172378892170299,0.09445307386011113,0.05163480859922389,0.0,0.0,0.14577576981433935,0.031140937861027358,0.0,0.0
PD46904a,0.34625310605868154,0.09517698621422976,0.0,0.0,0.0,0.0,0.21778180867102614,0.060860835103393435,0.1757150782263606,0.10421218572630866
PD46911a,0.33135214229187365,0.12751616876285707,0.0,0.0,0.0,0.0,0.2753928145523949,0.0,0.0,0.2657388743928744
PD46914a,0.6018088815984941,0.14914450785321368,0.08199658526341734,0.0,0.0,0.0,0.0841119177954039,0.0,0.082938107489471,0.0
PD46920a,0.6025605272155248,0.09916372641613919,0.0,0.0,0.0,0.0,0.15063216220729062,0.0,0.14764358416104537,0.0
PD46922a,0.7082458910541408,0.12307944006636799,0.0,0.0,0.0,0.0,0.06914912315611649,0.0,0.09952554572337463,0.0
PD46925a,0.5044187767119135,0.15624801506986002,0.0,0.0,0.0,0.0,0.14916297194125014,0.042463480242409334,0.1477067560345671,0.0
PD46930a,0.3839637375587866,0.10776537589280165,0.08072534162386835,0.0,0.0,0.0,0.388183152061163,0.03936239286338029,0.0,0.0
PD46934a,0.6501667112935382,0.11606382202482161,0.10728164374639144,0.0,0.0,0.0,0.045614592682201915,0.0,0.08087323025304685,0.0
PD46935a,0.5577548473442605,0.14439099661161303,0.0,0.0,0.0,0.0,0.13654325538793907,0.0,0.16131090065618747,0.0
PD46937a,0.4810597001422256,0.1459582690930667,0.07784343500552193,0.0,0.0,0.0,0.15099688953086238,0.04379232499838418,0.0,0.1003493812299392
PD46941a,0.5982000615682271,0.13208895030563386,0.10423961534777824,0.05135203000269496,0.0,0.0,0.0810129741545817,0.03310636862108426,0.0,0.0
PD46948a,0.46993265988717897,0.11507732044023843,0.09416326234017604,0.047020256059258504,0.0,0.0,0.11165586133403796,0.0,0.08484190491840435,0.07730873502070584
PD46953a,0.17951535561426232,0.04512120390140156,0.0,0.0,0.0,0.6950492664583138,0.056728788634226854,0.02358538539179542,0.0,0.0
PD46955a,0.6930467422126831,0.08749698309369676,0.0,0.0,0.0,0.0,0.0362012265563204,0.0,0.1832550481372997,0.0
PD46957a,0.5385352553912901,0.0832506979098603,0.06680466166219773,0.0,0.0,0.24586753004507494,0.06554185499157704,0.0,0.0,0.0
PD46958a,0.39333251063438135,0.06772578099487797,0.0,0.0,0.0,0.23894236594624146,0.11719174196718089,0.0,0.18280760045731828,0.0
PD46959a,0.6525337725121341,0.14603683635146547,0.06499570572022476,0.0,0.0,0.0,0.05764027458464303,0.0,0.07879341083153288,0.0
PD46960a,0.6230196325837658,0.08844502363308111,0.0,0.043591374773428275,0.0,0.0,0.06907497473516232,0.022655876915490262,0.15321311735907228,0.0
PD46961a,0.4898768897540378,0.1662949521675948,0.07903220356468654,0.0,0.0,0.0,0.08228533359379313,0.02414703476389723,0.15836358615599044,0.0
PD46962a,0.6376439156863719,0.1534150356667452,0.0,0.0,0.0,0.0,0.04989570094747358,0.029590844889854688,0.12945450280955445,0.0
PD46963a,0.6186531892241419,0.1297055106594704,0.0,0.059717563534299786,0.0,0.0,0.036892211092775434,0.028479973258562635,0.12655155223075,0.0
PD46964a,0.4959775078175128,0.1621753826411575,0.07899961258959501,0.0,0.08618799911282402,0.0,0.07541753829127991,0.0,0.10124195954763077,0.0
PD47586a,0.5768706026814888,0.13615648117797655,0.0,0.0635482918259275,0.0,0.0,0.10441848536581967,0.0,0.1190061389487874,0.0
PD47593a,0.4989979905390818,0.0545771895624666,0.0,0.0,0.0,0.26106114544901665,0.08494506755075128,0.0,0.10041860689868368,0.0
PD47596a,0.6014653151738433,0.12869983170546515,0.07730674166342738,0.06425563102492149,0.0,0.0,0.03262446457605521,0.024459678713381828,0.07118833714290579,0.0
PD48851a,0.5207189068548062,0.13179478245841,0.1187609592649126,0.0,0.0,0.0,0.088459073204984,0.0,0.14026627821688714,0.0
PD48855a,0.4713956619245114,0.11169723482475713,0.0,0.0,0.0,0.0,0.24418558954773711,0.04504845878497734,0.12767305491801703,0.0
PD48859a,0.6089599131943925,0.1380875469146456,0.12721368434824848,0.0700648743184258,0.0,0.0,0.05567398122428772,0.0,0.0,0.0
PD48864a,0.46348944573306955,0.14283114424408025,0.15962466680346274,0.05791342845160492,0.0,0.0,0.09791486853297551,0.0,0.0782264462348072,0.0
PD48865a,0.5397523547378859,0.19616926714818872,0.0,0.0,0.0,0.0,0.1707333497475669,0.0,0.09334502836635855,0.0
PD48866a,0.4243474820214466,0.12841861206702768,0.1193509961939399,0.07242949323554464,0.0,0.0,0.09915330893366468,0.03778264948054883,0.11851745806782761,0.0
PD48867a,0.6366157613310618,0.109294046284585,0.07507760421025866,0.06010050947073898,0.0,0.0,0.07373257687199886,0.04517950183135677,0.0,0.0
PD48868a,0.601480696355206,0.12935584210280504,0.0,0.0,0.0,0.0,0.1345072895688388,0.0,0.13465617197315016,0.0
PD48869a,0.6146415667385331,0.15047676617731348,0.0,0.0,0.0,0.0,0.1024898964225848,0.0,0.1323917706615687,0.0
PD48871a,0.6142388267048187,0.14117689257785038,0.08904868764403964,0.07445930583653326,0.0,0.0,0.08107628723675814,0.0,0.0,0.0
PD48872a,0.5357369267226487,0.13314199564954474,0.07741603909923533,0.0,0.0,0.0,0.1486081519165304,0.0,0.10509688661204095,0.0
PD48873a,0.38414755253987964,0.18280567531278763,0.08366753724125206,0.0,0.0,0.0,0.21259718073104453,0.03617819831262187,0.10060385586241435,0.0
PD48875a,0.5809843267284805,0.1385066423535193,0.09689877414207267,0.08372887700534226,0.0,0.0,0.07068794639313694,0.02919343337744835,0.0,0.0
PD48882a,0.5947035948469487,0.15335422633055615,0.0,0.0,0.08607246567320877,0.0,0.06415355559003726,0.0,0.10171615755924901,0.0
PD48886a,0.6454745297323392,0.11825843535783634,0.0,0.0,0.0,0.0,0.09484318489130009,0.0,0.14142385001852434,0.0
PD48887a,0.47011785186605065,0.06293383136343257,0.0,0.0,0.0,0.4071284111366472,0.05981990563386964,0.0,0.0,0.0
PD48902a,0.7111055075397873,0.13265085672056118,0.08895145998495958,0.0,0.0,0.0,0.06729217575469189,0.0,0.0,0.0
PD48942a,0.3835817967312766,0.13900517397876685,0.0,0.0,0.0,0.0,0.2829105999688797,0.079800770547513,0.11470165877356388,0.0
PD50084a,0.45557898402258573,0.11447754035248928,0.09123804348471376,0.0,0.0,0.0,0.2022787827985926,0.04940418854567949,0.0,0.087022460795939
PD50085a,0.6129050481664221,0.15959876618043337,0.10488888947772057,0.052371697297907346,0.0,0.0,0.07023559887751663,0.0,0.0,0.0
PD50135a,0.5033363098909743,0.17514023252324007,0.08619314558921233,0.0,0.0,0.0,0.15072378563120575,0.0,0.08460652636536757,0.0
PD50137a,0.484840953809031,0.11964956745160163,0.0,0.0,0.0,0.0,0.11668111735571533,0.05587622354419375,0.08418444179673013,0.13876769604272832
PD50143a,0.0,0.0,0.0,0.0,0.0,0.13422439387094015,0.32265664122943927,0.06246669845439617,0.0,0.4806522664452244
PD50147a,0.33578930833567977,0.08817587674969417,0.0,0.0,0.13994213970162014,0.0,0.23471335081178812,0.0,0.2013793244012178,0.0
PD50153a,0.6295606802065913,0.1599918484385805,0.0,0.04472111996279473,0.0,0.0,0.08252054335470635,0.0,0.08320580803732722,0.0
PD50160a,0.5711388887612502,0.17380164333668002,0.0,0.0,0.0,0.0,0.11444905759628406,0.0,0.14061041030578578,0.0
PD50161a,0.5395673333559574,0.1427017831058378,0.13628871726144054,0.0,0.0,0.0,0.1814421662767643,0.0,0.0,0.0
PD50164a,0.5509826897946428,0.13010895003311995,0.0960767726176669,0.053796149088421466,0.0,0.0,0.07029485351101372,0.020629815577842426,0.07811076937729297,0.0
PD50165a,0.41891902138446857,0.10583620409734283,0.11694551568288529,0.0,0.0,0.0,0.30807637860481546,0.05022288023048775,0.0,0.0
PD50166a,0.5027563125651561,0.08761226136075607,0.10516082756926094,0.08607356838782483,0.0,0.0,0.0945839981221417,0.046424624672123604,0.0,0.07738840732273662
PD50167a,0.5620456159383159,0.10984743727791695,0.0,0.05545046102353245,0.0,0.0,0.15175737783840834,0.03297220436443037,0.08792690355739596,0.0
PD50168a,0.5149284381675956,0.09261285282636639,0.07540596667211998,0.0,0.0,0.0,0.18312793020781384,0.04326090479785379,0.09066390732825044,0.0
PD50171a,0.5386438223447045,0.1317735492766849,0.12345251330030714,0.08322127524003266,0.0,0.0,0.0926874209743145,0.030221418863956313,0.0,0.0
PD50187a,0.6036802463314296,0.1678061832163326,0.0,0.0,0.0,0.0,0.07740082452691792,0.03370248748758703,0.11741025843773277,0.0
PD50196a,0.6089564827871047,0.1346349004808924,0.1035785337085835,0.0,0.0,0.0,0.10303330604224685,0.04979677698117253,0.0,0.0
PD50201a,0.5172043428326307,0.10395657243954846,0.0,0.0,0.0,0.0,0.2534472885687206,0.0,0.0,0.12539179615910018
PD50425a,0.6900856682035765,0.17225259810314325,0.0783625646846136,0.0,0.0,0.0,0.05929916900866669,0.0,0.0,0.0
PD50441a,0.0,0.0,0.0,0.0,0.0,0.0,0.28940727120857807,0.7105927287914219,0.0,0.0
PD50444a,0.6662968899086814,0.14844936094271555,0.0,0.0,0.0,0.0,0.058096389479269164,0.0,0.12715735966933386,0.0
PD50610a,0.32691586673555567,0.14490208625304393,0.0,0.0,0.0,0.0,0.23965084717799404,0.0,0.1818767578146514,0.10665444201875494
PD50620a,0.6464536478196593,0.13346918771429173,0.11333895578239221,0.05667312683266644,0.0,0.0,0.05006508185099049,0.0,0.0,0.0
PD50621a,0.5028933993184553,0.14107873884785524,0.0819303742714665,0.0,0.0,0.0,0.1045669805809365,0.04099904067589046,0.12853146630539605,0.0
PD50622a,0.6257843809935043,0.16694204100300636,0.08965580638881034,0.05169718691328382,0.0,0.0,0.06592058470139528,0.0,0.0,0.0
PD50625a,0.587749062128076,0.1782262561602662,0.12535269578933822,0.06310706434677478,0.0,0.0,0.04556492157554481,0.0,0.0,0.0
PD50627a,0.6382883879808356,0.11643834543341224,0.08326966203476413,0.06267343271190973,0.0,0.0,0.0993301718390781,0.0,0.0,0.0
PD50629a,0.7271075997690157,0.14925809933257006,0.0,0.0,0.0,0.0,0.04020126495823697,0.0,0.08343303594017722,0.0
PD50630a,0.6491853692149561,0.17213552164696444,0.09670834162943792,0.04927358418511203,0.0,0.0,0.03269718332352974,0.0,0.0,0.0
PD50637a,0.46016552776035585,0.15975053666014927,0.10350766766710642,0.06670865187494021,0.0,0.0,0.054496859683224964,0.029646719807066874,0.1257240365471563,0.0
PD50638a,0.5538408776447671,0.28409330947470685,0.0,0.0,0.0,0.0,0.05266109780449722,0.0,0.10940471507602885,0.0
PD51184a,0.5576651639803255,0.16568642624338015,0.0,0.0,0.0,0.0,0.05531866144214684,0.024960061790297604,0.19636968654384973,0.0
PD51185a,0.6561012463890558,0.10660669785773201,0.0,0.0,0.0,0.0,0.09877482986206716,0.03209640756390893,0.10642081832723627,0.0
PD51187a,0.5342052013080746,0.10832941630300154,0.0,0.06722907326279474,0.0,0.0,0.07374026086319609,0.03519825728806365,0.18129779097486934,0.0
PD51191a,0.5336102648047095,0.12802626951751123,0.11098016028685043,0.06835971897547317,0.0,0.0,0.11158902765830557,0.04743455875715012,0.0,0.0
PD51213a,0.5206583830908709,0.16116477822058858,0.10668453477836802,0.05301186128253989,0.0,0.0,0.030413896915230044,0.0260808047923798,0.1019857409200227,0.0
PD51219a,0.5312434648095029,0.13056986110510008,0.0812101573182093,0.04681331043162558,0.0,0.0,0.09132899370133649,0.03194670826178703,0.08688750437243847,0.0
PD51224a,0.4663550810895143,0.1175175148835932,0.0,0.0,0.0,0.0,0.1741153730489497,0.04112263277127426,0.11153266378370923,0.08935673442295934
PD51225a,0.6009307764029441,0.15213516760725507,0.11844006813228616,0.07218912013848895,0.0,0.0,0.05630486771902568,0.0,0.0,0.0
PD51227a,0.5200010005935954,0.14311566599092174,0.0,0.0,0.0,0.0,0.16526341128653355,0.03168871763378466,0.13993120449516463,0.0
PD51239a,0.6427378245619938,0.10330646161858868,0.05488417103254278,0.0,0.0,0.0,0.06142782588560217,0.02964571479689821,0.10799800210437456,0.0
PD51254a,0.5105249514348789,0.15590819615321289,0.10558106911897083,0.0,0.08160799324377882,0.0,0.06721488081050367,0.0,0.07916290923865481,0.0
PD51256a,0.5250676448727879,0.1263839797388111,0.0,0.0,0.0,0.0,0.12821021921021142,0.044270297263494955,0.17606785891469473,0.0
PD51260a,0.7103971189709168,0.09505394045403218,0.0,0.0,0.0,0.0,0.06443579822434514,0.03411020042784666,0.0960029419228592,0.0
PD51262a,0.6451924049327711,0.17507790670657472,0.0,0.0,0.0,0.0,0.055859613422028005,0.03235192136113272,0.09151815357749353,0.0
PD51264a,0.5837190474147446,0.1966229015808988,0.0,0.0,0.0,0.0,0.06489955769794617,0.030290188693765065,0.12446830461264548,0.0
PD51266a,0.5061199803210563,0.14638891565639875,0.0,0.0,0.10225166248254866,0.0,0.14844909480064736,0.0,0.0967903467393488,0.0
PD51267a,0.6162966090991066,0.15605192193602851,0.08012691156735557,0.058727147696020235,0.0,0.0,0.06468289297416052,0.024114516727328606,0.0,0.0
PD51269a,0.6049747612730461,0.1398821772861986,0.14495169056373822,0.0,0.0,0.0,0.1101913708770171,0.0,0.0,0.0
PD51271a,0.5426562529756689,0.1310737218567397,0.0,0.0,0.0,0.0,0.18720254643647183,0.0,0.13906747873111966,0.0
PD51273a,0.5474656118775035,0.12131414295754211,0.11060488941444248,0.060255558885945075,0.0,0.0,0.12827133315895825,0.03208846370560863,0.0,0.0
PD51274a,0.4673355568938324,0.12273578006232436,0.10072203259767683,0.0,0.0,0.15533116914075085,0.10337469003867755,0.0505007712667381,0.0,0.0
PD51276a,0.37453293926037934,0.18896698130927989,0.0,0.0,0.0,0.0,0.20242607202528617,0.0,0.0,0.2340740074050546
PD51285a,0.5276107450941323,0.15418542794624643,0.08590644196216755,0.05830216949189905,0.0,0.0,0.13136730327858087,0.04262791222697371,0.0,0.0
PD51290a,0.4943295672128037,0.13111548416173605,0.0,0.0,0.0,0.0,0.12166851609374521,0.03303429893726392,0.0,0.21985213359445122
PD51293a,0.6683039599684293,0.0,0.0,0.0,0.0,0.0,0.17886068586473725,0.0,0.1528353541668335,0.0
PD51385a,0.39596810092370105,0.09374057551526135,0.0,0.0,0.0,0.2183826472688477,0.1372404283306458,0.04941085183430855,0.10525739612723571,0.0
PD51389a,0.5967406647542215,0.10706908953110368,0.0,0.04802152161704695,0.0,0.0,0.07593419669720688,0.027043504527399516,0.14519102287302157,0.0
PD51427a,0.5403787593731677,0.14673393878136573,0.0,0.0,0.0,0.0,0.3128873018454665,0.0,0.0,0.0
PD51510a,0.6369478985683414,0.1546946866401324,0.12932744056504564,0.07902997422648057,0.0,0.0,0.0,0.0,0.0,0.0
PD51511a,0.41291585649315177,0.18019555008841953,0.17934747014632105,0.07364244925271689,0.0,0.0,0.10515422677085971,0.04874444724853103,0.0,0.0
PD51514a,0.6687395195241825,0.14567824688731057,0.08201051528447724,0.0,0.0,0.0,0.0,0.0,0.10357171830402966,0.0
PD51516a,0.6422045417028294,0.1422389361504346,0.0,0.0,0.0,0.0,0.02196837286451581,0.03636893794161748,0.15721921134060268,0.0
PD51518a,0.713415820957327,0.0983707186907709,0.1311664820365364,0.05704697831536579,0.0,0.0,0.0,0.0,0.0,0.0
PD51519a,0.6797947600706378,0.14106903072849727,0.09332264708437775,0.059984642832757736,0.0,0.0,0.0,0.02582891928372957,0.0,0.0
PD51522a,0.5677834106050406,0.1711024182601143,0.11567379601787388,0.04971421290504097,0.0,0.0,0.05972478794553019,0.03600137426640027,0.0,0.0
PD51525a,0.5853636064993673,0.1218932479099593,0.1123304250368405,0.0,0.0,0.0,0.022123052232422342,0.023078626219800773,0.1352110421016099,0.0
PD51526a,0.6182911027702321,0.14740563096049983,0.0,0.0,0.0,0.0,0.0,0.0,0.23430326626926812,0.0
PD51529a,0.7238077881897503,0.12700903198007932,0.07216450056766623,0.0483354807568754,0.0,0.0,0.028683198505628647,0.0,0.0,0.0
PD51532a,0.6906529502233004,0.1655570101475425,0.0,0.05497319375086905,0.0,0.0,0.0,0.0,0.08881684587828802,0.0
PD51534a,0.5030159559234565,0.1004601629554431,0.0,0.06387013714912063,0.0,0.15001068333901482,0.0,0.03374910582656688,0.1488939548063981,0.0
PD51536a,0.43547302347488287,0.1356147669488398,0.08345169435850794,0.07103781537165198,0.0,0.24982699793398672,0.024595701912130622,0.0,0.0,0.0
PD51540a,0.446068383329255,0.08645096113853844,0.0,0.052009309591383515,0.0,0.3685831245104173,0.04688822143040565,0.0,0.0,0.0
PD51541a,0.6136614399402767,0.14740681179238593,0.0,0.0,0.0,0.0,0.04259887601714082,0.0,0.19633287225019663,0.0
PD51542a,0.479282989636576,0.0891046998330017,0.0,0.0,0.0,0.2395902167027818,0.0,0.0,0.1920220938276404,0.0
PD51544a,0.2591813413768802,0.07681627956843254,0.0,0.053474700359555864,0.0,0.5480319101389468,0.03900781316836449,0.02348795538782002,0.0,0.0
PD51545a,0.6916559513456041,0.1143022446215868,0.10568015860661144,0.05154627824350693,0.0,0.0,0.03681536718269084,0.0,0.0,0.0
PD51546a,0.1957375830223422,0.0,0.0,0.0,0.0,0.7735143139402167,0.030748103037441004,0.0,0.0,0.0
PD51557a,0.5545451823301063,0.09696014192693887,0.07755925018022311,0.0,0.0,0.0,0.0905317042447407,0.0550926198474029,0.12531110147058816,0.0
PD51559a,0.536339213810146,0.14081838624755386,0.07720580864484555,0.0,0.0,0.0,0.09945056826596925,0.030666040894686167,0.11551998213679918,0.0
PD51560a,0.6166536784152884,0.13226237497412985,0.08514355604273569,0.06143633989437201,0.0,0.0,0.06772533189081395,0.03677871878265998,0.0,0.0
PD51566a,0.6533291593729237,0.131382830491049,0.07456351517921761,0.05381950745893884,0.0,0.0,0.0,0.0,0.08690498749787094,0.0
PD51567a,0.6556286435067487,0.13826047556193405,0.11602248025229397,0.051116987233848166,0.0,0.0,0.03897141344517507,0.0,0.0,0.0
PD51569a,0.6176534426061845,0.1672732318992117,0.0,0.0,0.0,0.0,0.08539874815871924,0.0,0.12967457733588458,0.0
PD51571a,0.6186127979022877,0.14206557943675793,0.0,0.07094428746536942,0.0,0.0,0.038109831173111515,0.0,0.13026750402247353,0.0
PD51574a,0.6755140734681969,0.08439573292924715,0.0,0.048193704517879535,0.0,0.0,0.049349576141576014,0.0,0.14254691294310035,0.0
PD51575a,0.5944490203808642,0.16310155685713973,0.12671046893024013,0.09408962316000352,0.0,0.0,0.021649330671752363,0.0,0.0,0.0
PD51578a,0.6345235446438183,0.15584646113256476,0.0,0.05920484263906301,0.0,0.0,0.0,0.0,0.15042515158455397,0.0
PD51579a,0.5093273404407765,0.12318454975465962,0.1323349322180403,0.061500480141574866,0.0,0.0,0.1496315583498825,0.024021139095066268,0.0,0.0
PD51582a,0.6849295668047438,0.1416237402430084,0.0,0.0,0.0,0.0,0.0,0.0,0.17344669295224777,0.0
PD51583a,0.6355382694157277,0.14767840984250266,0.0,0.05565269127210861,0.0,0.0,0.0,0.0,0.16113062946966103,0.0
PD51584a,0.6699918349589952,0.13211217984565657,0.0,0.0,0.0,0.0,0.036635458249434066,0.0,0.16126052694591414,0.0
PD51585a,0.5329039017579416,0.0,0.0,0.0,0.0,0.0,0.09322982618937434,0.07375424242218351,0.3001120296305005,0.0
PD51586a,0.46216188380105155,0.13985809109314778,0.12167549680896222,0.07236961103880994,0.0,0.1687932274002963,0.0,0.035141689857732146,0.0,0.0
PD51587a,0.5823121325016668,0.15703428075700368,0.0,0.052951448991837555,0.0,0.0,0.06097936766601141,0.02404635473684683,0.12267641534663369,0.0
PD51589a,0.666239768882682,0.16042948254673722,0.0,0.0,0.0,0.0,0.05739414033574085,0.0,0.11593660823483988,0.0
PD51590a,0.6469822374337945,0.17684150355269923,0.0,0.0,0.0,0.0,0.02630152741654037,0.0,0.14987473159696577,0.0
PD51591a,0.5312964954056013,0.18676623552942387,0.0,0.0,0.08256775074248161,0.0,0.023805891349984586,0.0,0.17556362697250855,0.0
PD51598a,0.6668359936801697,0.12777203039242546,0.0,0.06711122426826875,0.0,0.0,0.0,0.0,0.13828075165913623,0.0
PD51599a,0.6333497591823114,0.16461054277190726,0.0,0.0,0.0,0.0,0.09411762057606388,0.0,0.10792207746971759,0.0
PD51637a,0.6146211758826639,0.12179481158140865,0.09576148934148149,0.05441654807925914,0.0,0.0,0.11340597511518688,0.0,0.0,0.0
PD51638a,0.5613927115140763,0.10388690299035205,0.0,0.0,0.0,0.0,0.11055560807416666,0.024310664617463878,0.19985411280394114,0.0
PD51639a,0.5045549080379075,0.13617234246173765,0.12607968902653108,0.0,0.0,0.0,0.15723951063282013,0.0,0.0,0.07595354984100369
PD51640a,0.623338769893077,0.1397689512940786,0.10670420320420806,0.07732377743127479,0.0,0.0,0.052864298177361504,0.0,0.0,0.0
PD51642a,0.5310239582056678,0.10468994812265228,0.09199557907541822,0.052699910813016025,0.0,0.0,0.12037805931282708,0.0,0.09921254447041854,0.0
PD51643a,0.5822987687225959,0.14762261246281155,0.1373766891055835,0.04546963707425123,0.0,0.0,0.04781392915562219,0.03941836347913564,0.0,0.0
PD51644a,0.6194951254410256,0.09560897177783481,0.09061516928297841,0.06230534969835121,0.0,0.0,0.05096689144238863,0.0,0.08100849235742144,0.0
PD51646a,0.4058232212837324,0.13022530559976933,0.11171554560199197,0.0,0.0,0.0,0.19131859432083045,0.037991958678743526,0.0,0.12292537451493245
PD51651a,0.46260759587706984,0.14095563373402029,0.07428076272116804,0.0,0.0,0.12613320814397305,0.12625539396944233,0.0,0.0,0.06976740555432634
PD51652a,0.6242078691330388,0.12251711147085846,0.0,0.0,0.0,0.0,0.13487363746750192,0.0,0.11840138192860067,0.0
PD51654a,0.45555486347423924,0.13793274571310848,0.0,0.0,0.0,0.0,0.18663323570319212,0.05199339457229894,0.16788576053716114,0.0
PD51658a,0.4785369581300701,0.1192047462116285,0.0,0.0,0.0,0.0,0.1834082265156501,0.0,0.11790998714159746,0.10094008200105387
PD51661a,0.6366521702924025,0.12992434725016497,0.0,0.0,0.0,0.0,0.14536457648817575,0.0,0.08805890596925676,0.0
PD51667a,0.423189345445137,0.12838652042488974,0.0,0.0,0.0876337308360984,0.0,0.16598729287918668,0.0,0.10877319811674246,0.08602991229794574
PD51682a,0.7007088809041064,0.15671890080195017,0.0,0.0,0.0,0.0,0.058439149666231816,0.0,0.08413306862771172,0.0
PD51695a,0.36722501544507397,0.12920744557074454,0.09582910958904221,0.061493039950172045,0.0,0.0,0.1942716474336853,0.0314855348931468,0.1204882071181353,0.0
PD51697a,0.5754452894707222,0.14666044537313494,0.08725569773833769,0.0,0.0,0.0,0.09703250621514631,0.02294001605102463,0.07066604515163423,0.0
PD51702a,0.5832234278390921,0.12724252542959583,0.12107959745321827,0.05593394151915023,0.0,0.0,0.07841961989642247,0.03410088786252097,0.0,0.0
PD51705a,0.6040984333125193,0.1421769058957277,0.10036086257064017,0.06688399367942985,0.0,0.0,0.08647980454168303,0.0,0.0,0.0
PD51715a,0.4928697671937147,0.134601740040497,0.2390615571476408,0.1334669356181474,0.0,0.0,0.0,0.0,0.0,0.0
PD51717a,0.6229776305070234,0.10787611758563788,0.12667072247639902,0.0,0.0,0.0,0.09588385480391275,0.04659167462702704,0.0,0.0
PD51720a,0.5561060788501674,0.08677373165322826,0.08077505053127705,0.08035479954662429,0.0,0.0,0.10512055739276611,0.0,0.0,0.09086978202593687
PD51721a,0.6092198806161765,0.1490307014717598,0.06652259175015418,0.0,0.0,0.0,0.04829880949119203,0.029485031248072523,0.09744298542264505,0.0
PD51723a,0.5233517874263177,0.1234476453038111,0.08975452389336981,0.08107642722225475,0.0,0.0,0.06982881501917175,0.0227070629849095,0.0898337381501654,0.0
PD51737a,0.5978930103764929,0.11168738050137371,0.05863619131249791,0.051627419608608456,0.0,0.0,0.07331975933515958,0.027333233814928797,0.07950300505093863,0.0
PD51742a,0.6032926562758776,0.1242501926857796,0.12555447278184023,0.04820312839392148,0.0,0.0,0.0709251769819586,0.027774372880622473,0.0,0.0
PD51816a,0.712551899482615,0.15306534284728604,0.0,0.0,0.0,0.0,0.04368986379990481,0.0,0.09069289387019419,0.0
PD51820a,0.5905997817105689,0.16672615590959175,0.0,0.0,0.0,0.0,0.08675199581314812,0.022725304522416383,0.13319676204427472,0.0
PD55504a,0.37707590092239746,0.12850892635002645,0.09582782551689503,0.0,0.0,0.0,0.398587347210681,0.0,0.0,0.0
PD55505a,0.4648054507820711,0.12189877651295676,0.11085845884544648,0.0,0.0,0.0,0.15459704443745823,0.04282200105901969,0.10501826836304781,0.0
PD55506a,0.46601847400660706,0.13486736971024776,0.0,0.07018225952355632,0.0,0.18154377683484468,0.14738811992474435,0.0,0.0,0.0
PD55507a,0.2966416056589565,0.16972122473274717,0.12390469453155877,0.0,0.12132772271632704,0.0,0.15483045592256364,0.0,0.133574296437847,0.0
PD55508a,0.4505909928113591,0.13562157289385443,0.07293130790923773,0.0,0.11826438335163955,0.0,0.10153667385300026,0.0,0.1210550691809089,0.0
PD55509a,0.5228287429725692,0.1397967613342164,0.09808622876321346,0.06359852356465559,0.0,0.0,0.07609916626508784,0.0,0.09959057710025758,0.0
PD55510a,0.6376780394534085,0.09984733881745889,0.0,0.0,0.0,0.0,0.13930800919715292,0.0,0.12316661253197968,0.0
PD55511a,0.45431193523343366,0.10173060302554987,0.07381750792201529,0.08110510126522522,0.07641439972240337,0.0,0.1184597766725131,0.0,0.0941606761588595,0.0
PD55512a,0.3504200759681464,0.13485195477665277,0.0,0.0,0.08301154910342745,0.0,0.14282768490025893,0.03313549229960535,0.1627429858761836,0.0930102570757255
PD55513a,0.34302743635492056,0.1483093150344473,0.14536170734751305,0.0,0.09182252139532454,0.0,0.11855021301187352,0.0,0.152928806855921,0.0
PD55514a,0.2966874816451399,0.10665939578152016,0.14550523498540968,0.0,0.0,0.18991750531819318,0.1887385020206363,0.07249188024910072,0.0,0.0
PD55515a,0.3937745196348548,0.09759354479493629,0.11527791448533456,0.0,0.0,0.0,0.21757270358582395,0.0,0.17578131749905027,0.0
PD55516a,0.4051474529026294,0.10917161670173531,0.1487882657854858,0.0,0.0,0.0,0.06864129773091524,0.0,0.2682513668792343,0.0
PD55517a,0.45749105237270016,0.13148649308668253,0.12173984840375603,0.0,0.0,0.0,0.10195271673415418,0.026189682822406527,0.1611402065803006,0.0
PD55519a,0.350925601244131,0.08483836971947753,0.0,0.0,0.13020244116280713,0.0,0.30540284387148514,0.0,0.0,0.12863074400209912
PD55520a,0.4355201521564159,0.12799487656062036,0.11534392012164177,0.05476729387457559,0.0,0.0,0.15132462412323935,0.034017065546499255,0.08103206761700767,0.0
PD55521a,0.6243451806254056,0.133786742165907,0.0,0.0,0.0,0.0,0.10062235345835219,0.0,0.14124572375033528,0.0
PD55523a,0.492002472533673,0.13265822322754817,0.11869880078646639,0.06993953440185095,0.0,0.0,0.08699905281872754,0.0287572992880056,0.07094461694372835,0.0
PD55524a,0.37232819459283373,0.07128104230801231,0.0,0.0,0.0,0.0,0.24269368381585937,0.0,0.14250485113551897,0.1711922281477757
PD55525a,0.4524943967137304,0.0,0.1404792706438362,0.0,0.0,0.0,0.24615088170053004,0.0,0.0,0.16087545094190345
PD55526a,0.3615529830109041,0.12281430283886939,0.12394483037276634,0.0,0.0,0.0,0.16104060602847112,0.03727065202449137,0.11275962388893836,0.08061700183555941
PD55527a,0.37711254295109564,0.15585079182456582,0.11007375696594238,0.0,0.08589900037569108,0.0,0.143800750012321,0.0,0.12726315787038425,0.0
PD55528a,0.5320359401574922,0.09735505623300478,0.0,0.0,0.0,0.0,0.1501256239496316,0.0,0.22048337965987133,0.0
PD55529a,0.2534108902136809,0.07675443722843735,0.0,0.0,0.12806045400863983,0.0,0.18027051058894977,0.18406385111742726,0.17743985684286478,0.0
PD55530a,0.5498164626819219,0.10688761483414203,0.0,0.06291093578888034,0.0,0.0,0.12405888803065798,0.0,0.15632609866439784,0.0
PD55531a,0.36637861141887673,0.07957774528878915,0.10079562082746547,0.0,0.10919136451727032,0.0,0.17076836036966048,0.0,0.1732882975779378,0.0
PD55532a,0.5278945000996156,0.09644300820779518,0.0,0.0,0.0,0.0,0.1723379875822766,0.037987344458307704,0.16533715965200488,0.0
PD55533a,0.5619886416986783,0.07562607416316464,0.0,0.04686385882262674,0.0,0.0,0.15609190010620805,0.034157193933159566,0.12527233127616277,0.0
PD55534a,0.45033127421553804,0.17886120577925343,0.07418969079751966,0.0,0.0,0.0,0.1352365793294315,0.0,0.16138124987825733,0.0
PD55535a,0.2745486444936258,0.1725093196689429,0.18300874435874895,0.06417573024326434,0.0,0.16023151676372874,0.10944919696612632,0.036076847505563135,0.0,0.0
PD55536a,0.5280382833249313,0.14177329805494115,0.1040136610671913,0.06628014166454606,0.0,0.0,0.08589886119933708,0.0,0.07399575468905314,0.0
PD55537a,0.5423801420510981,0.08200537680440947,0.06635201218861113,0.08370669183523044,0.0752582196025893,0.0,0.06431052046841386,0.0,0.08598703704964776,0.0
PD55538a,0.5925838726521286,0.1119200008924198,0.08625405385615893,0.07233269133567728,0.0,0.0,0.03731705006056514,0.0,0.09959233120305015,0.0
PD55539a,0.5692603674776743,0.10288319271183745,0.1275287561882068,0.047327956612841345,0.0,0.0,0.0415078200390561,0.0,0.111491906970384,0.0
PD55540a,0.4743862505407311,0.1264557476846789,0.11184963613110552,0.0,0.0,0.0,0.08480235195805061,0.027366778973597683,0.1751392347118363,0.0
PD55541a,0.6325007711598045,0.09787238581057456,0.0,0.0,0.0,0.0,0.10012256614446872,0.0,0.16950427688515216,0.0
PD42581a,0.6174338831479357,0.16282611570491903,0.0,0.0,0.0,0.0,0.13105840898949783,0.0,0.0,0.08868159215764743
PD67534a,0.5472191527338081,0.15152772755491037,0.08845965240419412,0.0687659214876512,0.0,0.0,0.04698597626235028,0.0,0.097041569557086,0.0
PD67535a,0.4271238379472529,0.12809226940101462,0.1351817903342981,0.08310303039829212,0.0,0.0,0.08287217036809008,0.0,0.14362690155105212,0.0
PD67536a,0.20168072277876647,0.10962325301625689,0.10939757511005144,0.09985323919498455,0.169602423195322,0.0,0.19614336173159533,0.0,0.0,0.11369942497302343
PD67537a,0.5567393323284467,0.11505586944329411,0.07642850449712302,0.0,0.0,0.0,0.08380315435555957,0.0,0.16797313937557656,0.0
PD67538a,0.5025880725817333,0.0,0.0,0.0,0.0,0.0,0.26419935332418465,0.0,0.0,0.23321257409408194
PD67539a,0.4300058251047748,0.1074223881509929,0.0,0.0,0.0,0.0,0.21859195624470418,0.05077745685444269,0.0,0.19320237364508544
PD67540a,0.44154081852532867,0.1114326987960922,0.12502662387115873,0.0,0.0,0.0,0.11855881239213902,0.03301815654142876,0.1704228898738527,0.0
PD67541a,0.6431645188975481,0.13096567738694534,0.0,0.0,0.0,0.0,0.10335356012596614,0.0,0.12251624358954044,0.0
PD67542a,0.5578983696201661,0.13856395330038196,0.059976192270486124,0.05759994157067391,0.0,0.0,0.06321542131342857,0.022251641174517122,0.10049448075034627,0.0
PD67543a,0.34961557239052016,0.0984184888719526,0.0,0.0,0.0,0.0,0.3456686477454189,0.05665626663788222,0.0,0.1496410243542261
PD67544a,0.4662927358514098,0.12051700382716224,0.12873113494140764,0.0,0.0,0.0,0.0834253500274742,0.0,0.20103377535254618,0.0
PD67545a,0.5099374540490105,0.1195523673927825,0.0,0.0,0.08486734174977895,0.0,0.09512616963351918,0.0,0.19051666717490878,0.0
PD67546a,0.38793677993963227,0.1504335143754914,0.10911308233654506,0.0,0.1109182197549825,0.0,0.10271368164701114,0.0,0.13888472194633758,0.0
PD67547a,0.42336581306932597,0.11338994279425128,0.12451216698996452,0.0,0.0,0.0,0.1435688698523274,0.034249585059506815,0.16091362223462402,0.0
PD67548a,0.32588922788300473,0.14995792909018657,0.10176371842571749,0.07007697407600572,0.0,0.0,0.16643928981466655,0.034421597873650955,0.15145126283676794,0.0
PD67549a,0.4855191399660538,0.12435202173793747,0.09411579235042906,0.0,0.0,0.0,0.14513786273271254,0.0,0.1508751832128672,0.0
PD67550a,0.6459139956446013,0.11763468830667567,0.09959405932515523,0.0,0.0,0.0,0.13685725672356783,0.0,0.0,0.0
PD67551a,0.6045442600420976,0.17275679603041166,0.0,0.0,0.0,0.0,0.12922370885909454,0.0,0.09347523506839624,0.0
PD67552a,0.485224170654076,0.1244749808952135,0.17725216212780098,0.0,0.0,0.0,0.2130486863229095,0.0,0.0,0.0
PD67553a,0.5201210750733739,0.1842654620017002,0.06945575939672818,0.0,0.0,0.0,0.10838804725640622,0.0,0.11776965627179163,0.0
PD67554a,0.48034243454366765,0.1184340411383347,0.0,0.0,0.0,0.0,0.2599417546175122,0.0,0.1412817697004854,0.0
PD67555a,0.5035803642502553,0.12030478005489792,0.09228360999877663,0.12553626904910453,0.0,0.0,0.15829497664696565,0.0,0.0,0.0
PD67556a,0.30203173435354064,0.12491997881625036,0.1414129220783439,0.08192918224003906,0.1138088810967659,0.0,0.17772012454071826,0.05817717687434186,0.0,0.0
PD67557a,0.5313848599834181,0.08624160989542068,0.0,0.0,0.12836514768609147,0.0,0.1147351979904359,0.0,0.13927318444463382,0.0
PD67558a,0.5518961577397142,0.12614923201394745,0.0,0.0,0.0,0.0,0.14096448734139075,0.0,0.1809901229049476,0.0
PD67559a,0.6459897031648976,0.14995600494953,0.0,0.0,0.0,0.0,0.07213737856331022,0.0,0.1319169133222621,0.0
PD67560a,0.6168501495318333,0.1240528543130286,0.0,0.0,0.0,0.0,0.2590969961551381,0.0,0.0,0.0
PD67562a,0.5387151292770068,0.11504342983497895,0.07906547763791184,0.04236314736458004,0.0,0.0,0.07196590976877165,0.03609624708686214,0.11675065902988854,0.0
PD67563a,0.5945581595463513,0.17323781228993845,0.11567055330747408,0.06461348719011947,0.0,0.0,0.05191998766611682,0.0,0.0,0.0
