MutationType	PD42581a	PD37458a	PD37459a	PD37461a	PD37462a	PD37463a	PD37464a	PD37466a	PD37467a	PD37468a	PD37469a	PD37470a	PD37472a	PD37473a	PD37474a	PD37475a	PD37476a	PD37478a	PD37479a	PD37480a	PD37481a	PD37482a	PD37483a	PD37484a	PD37485a	PD37486a	PD42572a	PD42573a	PD42574a	PD42576a	PD42578a	PD42580a	PD42585a	PD42586a	PD42587a	PD42590a	PD42591a	PD42592a	PD42593a	PD42595a	PD42596a	PD42671a	PD42672a	PD42673a	PD42674a	PD42675a	PD42676a	PD42677a	PD42876a	PD42882a	PD42884a	PD42885a	PD42886a	PD42887a	PD42890a	PD42891a	PD42893a	PD42894a	PD42895a	PD42896a	PD42897a	PD42898a	PD42899a	PD42900a	PD42901a	PD42902a	PD42903a	PD42904a	PD42905a	PD42906a	PD46699a	PD46700a	PD46701a	PD46702a	PD46703a	PD46704a	PD46705a	PD46706a	PD46707a	PD46708a	PD46709a	PD46710a	PD46711a	PD46712a	PD46713a	PD46714a	PD46716a	PD46717a	PD46718a	PD46719a	PD46720a	PD46721a	PD46722a	PD46723a	PD46724a	PD46725a	PD46726a	PD46727a	PD46728a	PD46729a	PD46730a	PD46731a	PD46732a	PD46733a	PD46734a	PD46735a	PD46736a	PD46737a	PD46738a	PD46739a	PD46743a	PD46744a	PD46745a	PD46748a	PD46749a	PD46750a	PD46752a	PD46753a	PD46754a	PD46755a	PD46757a	PD46763a	PD46764a	PD46766a	PD46767a	PD46768a	PD46769a	PD46770a	PD46771a	PD46772a	PD46773a	PD46774a	PD46775a	PD46776a	PD46777a	PD46779a	PD46781a	PD46783a	PD46784a	PD46785a	PD46786a	PD46787a	PD46789a	PD46790a	PD46791a	PD46793a	PD46798a	PD46799a	PD46800a	PD46801a	PD46806a	PD46807a	PD46809a	PD46810a	PD46811a	PD46812a	PD46815a	PD46817a	PD46819a	PD46820a	PD46821a	PD46822a	PD46824a	PD46826a	PD46827a	PD46828a	PD46829a	PD46830a	PD46831a	PD46832a	PD46833a	PD46834a	PD46835a	PD46836a	PD46838a	PD46839a	PD46841a	PD46842a	PD46844a	PD46845a	PD46846a	PD46847a	PD46848a	PD46849a	PD46850a	PD46851a	PD46852a	PD46853a	PD46854a	PD46855a	PD46856a	PD46857a	PD46858a	PD46859a	PD46860a	PD46861a	PD46862a	PD46863a	PD46864a	PD46865a	PD46866a	PD46868a	PD46869a	PD46870a	PD46871a	PD46872a	PD46873a	PD46874a	PD46875a	PD46876a	PD46877a	PD46878a	PD46879a	PD46882a	PD46884a	PD46885a	PD46886a	PD46887a	PD46888a	PD46889a	PD46891a	PD46892a	PD46901a	PD46902a	PD46903a	PD46904a	PD46905a	PD46907a	PD46909a	PD46911a	PD46912a	PD46913a	PD46914a	PD46916a	PD46917a	PD46918a	PD46919a	PD46920a	PD46922a	PD46923a	PD46924a	PD46925a	PD46926a	PD46928a	PD46929a	PD46930a	PD46931a	PD46933a	PD46934a	PD46935a	PD46936a	PD46937a	PD46938a	PD46939a	PD46940a	PD46941a	PD46942a	PD46943a	PD46947a	PD46948a	PD46949a	PD46950a	PD46951a	PD46953a	PD46954a	PD46955a	PD46956a	PD46957a	PD46958a	PD46959a	PD46960a	PD46961a	PD46962a	PD46963a	PD46964a	PD47583a	PD47584a	PD47586a	PD47587a	PD47589a	PD47590a	PD47591a	PD47592a	PD47593a	PD47596a	PD47597a	PD47598a	PD47599a	PD47600a	PD47601a	PD47605a	PD47606a	PD48850a	PD48851a	PD48852a	PD48855a	PD48858a	PD48859a	PD48861a	PD48864a	PD48865a	PD48866a	PD48867a	PD48868a	PD48869a	PD48871a	PD48872a	PD48873a	PD48875a	PD48877a	PD48878a	PD48879a	PD48881a	PD48882a	PD48884a	PD48885a	PD48886a	PD48887a	PD48890a	PD48898a	PD48899a	PD48902a	PD48904a	PD48906a	PD48907a	PD48909a	PD48911a	PD48913a	PD48914a	PD48915a	PD48916a	PD48919a	PD48920a	PD48922a	PD48924a	PD48929a	PD48931a	PD48932a	PD48933a	PD48934a	PD48935a	PD48936a	PD48937a	PD48939a	PD48940a	PD48942a	PD48943a	PD48944a	PD48945a	PD48946a	PD48948a	PD48949a	PD48950a	PD50083a	PD50084a	PD50085a	PD50086a	PD50087a	PD50089a	PD50090a	PD50092a	PD50094a	PD50095a	PD50096a	PD50097a	PD50099a	PD50100a	PD50101a	PD50102a	PD50103a	PD50105a	PD50107a	PD50110a	PD50111a	PD50114a	PD50115a	PD50116a	PD50119a	PD50120a	PD50122a	PD50123a	PD50124a	PD50127a	PD50129a	PD50131a	PD50132a	PD50135a	PD50137a	PD50138a	PD50139a	PD50140a	PD50143a	PD50146a	PD50147a	PD50148a	PD50151a	PD50153a	PD50154a	PD50157a	PD50160a	PD50161a	PD50162a	PD50163a	PD50164a	PD50165a	PD50166a	PD50167a	PD50168a	PD50169a	PD50170a	PD50171a	PD50172a	PD50173a	PD50175a	PD50177a	PD50181a	PD50183a	PD50184a	PD50187a	PD50188a	PD50190a	PD50191a	PD50194a	PD50196a	PD50197a	PD50199a	PD50200a	PD50201a	PD50202a	PD50203a	PD50207a	PD50209a	PD50210a	PD50212a	PD50213a	PD50214a	PD50215a	PD50216a	PD50217a	PD50219a	PD50221a	PD50325a	PD50326a	PD50327a	PD50329a	PD50334a	PD50335a	PD50337a	PD50339a	PD50340a	PD50341a	PD50342a	PD50343a	PD50344a	PD50345a	PD50346a	PD50347a	PD50350a	PD50351a	PD50354a	PD50357a	PD50360a	PD50387a	PD50388a	PD50389a	PD50393a	PD50394a	PD50397a	PD50401a	PD50403a	PD50404a	PD50405a	PD50406a	PD50408a	PD50409a	PD50411a	PD50412a	PD50413a	PD50415a	PD50418a	PD50420a	PD50421a	PD50422a	PD50425a	PD50428a	PD50429a	PD50430a	PD50431a	PD50432a	PD50433a	PD50434a	PD50438a	PD50440a	PD50441a	PD50442a	PD50443a	PD50444a	PD50449a	PD50450a	PD50453a	PD50454a	PD50455a	PD50456a	PD50457a	PD50458a	PD50459a	PD50460a	PD50461a	PD50462a	PD50603a	PD50604a	PD50605a	PD50606a	PD50607a	PD50610a	PD50612a	PD50613a	PD50614a	PD50616a	PD50618a	PD50619a	PD50620a	PD50621a	PD50622a	PD50625a	PD50627a	PD50629a	PD50630a	PD50632a	PD50634a	PD50637a	PD50638a	PD51175a	PD51176a	PD51177a	PD51178a	PD51179a	PD51180a	PD51181a	PD51182a	PD51183a	PD51184a	PD51185a	PD51186a	PD51187a	PD51188a	PD51189a	PD51190a	PD51191a	PD51192a	PD51194a	PD51195a	PD51196a	PD51197a	PD51198a	PD51199a	PD51205a	PD51206a	PD51207a	PD51209a	PD51210a	PD51211a	PD51213a	PD51214a	PD51215a	PD51216a	PD51217a	PD51218a	PD51219a	PD51220a	PD51221a	PD51222a	PD51223a	PD51224a	PD51225a	PD51226a	PD51227a	PD51228a	PD51229a	PD51231a	PD51232a	PD51233a	PD51234a	PD51235a	PD51236a	PD51237a	PD51238a	PD51239a	PD51240a	PD51241a	PD51242a	PD51243a	PD51244a	PD51245a	PD51246a	PD51247a	PD51248a	PD51250a	PD51251a	PD51252a	PD51253a	PD51254a	PD51255a	PD51256a	PD51258a	PD51259a	PD51260a	PD51261a	PD51262a	PD51263a	PD51264a	PD51265a	PD51266a	PD51267a	PD51268a	PD51269a	PD51270a	PD51271a	PD51273a	PD51274a	PD51275a	PD51276a	PD51277a	PD51278a	PD51279a	PD51280a	PD51281a	PD51282a	PD51284a	PD51285a	PD51286a	PD51287a	PD51288a	PD51289a	PD51290a	PD51291a	PD51292a	PD51293a	PD51294a	PD51295a	PD51296a	PD51297a	PD51298a	PD51300a	PD51301a	PD51302a	PD51303a	PD51304a	PD51305a	PD51307a	PD51309a	PD51312a	PD51314a	PD51316a	PD51318a	PD51319a	PD51320a	PD51321a	PD51322a	PD51323a	PD51324a	PD51381a	PD51382a	PD51385a	PD51386a	PD51387a	PD51389a	PD51390a	PD51391a	PD51393a	PD51396a	PD51398a	PD51399a	PD51400a	PD51401a	PD51402a	PD51404a	PD51405a	PD51406a	PD51407a	PD51409a	PD51410a	PD51411a	PD51412a	PD51413a	PD51414a	PD51416a	PD51417a	PD51418a	PD51422a	PD51423a	PD51424a	PD51425a	PD51426a	PD51427a	PD51508a	PD51509a	PD51510a	PD51511a	PD51512a	PD51513a	PD51514a	PD51515a	PD51516a	PD51517a	PD51518a	PD51519a	PD51521a	PD51522a	PD51523a	PD51524a	PD51525a	PD51526a	PD51527a	PD51528a	PD51529a	PD51530a	PD51531a	PD51532a	PD51533a	PD51534a	PD51535a	PD51536a	PD51537a	PD51538a	PD51539a	PD51540a	PD51541a	PD51542a	PD51543a	PD51544a	PD51545a	PD51546a	PD51549a	PD51550a	PD51551a	PD51552a	PD51553a	PD51554a	PD51555a	PD51556a	PD51557a	PD51558a	PD51559a	PD51560a	PD51561a	PD51562a	PD51563a	PD51564a	PD51565a	PD51566a	PD51567a	PD51568a	PD51569a	PD51570a	PD51571a	PD51572a	PD51573a	PD51574a	PD51575a	PD51576a	PD51577a	PD51578a	PD51579a	PD51580a	PD51581a	PD51582a	PD51583a	PD51584a	PD51585a	PD51586a	PD51587a	PD51588a	PD51589a	PD51590a	PD51591a	PD51593a	PD51594a	PD51595a	PD51596a	PD51597a	PD51598a	PD51599a	PD51600a	PD51601a	PD51637a	PD51638a	PD51639a	PD51640a	PD51642a	PD51643a	PD51644a	PD51645a	PD51646a	PD51648a	PD51649a	PD51650a	PD51651a	PD51652a	PD51653a	PD51654a	PD51655a	PD51656a	PD51657a	PD51658a	PD51659a	PD51660a	PD51661a	PD51662a	PD51663a	PD51664a	PD51665a	PD51666a	PD51667a	PD51668a	PD51669a	PD51670a	PD51671a	PD51672a	PD51673a	PD51675a	PD51676a	PD51677a	PD51678a	PD51679a	PD51680a	PD51681a	PD51682a	PD51683a	PD51684a	PD51685a	PD51687a	PD51688a	PD51689a	PD51691a	PD51693a	PD51694a	PD51695a	PD51696a	PD51697a	PD51698a	PD51699a	PD51700a	PD51701a	PD51702a	PD51703a	PD51704a	PD51705a	PD51706a	PD51707a	PD51708a	PD51709a	PD51710a	PD51711a	PD51712a	PD51713a	PD51714a	PD51715a	PD51716a	PD51717a	PD51718a	PD51719a	PD51720a	PD51721a	PD51722a	PD51723a	PD51724a	PD51725a	PD51726a	PD51727a	PD51728a	PD51729a	PD51730a	PD51732a	PD51733a	PD51734a	PD51735a	PD51736a	PD51737a	PD51740a	PD51742a	PD51743a	PD51744a	PD51745a	PD51746a	PD51747a	PD51748a	PD51749a	PD51750a	PD51754a	PD51766a	PD51767a	PD51768a	PD51769a	PD51770a	PD51771a	PD51772a	PD51773a	PD51774a	PD51775a	PD51777a	PD51778a	PD51779a	PD51780a	PD51781a	PD51782a	PD51783a	PD51784a	PD51785a	PD51786a	PD51788a	PD51791a	PD51793a	PD51794a	PD51801a	PD51803a	PD51805a	PD51806a	PD51812a	PD51814a	PD51815a	PD51816a	PD51817a	PD51818a	PD51820a	PD51821a	PD51823a	PD55504a	PD55505a	PD55506a	PD55507a	PD55508a	PD55509a	PD55510a	PD55511a	PD55512a	PD55513a	PD55514a	PD55515a	PD55516a	PD55517a	PD55519a	PD55520a	PD55521a	PD55523a	PD55524a	PD55525a	PD55526a	PD55527a	PD55528a	PD55529a	PD55530a	PD55531a	PD55532a	PD55533a	PD55534a	PD55535a	PD55536a	PD55537a	PD55538a	PD55539a	PD55540a	PD55541a	PD67534a	PD67535a	PD67536a	PD67537a	PD67538a	PD67539a	PD67540a	PD67541a	PD67542a	PD67543a	PD67544a	PD67545a	PD67546a	PD67547a	PD67548a	PD67549a	PD67550a	PD67551a	PD67552a	PD67553a	PD67554a	PD67555a	PD67556a	PD67557a	PD67558a	PD67559a	PD67560a	PD67562a	PD67563a
A[C>A]A	69	201	65	115	114	327	164	161	165	286	147	166	278	132	118	156	76	121	266	171	198	109	188	178	99	113	252	127	187	194	162	95	314	71	164	202	344	141	147	125	57	202	105	164	122	84	98	98	148	236	144	122	264	147	409	174	119	300	218	223	248	319	282	332	156	68	147	165	279	132	203	88	85	115	198	120	163	198	119	238	125	136	94	87	225	165	116	181	66	133	228	127	127	170	71	82	159	113	122	122	37	212	109	122	172	76	160	85	99	126	191	123	104	174	298	118	178	49	94	137	93	248	133	79	70	58	103	123	204	162	176	324	183	175	160	35	62	140	64	124	170	202	142	133	156	109	111	36	58	283	184	51	89	55	252	104	113	108	94	32	56	137	142	144	186	128	149	110	285	165	80	115	94	174	42	28	256	126	137	236	159	201	147	143	89	144	106	132	230	188	125	150	87	104	123	107	95	174	176	223	200	221	158	98	153	157	24	163	165	65	36	72	156	96	184	234	152	178	108	182	107	115	145	110	162	102	171	57	141	22	40	265	60	158	83	91	70	61	102	117	143	112	128	126	110	185	88	77	173	152	98	46	169	75	140	141	100	217	136	135	190	243	147	296	59	171	168	150	130	109	322	160	206	275	118	113	58	85	171	112	211	140	2703	147	208	155	172	153	90	108	117	199	224	213	194	743	139	121	266	118	93	177	86	82	228	69	79	93	243	135	52	83	151	183	133	36	47	173	247	142	83	179	60	142	111	123	240	119	99	157	78	43	209	82	89	128	200	166	80	110	143	141	128	166	107	299	155	67	113	63	123	148	137	153	74	83	136	167	196	92	90	59	73	47	134	122	179	121	115	60	209	154	104	205	142	172	214	219	144	144	209	97	76	209	133	248	150	50	135	126	122	27	128	129	107	89	89	66	79	53	128	178	111	113	139	103	189	154	102	93	113	61	121	113	55	168	111	114	130	141	261	95	57	124	85	78	161	64	39	85	102	62	41	68	163	139	90	75	172	129	46	190	42	228	51	168	167	83	133	112	106	84	102	191	136	121	90	78	220	81	117	174	170	118	229	200	105	112	88	180	121	75	169	154	142	115	164	152	178	219	235	155	176	230	108	183	94	122	67	60	79	194	107	160	132	178	345	76	99	219	79	94	86	167	59	183	85	68	134	197	76	117	194	93	84	182	64	87	107	112	133	186	268	160	129	96	89	197	167	83	130	192	126	109	178	312	94	87	155	60	50	252	117	76	283	192	124	84	126	229	138	235	113	66	111	225	111	124	224	219	183	135	251	137	172	151	150	91	211	107	176	92	135	116	141	83	105	179	110	216	113	134	150	156	65	107	132	136	121	72	189	92	111	77	187	108	73	115	124	210	154	150	267	111	74	84	79	76	107	45	163	105	95	119	107	123	169	100	185	57	263	40	135	114	105	112	32	160	139	168	114	153	109	92	59	126	191	76	57	346	85	230	205	81	154	131	104	87	193	212	263	101	236	344	129	64	187	102	196	248	256	167	70	146	112	84	304	146	125	50	121	188	166	102	273	95	188	62	141	140	222	99	58	107	163	145	162	117	120	180	98	120	136	138	124	373	127	144	166	194	141	154	101	143	124	134	115	147	161	80	121	380	94	134	160	171	89	135	198	98	132	31	277	222	110	205	244	103	350	118	197	141	338	315	67	221	152	91	121	64	53	122	182	143	93	150	162	113	101	39	216	176	72	53	149	59	246	164	103	101	187	114	195	182	133	110	81	104	80	52	44	130	101	145	80	69	184	108	277	162	135	68	173	85	65	107	130	76	114	143	104	134	123	70	75	126	138	96	109	76	171	127	154	78	40	182	80	77	133	152	123	50	78	96	255	58	89	72	99	136	100	110	119	69	128	108	79	142	160	145	107	63	116	103	144	124	145	144	76	127	135	81	119	130	176	68	74	230	56	83	70	91	212	135	127	168	155	187	101	119	97	51	61	193	96	140	60	100	83	104	99	339	131	217	127	220	49	133	230	127	171	128	141	204	97	107	189	125	133	104	213	154	144	52	170	212	199	189	88	145	127	121	140	130	308	104	285	209	162	225	103	87	209	161	143	273	80	443	276	185	183	111	253	103	78	189	166	119	154	30	95	110	91	145	156	79	89	277	102	245	190	26	100	117	126	46	44	113	136	89	51	76	160	192	189	125	103	167	67	68	175	155	158	106	124	42	90	39	47	166	121	181	28	165	120	127	141	85	141	53	74	152	97	137	91	45	103	101	85	66	154	155
A[C>A]C	26	73	40	70	49	175	71	92	72	130	71	88	134	45	41	85	37	71	101	83	104	55	98	103	40	57	113	68	69	122	75	43	125	29	103	87	162	68	86	66	24	81	66	62	72	34	48	54	92	149	63	57	117	76	196	91	56	142	68	112	104	195	166	107	66	40	78	67	161	54	93	52	55	52	95	54	73	102	60	102	66	68	58	52	101	81	71	118	33	46	96	68	69	59	31	44	81	77	66	68	32	104	52	47	96	42	93	46	57	65	86	61	56	84	171	53	78	23	54	67	50	117	67	41	31	32	47	50	96	96	87	150	87	83	58	17	29	79	21	47	86	88	75	82	88	55	74	16	37	133	98	29	44	27	122	50	53	54	39	28	26	60	75	59	114	58	54	64	119	96	45	41	51	74	23	13	150	79	66	124	104	109	66	67	55	68	51	63	105	93	75	64	34	41	54	56	60	63	84	114	91	122	66	36	65	65	11	79	77	38	21	48	84	51	95	95	59	96	49	96	66	76	69	55	85	45	94	41	75	9	30	131	33	72	49	45	25	33	67	48	65	51	68	69	82	118	38	26	87	68	54	24	92	40	78	58	49	81	55	69	88	123	56	157	32	83	88	88	76	52	147	83	80	139	69	64	25	39	65	68	106	59	2385	88	96	79	70	69	75	37	55	98	111	113	111	186	75	66	146	48	41	108	34	49	121	40	47	37	129	66	39	34	116	74	71	24	21	118	122	71	39	89	44	76	50	67	114	52	52	91	49	26	97	52	54	62	97	85	41	59	67	56	45	64	49	162	72	38	78	39	71	68	74	109	43	66	82	70	109	40	35	31	42	30	83	53	72	58	53	33	121	70	58	90	69	102	99	115	98	91	93	51	41	95	55	96	69	6	84	56	75	11	67	56	49	80	41	27	47	30	71	98	89	70	71	55	107	98	44	66	49	30	83	79	27	70	56	42	47	78	120	40	37	78	42	45	79	39	22	46	57	35	15	38	70	40	55	31	96	72	20	78	15	99	23	82	90	28	64	71	49	48	42	91	66	71	47	46	89	50	82	107	76	49	122	108	37	45	42	99	60	40	89	70	53	63	83	90	83	45	160	67	85	113	35	73	54	68	29	23	37	95	50	113	85	97	127	39	45	101	45	39	45	63	30	85	45	28	73	109	46	54	96	46	38	82	35	40	36	58	60	84	117	83	65	44	33	95	94	33	56	107	59	45	118	130	58	37	61	54	37	109	56	45	174	90	82	36	70	105	77	105	67	34	59	101	54	68	100	112	85	76	104	60	93	64	78	65	113	63	68	51	75	46	76	51	54	109	60	101	54	76	83	87	36	40	66	65	46	24	106	52	45	43	108	52	59	63	67	98	79	83	109	71	33	45	40	34	57	25	52	55	49	65	58	57	69	62	97	41	116	16	45	52	54	62	17	99	77	82	74	90	69	62	25	59	87	41	42	162	36	96	85	52	79	79	50	57	82	74	132	55	76	170	64	29	79	80	80	100	141	79	41	80	62	32	132	78	86	20	89	84	69	52	139	62	94	24	64	66	109	50	24	51	79	84	75	64	70	62	65	58	57	77	55	136	60	65	97	57	62	72	30	76	70	61	49	63	77	48	66	160	32	91	77	78	38	67	89	56	61	15	80	123	65	117	132	46	153	69	94	72	182	185	45	118	94	37	43	28	24	51	69	76	34	93	65	49	47	22	103	75	32	23	73	28	101	141	55	52	84	55	87	100	71	55	43	43	30	22	18	60	39	85	43	39	99	61	125	60	73	39	70	34	27	45	84	29	56	74	72	70	67	45	49	51	70	51	42	44	73	61	78	41	19	72	57	38	64	73	43	24	40	35	119	25	45	38	59	72	40	68	70	34	56	51	43	87	66	63	54	38	63	40	78	68	60	91	52	55	50	31	66	62	89	35	62	130	31	42	25	50	97	68	60	62	48	77	48	56	60	18	27	72	47	52	38	61	47	55	56	179	62	90	64	77	30	81	117	71	92	70	62	118	63	61	92	52	77	58	101	70	67	19	110	111	107	82	57	78	73	57	70	83	196	44	124	123	62	96	47	50	86	86	52	112	39	225	129	95	87	58	130	41	59	104	72	67	77	18	50	52	45	59	69	41	45	128	38	96	77	7	41	61	56	15	25	53	56	33	22	44	86	83	92	50	47	65	44	47	79	63	58	40	67	17	41	26	35	104	50	86	14	78	63	44	46	50	66	40	34	77	54	82	45	28	48	56	47	36	73	69
A[C>A]G	7	12	8	13	12	42	17	24	9	24	15	24	30	9	10	17	5	11	27	15	21	14	20	20	11	21	26	18	11	19	14	22	26	9	40	20	42	19	24	18	5	18	17	18	8	8	14	11	17	24	23	20	35	18	46	35	20	29	20	33	27	29	45	24	17	11	17	17	38	13	23	15	11	14	22	17	18	24	16	26	20	12	12	12	21	20	22	14	12	13	23	16	19	21	13	11	12	9	15	10	5	24	13	11	34	11	16	7	12	18	23	14	25	20	31	13	20	10	13	17	10	23	18	8	9	8	6	10	19	19	15	30	21	26	19	0	7	11	4	12	14	25	19	15	24	12	12	2	7	41	16	6	7	2	23	19	13	13	10	5	3	15	14	13	17	14	11	19	27	22	10	12	5	19	8	6	33	16	29	31	10	17	10	22	12	21	21	13	16	18	12	18	12	17	13	10	18	22	15	38	23	23	18	15	19	19	0	25	18	4	3	9	15	10	16	23	19	24	10	20	11	17	13	10	20	14	18	7	18	3	7	22	7	14	14	16	7	5	19	16	21	10	21	15	16	23	14	8	17	18	11	4	23	6	19	14	12	14	15	11	30	38	18	34	8	16	27	20	18	8	28	26	21	40	14	13	5	8	18	16	19	9	283	23	25	25	12	12	14	7	17	23	21	27	20	59	24	13	29	13	12	14	8	11	26	9	6	8	31	18	10	12	23	15	11	3	5	24	35	16	16	22	2	21	14	14	32	11	10	21	14	13	21	9	14	13	18	15	11	14	15	16	17	14	15	39	13	13	21	7	27	14	14	16	15	11	20	11	12	9	11	11	1	4	15	15	14	8	15	10	29	14	14	25	12	29	29	29	20	13	16	14	8	19	10	37	10	1	17	12	22	2	10	10	17	10	5	9	11	9	10	16	10	11	12	13	31	14	3	15	13	6	17	13	2	20	12	14	12	20	25	10	8	10	6	16	13	5	8	10	15	6	8	8	19	14	10	6	26	11	6	16	2	19	4	22	16	4	20	21	7	10	9	19	15	14	19	14	17	10	27	19	19	6	30	29	16	18	10	22	22	15	24	12	12	14	22	18	19	13	27	14	19	28	11	21	10	21	5	6	6	14	19	12	31	13	30	21	9	30	8	3	8	22	9	22	7	5	8	15	14	15	18	10	14	17	8	13	13	17	9	22	32	15	14	15	10	17	15	15	10	26	14	15	22	33	14	7	18	6	5	37	12	9	42	22	17	8	24	15	12	19	9	11	24	26	14	13	22	20	24	14	39	20	27	15	33	12	22	11	18	9	17	11	19	9	15	25	9	24	12	10	21	23	12	13	21	11	15	7	24	13	15	6	29	14	13	12	17	26	18	20	22	17	9	12	9	11	15	7	22	14	7	10	14	9	19	10	25	8	19	6	5	12	12	10	5	23	12	26	20	13	15	22	5	7	22	3	7	31	9	24	12	10	12	21	11	7	15	22	31	9	10	45	15	6	28	18	26	29	32	21	9	19	14	13	27	14	12	6	13	26	15	11	23	16	16	9	13	20	24	16	3	12	19	17	22	15	14	13	13	7	13	18	8	35	19	6	21	25	7	17	16	10	13	16	8	23	18	7	11	32	9	18	23	25	10	16	28	11	13	3	14	26	12	29	23	11	40	17	31	18	26	40	7	35	15	9	15	7	10	8	18	16	8	20	19	12	11	7	26	22	9	8	24	6	13	23	13	6	22	22	24	21	22	7	14	10	11	13	8	16	13	23	14	13	15	22	33	14	16	8	23	9	7	7	17	12	13	18	17	13	16	4	13	16	13	4	6	11	22	16	21	16	5	12	7	16	13	15	13	13	10	11	23	8	13	3	8	24	10	14	18	9	20	12	12	19	12	17	10	6	13	12	17	19	12	14	8	13	17	6	11	12	14	12	5	24	10	10	12	9	24	23	16	13	16	17	9	16	12	15	5	19	11	15	8	13	23	16	12	56	12	20	9	19	5	11	28	17	24	19	13	29	12	11	20	15	17	20	23	24	10	9	21	22	22	18	7	15	14	20	18	19	47	6	21	28	15	20	10	17	19	22	13	30	9	59	31	13	14	16	20	6	8	24	25	14	19	8	13	21	10	16	19	5	12	33	9	12	16	3	13	18	10	8	7	13	14	12	2	9	19	32	23	14	19	16	10	12	27	22	23	12	18	7	14	4	5	22	16	22	4	16	10	8	18	18	14	10	10	18	9	22	7	6	10	9	5	3	14	16
A[C>A]T	40	100	49	68	53	213	80	85	66	160	70	77	109	53	60	93	44	51	115	95	115	65	104	96	54	69	155	72	76	123	95	48	167	30	103	122	178	87	79	65	36	103	68	74	72	45	41	50	89	134	86	56	117	92	232	111	65	139	108	123	146	176	166	170	75	41	72	68	157	61	92	41	56	61	98	76	69	104	75	99	81	85	56	56	99	90	78	93	33	60	116	77	65	84	33	65	68	65	69	62	32	112	47	66	92	58	98	53	52	62	118	54	62	88	163	54	81	28	53	67	72	120	87	56	28	29	68	68	133	72	98	133	90	97	75	6	30	78	31	63	93	86	76	99	80	66	67	28	44	146	104	19	64	30	131	57	49	62	43	25	26	56	83	71	102	81	89	62	101	82	41	64	49	79	31	16	154	61	59	124	88	140	76	72	37	72	59	57	85	120	73	82	52	56	54	49	51	66	97	92	117	111	100	36	68	76	12	82	61	35	20	37	68	50	91	99	44	97	53	75	64	75	92	51	124	50	95	26	85	11	28	154	44	75	48	48	32	37	59	42	48	60	74	78	57	127	69	39	118	65	68	26	72	46	79	58	52	78	77	60	94	143	59	172	33	103	94	71	80	57	147	80	94	167	70	77	32	31	73	56	83	86	3081	65	104	76	81	83	54	35	58	105	151	133	102	285	61	68	143	64	51	113	54	59	145	30	53	39	137	85	23	52	103	72	89	18	28	99	135	57	42	83	34	89	50	45	124	56	56	86	45	25	124	56	52	69	116	80	46	44	49	80	62	92	71	166	66	46	59	39	92	80	84	83	48	42	85	86	110	51	44	26	47	22	73	47	82	58	52	35	115	76	68	89	69	84	115	143	83	73	99	68	53	93	64	130	72	20	73	58	67	23	53	72	58	63	45	36	46	37	62	131	85	77	74	63	92	86	45	38	52	24	67	55	41	88	54	56	50	83	120	56	42	79	51	59	91	35	31	38	62	39	20	34	82	57	64	44	83	71	21	83	20	113	35	87	102	25	70	65	58	34	51	100	58	65	63	56	95	36	68	105	82	53	113	107	40	66	47	101	66	56	107	80	67	73	71	84	82	94	169	84	90	139	45	69	46	61	27	34	44	105	60	137	92	91	136	56	46	119	32	41	56	82	29	100	54	45	82	113	51	55	88	53	43	117	42	43	47	80	60	97	140	90	54	57	54	96	77	53	74	103	54	77	106	156	66	44	82	38	32	153	64	33	220	99	60	34	67	94	81	134	78	34	54	125	46	49	112	115	78	72	132	93	98	71	88	52	109	43	86	38	64	59	94	59	49	116	59	101	68	74	89	82	28	60	84	79	63	45	97	55	57	45	104	59	44	64	87	103	78	69	119	51	45	43	42	35	49	26	89	62	59	61	63	66	83	66	93	25	117	11	57	70	58	51	23	93	68	66	71	113	61	57	30	64	75	45	34	166	47	109	114	34	85	80	41	67	90	76	132	64	96	191	53	34	89	85	88	108	115	81	36	79	64	34	137	81	56	30	74	89	87	58	165	42	106	45	76	78	121	46	32	73	99	63	92	65	71	96	65	42	61	67	68	167	43	91	104	80	77	73	60	72	66	68	57	56	118	44	71	213	52	81	78	108	48	90	104	63	46	15	131	115	58	124	150	52	144	69	94	64	188	197	36	153	66	49	45	34	35	46	95	70	55	75	84	67	40	27	121	85	40	38	85	30	119	160	48	37	86	80	123	94	88	67	59	61	44	31	26	67	61	84	56	36	96	47	132	83	85	40	87	51	29	62	63	50	90	77	71	75	79	26	59	68	78	54	47	37	82	57	86	37	18	67	50	34	84	58	43	42	52	36	133	29	50	35	46	73	49	49	74	46	56	55	36	117	67	70	62	33	53	45	79	79	59	81	36	82	60	28	64	66	89	35	61	106	25	53	24	54	115	79	70	91	73	83	54	52	67	28	37	73	43	54	32	58	65	48	77	205	70	100	77	91	39	74	117	73	87	58	92	117	60	51	96	68	65	58	105	88	68	31	88	128	120	75	44	86	55	60	77	76	220	52	153	124	84	106	63	34	98	84	68	146	38	279	143	94	80	84	123	36	57	100	78	63	70	19	59	49	48	67	75	38	35	152	55	85	66	21	42	67	58	17	27	60	59	52	28	53	66	96	90	55	50	82	41	31	113	73	69	65	59	23	33	29	26	85	63	85	16	70	58	49	59	39	68	37	40	73	53	77	48	49	57	56	48	29	98	79
C[C>A]A	41	110	53	85	95	278	109	162	89	228	123	152	141	87	68	119	65	90	149	119	158	68	119	152	64	68	170	77	119	175	103	52	189	52	135	146	267	108	103	67	45	126	90	91	104	78	54	69	121	201	109	114	153	123	267	168	84	210	129	166	197	242	262	228	81	55	99	99	223	102	132	65	76	84	140	84	128	139	105	146	109	102	71	68	158	114	108	144	52	68	151	87	97	95	53	50	96	91	95	71	22	141	99	88	128	57	118	74	88	76	119	81	86	100	273	74	107	48	67	102	85	167	94	62	53	73	78	95	143	133	108	203	164	126	83	27	52	101	48	88	127	121	124	114	110	95	90	31	49	211	121	28	52	44	161	91	75	77	70	40	46	103	117	82	133	89	96	64	177	107	71	70	67	142	41	31	188	107	86	146	98	159	123	113	54	112	91	53	159	138	71	105	63	80	94	76	79	120	97	120	151	146	116	58	123	102	15	149	106	55	32	40	99	60	115	141	82	134	54	106	88	112	101	71	114	75	155	46	105	8	31	188	55	108	77	68	44	46	88	92	92	66	87	114	71	143	51	56	111	88	69	40	106	68	84	91	64	119	91	101	119	209	99	273	59	152	145	143	133	80	177	119	97	208	91	98	42	38	112	76	139	95	2241	126	148	95	95	115	97	59	97	135	149	164	141	530	99	86	186	66	62	137	69	94	152	64	60	56	150	109	43	48	117	108	104	41	36	151	165	97	59	153	44	103	71	58	150	78	69	103	89	45	160	77	62	78	155	107	52	75	88	88	72	89	65	252	95	41	94	65	118	117	109	131	49	83	143	93	165	68	66	46	73	31	91	77	92	90	83	42	139	115	88	120	90	120	149	144	104	111	116	78	60	143	64	153	85	22	92	102	78	12	86	89	87	85	66	44	67	56	79	181	119	72	100	76	118	123	62	59	66	43	108	90	47	114	84	64	77	110	147	77	48	88	53	59	85	51	42	48	73	44	33	44	130	60	43	64	129	95	29	119	31	128	50	153	196	35	94	85	76	65	91	124	86	78	67	74	137	62	112	97	101	54	155	141	50	76	55	207	100	55	107	94	87	97	123	109	116	150	292	113	111	128	63	164	80	101	28	37	47	150	87	145	99	114	190	81	69	155	55	54	62	103	35	118	57	45	116	139	54	87	102	51	60	99	53	50	69	69	70	148	214	110	87	68	66	139	126	73	102	149	81	77	158	201	63	57	123	40	42	168	93	68	309	162	81	45	95	163	98	146	83	53	66	205	87	87	129	175	108	89	195	108	128	62	100	61	143	74	131	67	77	106	132	58	55	151	89	132	75	77	109	131	35	69	104	100	91	53	132	72	60	54	142	82	82	74	100	128	89	107	166	81	53	58	57	61	76	35	89	92	72	87	91	94	109	63	110	50	160	29	80	76	69	82	38	111	89	104	96	104	111	62	51	93	113	54	53	221	62	106	128	62	98	78	78	81	84	114	172	75	137	242	74	44	121	113	157	98	169	125	52	122	107	42	176	99	74	38	111	150	136	90	205	66	117	57	86	102	144	66	43	92	113	110	112	85	97	172	83	73	93	90	55	190	85	106	126	152	81	95	45	79	79	84	82	93	106	50	83	229	80	96	95	149	66	101	167	85	77	37	168	189	84	193	172	56	216	72	167	90	304	322	56	183	91	38	71	44	54	57	149	92	68	109	100	83	80	34	131	130	48	38	121	42	150	186	68	69	136	69	123	131	109	65	68	65	46	61	35	84	58	122	52	66	124	71	199	95	92	63	128	53	46	74	90	46	91	82	70	105	116	55	45	81	94	64	81	65	105	71	102	71	37	101	65	57	109	88	68	39	70	73	138	32	55	50	50	83	67	77	120	44	88	80	73	128	88	90	80	99	78	64	116	97	79	95	65	92	78	54	100	102	101	45	77	145	42	48	48	62	136	98	101	112	108	103	56	85	75	36	50	106	48	94	48	96	115	67	63	327	83	129	85	138	59	107	150	83	124	88	101	162	86	60	131	101	98	86	159	122	93	41	103	149	164	99	54	87	124	73	85	105	339	62	165	122	99	147	88	74	150	106	80	165	56	345	188	120	135	86	167	79	70	106	118	124	91	24	95	58	107	86	104	91	84	319	98	239	164	20	72	110	111	31	40	119	154	54	29	73	115	155	113	137	99	125	102	67	142	153	104	100	130	46	72	29	36	113	103	135	32	120	129	142	124	53	109	49	49	83	84	86	56	44	97	82	65	43	151	95
C[C>A]C	35	75	42	83	69	198	102	107	60	166	90	131	110	49	59	91	55	60	122	81	109	45	84	133	44	58	128	63	68	139	69	48	132	25	135	118	213	97	91	56	33	78	69	90	64	46	52	79	106	156	102	79	98	110	207	85	56	175	102	136	158	201	199	182	62	36	74	99	201	66	128	51	75	56	118	75	76	115	55	137	82	72	63	59	134	98	78	93	43	67	108	63	65	78	35	40	77	74	60	64	19	101	63	57	90	42	81	37	50	67	118	56	81	96	191	52	71	33	50	71	56	127	75	32	37	36	61	51	126	88	96	154	109	96	68	24	31	61	30	54	88	92	80	76	86	60	73	20	31	127	110	17	45	23	123	77	56	61	55	26	39	79	81	77	102	76	57	73	116	78	60	64	40	66	50	18	133	85	57	103	77	117	75	65	47	95	60	57	107	114	71	61	43	69	51	62	58	106	93	102	116	126	106	45	78	69	6	108	61	40	27	43	79	37	124	90	75	121	52	61	54	96	80	77	93	45	107	27	83	14	28	145	33	90	70	50	36	35	71	71	78	47	72	101	55	112	41	40	118	68	52	31	81	34	71	54	41	103	60	78	84	177	74	240	44	131	101	104	93	61	176	92	85	170	71	75	33	32	85	55	101	78	1688	105	133	81	78	79	72	45	50	111	110	147	113	183	64	61	166	44	43	117	43	78	156	37	67	40	109	83	19	57	82	71	78	29	23	137	143	74	45	121	31	94	68	63	118	50	72	83	56	38	119	55	46	80	126	69	54	47	58	61	41	49	71	175	75	50	64	47	86	78	76	100	51	64	77	69	140	48	53	27	59	27	88	52	71	62	50	41	120	75	79	101	54	108	126	114	74	95	84	50	47	98	57	84	55	29	71	72	66	12	54	67	72	81	41	32	51	30	53	97	85	61	75	62	96	120	49	56	49	29	77	49	17	74	46	31	71	83	111	55	39	72	32	39	86	29	24	53	56	27	24	30	82	63	53	51	89	69	25	84	26	122	32	109	87	36	83	58	101	55	60	98	58	59	63	59	97	61	85	94	77	47	113	120	59	55	62	125	69	39	88	69	68	75	84	101	101	61	205	79	99	103	42	77	51	69	35	23	39	121	47	226	110	80	144	46	41	120	25	37	43	89	24	92	47	21	69	115	53	72	105	50	44	111	40	42	65	63	63	93	132	88	71	60	63	107	99	63	64	107	77	52	125	181	53	38	101	35	37	143	58	71	221	112	77	35	78	124	75	94	45	36	68	127	48	64	103	118	69	80	177	84	96	49	84	57	140	74	90	41	72	53	84	63	50	124	59	104	54	73	111	99	38	71	87	65	64	34	101	55	34	32	125	68	43	60	65	83	73	62	111	44	29	30	46	50	58	26	65	68	45	70	53	65	93	46	68	39	110	21	45	54	48	67	28	86	95	96	95	111	75	78	22	54	78	36	33	186	40	85	100	54	70	59	55	58	66	70	124	51	85	152	84	35	91	78	91	78	146	90	34	101	53	29	150	82	68	22	74	88	73	63	152	58	129	44	75	75	98	57	32	74	97	101	92	60	62	71	65	68	64	78	55	136	61	63	92	85	69	91	52	98	72	69	84	92	85	28	55	177	61	64	82	109	53	52	133	48	65	19	110	165	81	169	162	58	177	63	112	82	242	286	39	118	83	49	41	27	36	60	76	68	36	93	86	51	46	23	118	88	30	24	82	21	134	349	53	50	91	64	96	105	95	57	51	58	55	34	30	59	46	86	45	40	75	62	156	90	61	41	85	34	26	41	76	42	58	66	69	92	74	43	43	58	90	62	59	46	90	69	73	45	23	70	62	45	69	86	58	35	41	55	148	25	32	42	44	100	27	60	62	32	82	51	36	101	71	74	59	76	57	46	83	82	74	82	49	75	52	44	73	77	65	43	50	111	32	48	42	51	94	65	60	83	82	81	59	45	73	50	34	68	59	55	27	63	67	53	69	215	69	103	60	102	26	69	128	64	111	59	92	109	56	50	118	68	61	72	103	104	61	28	88	148	106	86	68	78	81	57	69	84	344	62	104	101	65	111	53	57	96	79	59	118	29	293	142	68	91	73	134	42	40	102	86	54	80	38	80	68	60	78	90	47	55	206	71	149	97	17	54	94	61	33	33	59	93	44	20	56	88	137	81	73	72	95	81	68	119	116	86	100	90	30	55	16	35	90	60	106	20	72	93	65	75	52	60	36	38	75	53	80	53	29	71	68	62	36	92	69
C[C>A]G	6	10	7	21	8	32	17	24	17	22	18	41	18	11	11	23	8	7	14	15	19	8	14	22	6	15	21	7	16	20	8	13	34	10	20	16	45	10	16	15	5	19	11	11	17	7	11	12	18	31	12	9	13	21	36	20	12	24	18	32	22	24	34	52	8	9	15	7	31	13	18	7	14	7	23	9	10	19	15	28	11	16	17	11	16	15	11	19	6	8	14	13	9	15	9	10	10	8	11	12	9	23	7	8	25	13	14	7	8	13	28	9	11	13	35	6	11	7	4	7	14	18	5	6	9	7	9	11	18	22	18	20	32	18	12	2	1	11	11	10	17	18	12	16	27	15	9	4	4	29	24	3	14	4	20	18	12	12	16	6	7	20	9	15	17	7	10	15	19	17	13	15	5	16	4	2	24	18	11	14	17	17	15	7	8	10	10	8	9	23	9	16	12	12	14	4	13	14	14	24	22	21	27	8	21	26	1	13	18	6	7	7	12	8	13	16	9	22	7	17	14	26	9	6	13	13	20	9	13	5	7	24	7	22	14	7	8	1	13	13	17	12	17	10	13	30	9	13	22	9	8	4	11	10	10	9	10	22	12	14	16	31	8	40	11	22	17	15	13	15	19	17	18	35	14	11	4	9	20	11	18	12	214	24	23	11	12	16	9	12	8	17	12	32	15	70	13	16	21	14	2	14	13	12	16	5	5	9	21	12	9	5	11	17	12	7	4	27	34	16	10	18	6	23	10	12	32	8	5	10	9	7	12	6	7	6	26	10	12	10	4	16	10	17	10	42	10	11	12	6	18	9	14	10	9	13	20	15	12	10	17	5	9	6	11	9	18	10	7	4	27	15	9	20	21	24	31	20	21	22	12	7	7	20	6	13	7	5	8	13	10	1	10	9	8	17	8	7	11	12	10	11	11	8	14	19	15	16	6	12	3	2	19	8	4	15	11	10	16	19	18	10	8	8	7	14	14	4	5	10	8	9	6	6	13	2	6	12	14	12	2	7	8	15	5	24	19	5	11	11	22	2	22	27	7	11	16	5	18	7	12	12	15	10	20	19	8	10	6	15	13	8	20	10	16	15	14	17	10	18	38	16	22	19	5	17	9	10	6	4	7	17	8	39	9	15	19	6	7	21	10	3	7	20	2	20	12	6	13	31	10	7	22	8	6	10	12	12	7	11	14	18	32	11	17	17	7	20	11	10	17	16	15	7	22	23	14	4	15	6	6	30	8	11	43	21	13	3	12	22	19	17	12	14	6	23	6	15	14	23	16	18	36	10	17	12	13	6	27	10	18	11	11	9	17	5	9	16	10	17	10	11	26	18	8	12	16	6	21	4	15	10	7	9	22	16	7	13	13	13	16	16	19	11	8	12	7	14	12	10	14	14	10	15	14	12	16	12	10	8	22	5	13	11	9	8	7	12	12	21	19	22	10	17	6	9	19	7	5	34	6	19	17	12	14	15	17	17	13	17	17	13	18	23	11	5	28	15	26	15	27	14	7	25	12	12	27	10	20	2	13	22	14	10	31	6	23	8	17	11	11	15	7	11	17	26	12	9	12	15	16	12	14	13	13	32	15	15	19	18	11	15	6	12	17	11	12	21	12	4	14	38	11	10	7	15	9	18	33	9	16	7	28	29	13	21	24	9	33	6	16	15	23	43	6	27	19	12	11	5	11	8	15	13	10	15	10	9	5	3	14	13	4	3	9	5	29	62	16	8	16	7	15	22	22	15	8	14	8	11	4	17	2	21	3	11	12	11	28	13	24	8	15	5	3	5	7	8	18	13	18	18	18	9	5	12	26	10	8	5	17	22	12	9	5	17	5	13	16	11	15	8	12	5	20	7	6	8	9	16	14	8	18	6	16	14	11	17	17	16	10	15	11	12	15	17	11	17	10	12	13	6	17	14	12	10	18	21	11	7	5	6	21	14	10	8	18	4	10	8	14	5	5	18	8	13	9	10	38	8	9	39	13	14	9	29	8	9	29	5	14	18	18	18	9	8	18	16	12	17	16	16	7	7	22	24	16	17	7	19	20	7	12	12	56	19	18	15	14	21	12	8	12	13	7	16	6	57	22	9	15	13	34	13	10	21	10	20	18	5	14	9	15	24	18	2	1	35	5	16	18	4	10	17	18	2	3	9	9	14	4	12	16	22	21	13	18	9	13	9	30	19	15	19	21	5	9	0	7	20	9	13	3	16	21	7	18	9	17	5	11	11	10	13	3	5	19	15	4	4	16	23
C[C>A]T	33	100	46	77	96	220	85	113	75	196	84	140	119	71	49	117	57	49	111	87	168	58	99	108	60	58	139	77	89	138	81	62	124	55	119	122	207	92	83	68	43	93	74	107	68	59	50	68	115	163	100	68	119	156	169	146	64	181	104	130	144	173	223	382	63	57	90	78	141	82	166	45	66	92	125	62	87	117	79	132	100	111	61	65	130	105	109	104	42	67	153	70	78	76	38	61	95	70	59	70	24	104	72	58	117	53	93	43	45	66	108	63	63	120	176	75	81	39	62	65	62	118	71	53	53	38	53	71	122	94	104	159	135	89	91	23	34	86	35	61	110	116	101	100	98	73	70	36	43	134	137	27	54	27	132	105	72	69	63	25	45	63	78	83	101	89	68	77	137	121	49	98	55	91	75	28	144	101	64	117	87	148	92	105	50	96	77	65	106	128	54	83	44	81	66	62	65	83	85	110	119	108	154	45	112	91	11	122	89	53	33	38	62	58	84	109	76	109	48	79	67	90	113	76	120	61	156	37	94	14	37	177	55	91	62	66	45	30	55	69	67	50	71	115	54	157	49	44	112	71	68	31	77	39	87	68	53	143	63	64	97	179	68	187	46	115	104	81	78	63	144	101	92	180	58	59	31	33	80	71	108	99	2101	83	156	74	79	86	93	53	73	102	121	141	145	277	87	64	173	51	58	114	41	71	178	43	52	56	146	88	38	54	104	61	72	44	34	128	121	65	42	91	37	83	63	64	170	53	68	96	53	41	113	75	69	73	109	81	96	57	75	85	53	72	76	267	71	41	73	63	97	85	72	109	52	63	104	63	121	66	58	36	46	25	54	63	83	79	52	36	131	100	66	103	89	96	137	127	66	109	88	64	59	88	55	109	65	27	51	79	88	17	67	75	60	76	45	38	57	41	56	143	101	76	92	86	106	108	59	63	55	28	90	80	30	116	57	49	68	111	90	63	41	71	41	45	79	47	17	33	59	45	20	32	71	64	61	61	120	58	20	85	26	106	38	79	115	35	69	75	72	47	84	118	63	59	73	68	90	62	84	102	82	80	119	133	42	57	60	166	67	65	97	68	92	77	97	75	97	105	462	97	110	122	29	83	79	68	32	37	46	121	79	437	108	96	135	77	49	124	43	50	57	74	36	89	57	35	106	116	49	66	113	67	40	102	50	39	47	61	56	98	146	89	89	62	68	123	92	69	75	122	65	48	109	156	84	42	84	44	57	125	63	56	234	138	73	37	77	108	80	112	91	58	64	151	57	86	115	113	99	106	171	79	101	47	110	48	159	66	107	71	59	72	103	49	49	131	64	113	61	104	91	73	36	57	75	78	67	56	106	80	66	55	115	66	105	63	70	96	81	85	136	60	44	59	50	49	70	31	58	98	46	100	84	62	99	72	88	30	152	16	66	67	76	66	30	81	81	70	89	140	67	81	40	55	107	47	54	165	55	84	112	59	70	72	111	74	98	97	138	59	110	152	77	34	112	116	107	86	123	88	45	97	72	53	122	91	62	27	88	114	85	58	182	57	115	37	58	79	85	54	28	75	105	94	94	74	72	112	83	80	74	72	56	165	73	93	95	103	79	72	46	84	85	63	74	78	97	44	84	179	66	88	86	119	53	76	168	54	77	25	136	138	88	154	126	61	157	57	125	87	205	234	42	132	65	54	55	26	47	63	96	76	40	104	112	54	55	31	128	99	40	29	91	30	148	627	78	64	89	94	109	107	108	69	56	60	53	38	30	67	48	117	48	55	125	35	139	96	83	74	117	46	39	46	63	40	107	58	91	91	66	46	50	88	69	59	55	61	75	57	78	49	25	77	64	59	82	82	43	35	46	52	140	33	35	58	53	72	52	76	86	51	72	72	43	116	71	76	50	62	60	56	105	87	64	114	73	58	65	62	69	91	80	54	73	92	24	62	48	60	106	75	49	92	88	69	53	73	73	47	40	83	36	71	25	64	109	51	66	307	62	112	58	107	40	87	119	71	100	73	92	152	66	51	105	64	83	66	115	88	80	32	108	124	105	95	60	94	97	69	60	94	551	68	104	101	79	133	64	58	115	94	75	121	44	304	109	87	87	85	124	60	50	118	93	90	66	40	76	65	61	68	79	50	58	202	50	141	84	17	76	92	90	30	28	80	81	62	29	66	73	128	103	67	53	100	78	84	120	108	88	88	104	30	55	22	31	84	51	113	19	94	81	68	94	44	63	31	39	72	58	83	53	36	72	60	36	37	101	92
G[C>A]A	22	83	43	61	61	125	68	105	80	147	57	101	89	50	63	72	51	54	107	70	119	50	115	80	45	52	111	53	122	113	67	43	122	24	94	93	165	88	73	66	27	64	55	59	54	33	42	36	72	120	60	52	128	63	158	130	73	105	96	90	115	122	168	374	67	34	60	51	133	59	97	42	55	59	88	54	77	82	56	93	67	65	54	42	99	87	74	75	28	65	134	56	57	72	41	60	57	94	52	56	19	91	45	60	91	51	65	58	54	74	86	50	66	90	162	57	84	15	54	64	58	84	62	43	42	30	43	51	86	81	71	101	89	69	74	14	30	64	29	69	100	71	70	83	76	61	56	13	31	116	105	14	38	19	101	60	57	50	41	19	47	45	56	56	102	70	122	71	114	91	51	57	32	76	28	15	111	63	61	133	79	107	75	66	39	73	55	73	105	94	50	69	60	59	50	37	47	64	104	104	73	89	102	45	70	86	6	69	72	33	18	43	75	50	85	89	55	68	64	86	57	60	74	63	94	33	100	14	85	12	19	128	33	52	44	43	23	34	47	63	70	51	80	49	62	90	44	43	76	74	57	22	67	41	61	72	46	82	50	67	88	97	64	115	34	68	75	79	57	51	110	80	89	115	49	74	24	38	71	45	84	68	1268	70	82	66	81	62	56	43	60	73	82	96	127	1222	68	44	121	60	30	99	41	45	141	32	44	45	88	58	26	39	81	72	67	16	17	72	122	67	57	72	36	72	45	51	113	47	53	94	53	23	98	52	41	44	98	73	44	54	45	61	60	65	53	199	42	44	63	49	68	87	63	100	50	38	85	80	106	60	42	19	24	19	77	54	56	68	52	38	120	65	42	110	64	97	96	123	61	68	80	49	34	83	63	147	71	15	62	51	61	14	63	81	72	45	43	37	46	41	64	179	117	68	96	29	65	104	40	51	41	42	77	47	40	91	54	32	64	72	90	55	33	61	49	29	76	38	16	43	68	27	14	26	73	40	56	34	80	48	23	100	10	73	45	66	220	31	67	67	51	38	48	63	49	57	60	43	88	32	62	67	66	38	133	87	49	55	52	107	70	34	81	80	53	71	80	75	80	280	189	58	79	105	33	80	48	57	30	35	42	86	67	78	75	77	129	47	53	95	35	40	41	85	14	79	38	33	107	115	35	38	96	37	54	74	49	24	44	60	47	85	128	68	47	46	45	89	86	41	84	85	65	73	90	111	39	47	70	30	39	121	68	53	160	109	63	32	52	94	69	150	63	39	49	161	55	51	94	121	67	49	107	55	77	46	69	38	93	53	99	80	59	112	76	52	54	92	52	116	53	59	74	73	38	52	62	77	59	24	107	39	53	32	90	44	82	54	63	93	70	54	251	43	37	22	29	37	38	16	69	51	40	71	63	46	89	63	91	22	120	15	85	48	61	38	25	57	67	67	66	65	77	71	27	46	74	37	38	133	45	125	83	40	68	61	60	52	98	76	116	48	142	137	46	24	81	52	105	86	90	71	42	81	66	45	126	69	66	23	65	104	81	49	171	54	92	24	71	78	90	52	26	48	66	79	85	53	67	165	65	37	46	64	69	155	48	64	75	164	60	63	40	58	60	62	50	64	76	27	70	162	52	67	55	79	32	76	105	45	51	23	170	88	56	99	110	56	122	55	74	54	126	159	26	105	73	44	52	33	23	65	71	69	31	74	75	67	40	20	101	62	28	20	58	21	107	77	49	45	99	42	92	103	75	55	52	42	38	27	22	65	33	73	30	31	108	45	103	77	57	32	77	38	25	58	61	39	71	56	66	52	66	41	47	56	73	32	55	34	75	42	71	48	11	83	47	36	73	92	48	28	44	50	110	30	39	43	30	48	64	45	67	32	80	49	39	85	53	60	42	32	72	55	78	72	67	63	38	62	55	37	55	67	86	31	45	92	35	56	36	37	83	54	42	54	64	64	46	48	47	20	26	72	58	55	39	61	45	54	38	232	57	89	88	84	25	118	123	61	84	44	61	146	65	61	93	62	73	59	95	80	71	24	76	107	114	81	42	60	105	51	67	65	126	51	108	105	80	136	42	43	85	59	90	106	34	209	116	87	73	58	106	28	51	92	90	108	70	30	65	40	47	77	74	35	53	185	64	126	93	18	45	65	55	23	23	57	75	48	31	37	74	102	81	54	63	68	58	44	79	85	81	58	70	27	35	16	25	82	52	86	17	60	70	62	64	33	57	18	35	46	47	85	48	29	55	54	42	37	92	67
G[C>A]C	25	63	30	41	55	97	55	72	34	100	49	97	65	39	34	57	30	36	70	62	81	46	58	65	25	37	89	43	65	67	38	31	98	23	78	67	111	59	51	56	21	67	46	72	43	32	43	35	58	94	43	38	78	60	141	72	40	108	69	75	94	138	151	130	42	33	33	63	92	57	82	33	47	38	67	45	61	57	41	67	55	53	29	27	72	50	52	58	24	55	84	51	54	42	28	38	52	56	44	50	12	62	26	43	62	31	65	35	43	34	84	29	39	67	114	32	71	20	36	46	28	79	44	26	27	23	33	40	66	58	62	88	74	50	41	13	21	44	20	43	47	79	62	41	61	48	49	8	22	62	80	15	22	12	77	52	40	32	31	15	25	33	48	45	79	51	59	52	92	54	37	44	27	51	29	9	139	67	38	97	58	83	61	50	36	73	36	32	66	69	60	53	26	30	47	42	42	43	47	87	83	77	71	31	59	51	5	62	58	28	11	31	40	37	63	60	42	83	34	56	47	56	60	38	70	26	82	21	53	7	17	92	23	53	29	33	25	22	36	44	40	38	45	77	35	83	28	20	67	41	53	16	56	37	43	47	42	74	46	43	57	101	49	127	32	66	60	45	47	45	106	49	79	107	41	47	22	22	52	47	63	50	1026	54	82	41	47	72	44	25	34	68	68	89	59	195	50	29	91	29	45	82	30	45	109	28	24	40	81	52	21	36	69	53	52	12	13	102	98	48	27	66	32	55	42	42	82	39	32	61	32	15	66	45	40	53	94	59	48	37	37	42	46	45	51	93	55	40	40	32	51	47	54	57	19	26	45	54	63	24	19	18	31	32	51	39	52	56	44	23	100	57	45	65	42	71	79	86	62	66	62	41	27	62	34	94	50	21	53	41	45	10	32	36	30	47	37	23	28	17	40	65	60	49	51	34	64	71	31	29	40	24	48	34	22	67	45	29	34	61	83	39	31	37	30	29	51	21	19	29	44	17	21	23	43	33	38	29	67	44	13	52	7	57	26	73	63	26	43	45	43	33	34	46	44	41	36	36	54	20	47	67	48	35	83	82	39	50	27	63	34	32	62	55	49	44	59	59	61	63	107	54	64	73	20	43	39	39	20	16	32	71	46	75	64	42	89	30	25	83	26	34	36	56	20	61	29	18	67	70	35	33	65	32	25	68	21	23	39	52	30	48	92	52	51	39	32	66	63	36	52	73	43	35	75	102	47	31	68	24	26	83	28	33	134	67	50	21	51	98	65	83	48	22	29	61	28	44	73	99	66	38	97	48	77	44	63	29	80	59	57	23	49	35	48	42	28	73	38	63	37	45	77	69	27	40	61	48	34	16	86	33	45	17	76	52	40	43	47	69	41	41	95	26	24	29	22	30	44	22	45	39	28	52	52	44	58	34	51	29	67	20	49	36	40	42	18	53	57	60	69	54	53	52	15	36	64	29	20	146	32	66	74	27	41	48	34	37	67	54	87	40	65	101	48	14	58	57	67	60	93	56	25	48	34	32	84	65	51	19	50	63	39	39	101	34	79	28	39	56	50	45	24	40	48	65	73	50	39	73	48	38	27	44	36	78	24	50	48	55	47	37	27	50	59	39	35	39	62	29	51	95	32	55	36	64	28	36	74	35	39	7	68	92	39	72	89	37	106	36	70	40	121	141	30	92	91	27	39	20	23	33	66	56	29	56	66	32	30	12	65	63	15	20	50	25	91	87	28	33	58	47	51	69	67	39	29	31	29	20	14	39	34	63	27	29	56	47	88	53	48	22	59	34	10	41	54	34	45	45	46	46	54	34	46	40	43	35	47	34	54	39	59	31	21	53	37	31	50	43	37	30	34	36	96	20	32	31	33	34	39	39	26	24	40	33	29	57	56	32	43	36	43	28	65	39	49	54	40	38	31	34	46	45	39	30	49	63	30	26	18	34	88	45	48	48	52	63	43	42	36	22	17	46	40	43	25	35	29	33	37	158	38	59	49	49	24	62	85	48	60	51	48	77	39	44	57	54	65	49	86	61	42	22	58	80	90	44	34	51	39	35	43	43	127	36	80	78	41	65	35	30	49	43	42	80	34	192	84	56	68	42	79	40	37	60	49	34	40	16	42	36	33	41	56	24	25	110	32	84	62	8	37	45	36	19	19	28	54	33	20	18	55	90	52	44	25	48	37	29	80	60	49	41	39	17	30	14	18	60	54	67	4	56	51	26	45	38	44	19	35	47	22	67	34	19	31	42	35	26	55	39
G[C>A]G	4	23	8	13	6	21	18	16	7	22	14	12	20	12	2	13	3	15	14	20	24	10	22	16	3	15	16	10	14	19	17	9	16	10	23	14	28	12	8	14	7	20	8	16	10	5	12	10	13	28	12	11	20	8	36	19	10	19	20	15	24	28	43	55	14	8	7	4	20	14	22	11	10	7	17	2	18	15	15	16	14	12	9	14	20	7	17	13	11	8	27	7	8	20	8	12	12	16	21	8	7	16	9	17	20	7	14	6	17	12	24	10	9	18	35	7	10	4	10	12	8	24	11	7	4	5	8	8	15	13	14	18	14	20	9	6	5	12	4	12	12	17	22	8	23	13	11	1	2	25	26	3	10	7	14	10	19	12	8	5	12	16	14	8	26	15	16	15	23	21	16	14	8	9	4	1	32	9	13	21	17	17	12	13	8	20	10	17	23	19	12	6	6	6	7	13	13	14	11	19	24	13	22	10	17	8	0	20	10	8	7	14	11	5	12	12	10	14	11	12	8	11	15	10	10	6	21	3	17	0	3	19	8	12	5	7	9	9	15	14	12	17	14	13	10	22	10	13	16	19	5	5	14	6	8	12	9	14	18	13	20	25	13	26	3	14	18	12	7	7	20	12	15	34	12	13	5	7	17	16	16	10	143	8	21	11	17	12	18	4	9	26	15	19	9	67	14	10	24	15	6	17	4	3	28	4	6	10	13	6	2	4	17	9	11	4	3	12	15	20	6	10	8	17	8	15	16	4	7	8	7	3	28	4	14	11	25	9	6	10	12	11	13	18	14	28	12	8	10	4	10	14	11	15	14	10	6	12	19	9	10	4	8	14	16	10	13	6	8	5	19	13	13	15	10	21	15	22	11	20	18	13	8	15	13	17	8	4	10	7	8	1	16	9	7	5	6	3	14	4	12	16	19	8	21	5	27	14	7	11	16	8	13	13	4	16	11	7	14	19	20	11	9	9	9	10	13	9	4	5	20	5	3	3	13	10	11	3	17	16	2	16	5	15	8	27	17	3	14	13	17	8	7	10	10	12	19	8	13	16	7	13	10	4	22	23	3	9	20	27	10	8	11	15	13	8	18	29	13	13	26	18	26	13	6	22	2	8	7	7	6	14	9	17	15	17	20	7	13	26	5	9	13	22	3	12	7	6	14	29	8	14	14	7	3	19	10	11	7	10	13	15	22	9	12	8	6	19	9	16	9	14	13	14	25	36	8	12	21	9	3	30	11	8	35	17	13	5	17	13	14	20	10	3	5	20	9	5	28	30	16	14	33	14	20	14	10	9	21	11	14	11	10	8	8	6	7	24	10	27	11	11	25	12	6	11	13	15	9	4	24	9	5	8	27	7	6	12	13	14	21	20	17	8	7	4	10	4	19	1	4	11	9	13	16	8	18	10	15	10	22	1	8	8	13	10	3	15	8	14	18	20	9	20	3	5	11	4	5	38	5	19	21	8	12	11	11	6	14	15	11	10	14	24	9	2	17	14	20	22	29	10	8	22	15	8	23	14	11	6	10	17	15	14	27	10	21	12	16	11	21	11	6	5	17	22	19	16	16	18	13	12	15	13	8	19	11	12	24	18	9	15	9	10	16	9	7	18	11	8	10	28	3	17	11	16	8	15	26	13	9	0	27	11	8	22	20	3	25	9	16	9	31	33	7	28	22	10	12	7	3	9	20	11	5	15	14	11	2	4	10	21	0	2	6	2	15	20	15	5	13	11	10	30	18	13	6	11	3	0	9	16	14	9	7	3	17	15	22	12	18	7	20	11	3	9	17	8	14	12	9	13	14	5	4	14	14	3	7	7	14	14	18	6	4	16	7	7	11	8	13	6	13	9	17	8	10	4	8	9	7	16	14	9	13	13	5	12	15	12	8	3	12	8	10	11	15	14	7	12	13	6	19	9	15	8	4	17	6	8	8	10	19	11	11	17	10	11	9	12	12	1	4	14	7	10	5	10	28	4	12	26	5	14	15	21	5	10	22	12	18	6	11	20	18	8	16	19	7	10	17	16	13	4	18	16	15	14	12	12	9	15	18	14	40	14	11	15	13	15	8	5	13	17	10	21	5	40	35	15	14	5	26	7	8	19	15	14	15	2	11	13	9	12	11	6	4	27	14	10	16	4	8	3	8	1	2	15	13	12	5	4	8	29	13	7	12	15	13	10	15	10	16	6	7	5	8	9	3	11	4	11	2	9	13	6	7	11	8	5	9	11	4	15	9	4	8	18	10	5	16	18
G[C>A]T	22	76	35	47	41	124	59	68	54	120	59	79	78	48	45	59	36	49	70	53	95	50	81	64	28	44	83	49	77	84	54	34	93	23	78	63	106	46	42	59	30	59	45	56	53	27	35	24	65	99	61	39	100	67	130	73	54	109	65	67	82	111	88	271	55	22	38	48	101	38	72	29	35	36	77	55	51	87	43	86	72	48	34	38	69	69	49	64	28	46	105	51	38	50	22	36	54	65	45	45	12	83	32	44	65	25	60	29	47	51	66	37	43	44	137	33	61	14	37	54	38	92	46	37	52	22	37	54	76	60	61	91	60	64	57	14	19	56	16	58	98	65	55	52	61	50	50	17	27	101	100	17	36	17	61	62	37	48	42	21	25	51	59	46	84	49	67	41	79	65	30	50	26	56	13	4	98	58	41	69	54	89	57	52	26	48	46	45	66	75	34	47	23	41	34	42	49	54	74	76	72	65	86	31	46	69	10	76	38	28	15	23	44	34	55	68	55	61	43	48	37	47	51	53	81	34	71	29	68	10	23	128	26	58	48	38	26	20	46	47	49	32	48	51	40	76	36	29	59	51	45	8	44	30	58	41	44	79	49	42	54	117	35	114	28	66	60	52	49	46	106	53	72	97	48	37	17	20	52	47	59	48	1218	40	89	43	45	67	45	33	50	74	62	83	79	563	49	47	63	48	31	76	35	37	98	22	29	24	73	55	17	28	49	51	53	15	23	74	93	46	50	55	17	57	37	32	85	34	47	82	33	33	77	30	47	43	74	49	32	35	39	38	44	41	47	166	55	26	57	39	73	86	64	67	46	44	72	54	59	29	17	12	25	24	38	37	52	44	33	26	81	52	38	67	39	74	78	93	57	58	51	34	27	63	56	100	44	19	44	44	47	8	54	45	41	45	34	21	26	27	52	116	98	49	82	34	56	65	37	37	38	38	66	43	22	56	39	25	40	54	84	39	37	48	26	30	60	26	21	28	61	19	22	19	36	40	39	23	58	37	16	62	17	71	15	60	142	24	53	46	36	27	32	55	57	40	55	56	54	37	49	63	60	31	83	61	29	41	31	93	45	32	53	51	57	48	57	55	68	134	182	58	70	89	31	45	28	41	20	23	25	76	45	85	64	47	84	34	29	75	25	26	34	68	16	53	38	20	93	87	21	34	72	46	37	71	28	24	35	45	45	76	116	59	46	33	51	63	59	30	45	72	45	41	62	94	37	22	49	20	27	66	42	34	133	64	43	24	48	81	48	79	44	20	40	127	36	42	69	95	71	49	90	35	70	46	60	40	81	38	69	47	50	92	58	46	33	78	45	75	35	63	67	64	29	43	47	49	37	19	72	41	37	22	68	45	58	38	49	68	41	37	127	39	19	25	27	39	45	18	36	49	28	65	33	36	61	48	86	18	84	14	57	37	56	33	17	52	49	50	65	69	43	45	17	45	48	28	25	119	39	78	71	45	44	43	58	43	69	55	106	44	95	100	55	22	79	49	62	63	73	43	41	57	45	36	86	47	35	24	54	79	66	33	176	42	76	15	52	50	68	34	23	37	38	57	59	49	43	89	46	46	42	35	37	104	38	41	61	81	43	38	30	43	38	42	34	55	58	23	48	107	43	62	53	60	26	49	106	28	40	4	100	80	43	72	87	38	82	56	61	47	128	139	33	81	48	25	46	19	26	44	49	47	26	75	60	34	30	18	71	50	23	17	41	18	86	93	40	35	61	50	71	72	59	39	32	42	33	15	20	46	39	71	27	41	72	28	86	55	55	32	83	30	15	39	48	26	39	40	56	50	31	19	29	46	43	35	34	22	70	53	55	31	18	50	37	30	55	45	32	27	32	27	84	24	25	28	30	45	36	48	53	24	42	28	26	65	50	46	42	24	47	32	69	56	43	64	39	55	29	29	39	49	56	33	42	60	23	32	20	27	73	54	38	57	75	58	37	30	42	14	20	75	31	48	23	40	30	45	47	193	48	61	54	56	26	89	93	53	69	48	55	105	35	50	67	63	56	59	56	46	56	14	69	89	72	66	49	61	71	41	35	42	182	34	72	67	46	80	33	31	67	40	58	74	23	165	96	64	67	52	69	36	32	60	54	85	59	17	49	34	31	38	58	31	33	119	39	62	56	14	36	55	44	12	20	38	52	30	20	23	52	78	62	42	38	47	42	43	63	56	39	40	47	17	28	14	15	67	38	71	10	49	49	40	39	22	46	16	31	46	37	67	32	28	27	34	26	26	61	57
T[C>A]A	53	189	107	96	113	289	141	156	113	326	136	188	192	119	82	160	76	108	184	122	212	82	149	135	109	101	181	112	140	192	153	86	208	57	145	171	271	133	94	117	48	148	119	160	100	78	87	85	147	186	138	87	185	162	329	184	107	262	198	165	206	225	268	215	129	71	128	100	218	103	181	86	125	120	192	93	153	168	92	194	131	123	89	99	205	154	151	166	62	80	184	90	84	117	57	85	102	124	105	119	41	186	96	95	151	78	125	95	73	101	177	89	130	162	212	89	149	44	104	112	103	203	118	59	71	63	90	113	149	159	169	213	159	146	156	28	49	119	55	87	164	131	157	130	157	94	118	35	78	216	189	57	91	45	159	128	112	90	91	25	53	88	123	118	175	90	119	112	225	173	77	108	64	135	54	21	201	134	101	194	123	162	146	119	77	115	110	107	190	142	134	100	78	116	81	79	94	98	148	197	156	156	150	80	128	141	13	205	127	62	38	82	119	68	129	175	101	159	102	119	93	146	144	104	139	89	211	44	132	19	41	233	56	104	80	86	68	50	95	106	97	88	129	125	98	183	63	67	127	103	94	42	129	81	102	108	86	163	110	95	139	255	95	243	45	172	146	135	85	115	203	90	140	241	114	107	43	49	130	96	174	161	1918	133	205	130	138	121	142	88	105	130	173	193	195	585	129	79	203	116	69	162	91	68	205	64	70	66	229	141	51	66	145	130	114	49	51	170	173	134	106	139	53	116	85	91	217	95	91	130	99	43	194	96	81	95	147	149	67	76	106	100	103	132	108	350	123	41	136	65	132	151	116	152	65	104	139	134	157	103	72	37	79	49	85	95	138	135	88	51	170	94	135	149	110	174	172	266	149	126	181	100	87	155	84	203	108	30	114	108	79	22	101	117	111	84	76	63	60	49	111	189	163	88	134	74	139	189	76	90	94	56	147	122	48	137	99	59	117	124	216	89	47	116	72	73	127	91	33	55	103	63	40	46	118	89	91	65	141	103	33	134	44	196	47	141	213	65	116	101	75	72	86	141	99	95	128	83	131	77	85	138	128	88	186	125	93	87	87	207	117	69	119	149	157	92	167	117	129	142	329	164	130	170	72	143	69	91	53	39	68	200	117	118	144	127	221	96	68	191	67	77	78	131	55	159	82	52	181	198	110	81	129	76	53	143	59	51	85	97	124	145	223	107	95	92	85	166	87	67	132	189	92	64	158	217	93	77	129	67	52	162	88	68	227	155	109	46	104	161	114	171	95	78	77	201	70	116	186	180	127	123	193	114	159	89	189	86	168	99	155	110	103	129	134	79	77	154	94	160	97	116	144	126	40	105	108	107	114	61	205	91	87	49	149	106	109	107	94	143	125	99	170	71	59	70	56	87	104	25	90	99	72	125	74	78	156	90	174	53	207	34	77	85	104	80	32	130	106	126	118	166	103	91	59	107	132	55	39	274	50	189	214	88	108	90	99	89	162	133	185	87	163	277	106	38	170	114	196	193	160	143	64	161	112	72	233	135	126	44	159	179	123	79	298	126	151	45	122	119	185	71	56	105	125	120	152	90	119	148	106	116	107	113	105	281	125	130	144	113	128	141	81	124	96	116	128	123	136	68	102	258	88	117	129	179	71	118	189	98	90	29	160	182	97	169	189	79	250	77	138	136	254	233	63	184	134	71	100	42	47	91	134	97	82	139	123	98	71	51	202	130	41	40	131	47	179	153	66	81	114	99	169	174	140	98	86	91	58	14	30	98	85	154	64	59	171	87	170	122	122	69	145	72	45	65	129	54	146	86	97	125	95	72	68	125	120	103	78	41	158	102	151	63	38	115	90	66	98	118	67	45	53	81	185	54	73	70	74	84	63	119	137	49	116	89	60	175	114	104	83	54	93	95	157	119	97	115	86	101	90	43	98	129	177	61	89	192	47	74	55	78	168	121	99	120	114	110	73	89	129	39	43	129	94	104	38	92	58	76	93	308	109	191	116	144	40	132	210	140	155	133	116	229	111	89	158	102	122	108	176	125	108	58	150	226	164	151	89	138	134	83	97	99	221	74	159	168	103	193	79	82	138	113	124	206	57	284	215	132	120	133	175	88	89	165	132	130	102	17	111	80	74	141	127	52	64	218	82	171	120	15	63	132	120	38	44	63	83	61	44	70	92	144	154	104	81	126	68	72	147	124	98	100	86	25	73	34	41	161	75	159	15	120	96	73	120	58	89	58	64	94	64	156	69	25	83	88	72	70	128	121
T[C>A]C	48	137	90	92	106	251	109	128	99	253	100	113	171	89	60	116	70	112	166	115	189	75	128	147	70	74	156	91	117	184	126	65	190	58	148	135	244	108	93	112	68	146	66	139	87	57	82	74	120	208	93	75	194	117	292	171	114	171	140	162	191	208	246	162	116	65	116	113	218	91	156	66	95	91	143	96	121	168	86	164	123	101	89	85	171	125	95	165	58	66	151	120	103	107	61	72	114	97	94	118	52	153	72	104	143	60	114	63	90	93	187	90	98	127	238	63	147	38	81	101	94	190	119	52	65	61	88	107	175	130	148	196	146	148	137	21	46	111	48	93	118	130	112	126	124	104	97	24	52	166	165	37	56	38	162	109	81	96	69	37	35	92	106	75	141	84	134	117	196	130	47	104	58	112	39	23	204	81	108	167	135	148	130	120	74	98	89	81	150	130	91	98	69	72	84	76	73	118	113	209	136	158	126	74	90	118	9	124	109	53	41	74	108	84	120	158	81	130	73	100	106	94	121	102	143	63	169	38	103	10	29	170	55	89	68	72	52	47	88	114	109	77	102	101	86	157	58	55	118	119	75	37	116	79	97	94	73	153	119	89	156	200	105	231	45	133	129	109	96	67	207	100	138	245	111	104	50	45	119	77	139	107	1565	106	180	119	123	107	97	78	96	117	139	125	166	319	110	70	216	98	64	160	59	69	196	49	74	68	204	113	48	74	127	121	90	34	40	145	160	104	65	133	43	95	73	79	191	89	88	116	86	31	145	70	66	88	152	105	80	72	72	84	90	93	83	245	112	56	120	63	114	119	112	108	58	67	125	93	162	88	57	38	52	51	125	71	127	106	74	44	157	121	94	123	94	151	172	226	132	102	141	88	60	128	64	171	101	23	145	86	102	24	108	104	105	75	80	51	62	42	91	144	92	87	115	52	132	132	56	84	81	56	91	96	48	131	98	57	95	112	215	86	48	106	61	64	124	68	37	56	108	33	27	57	88	62	96	62	144	96	30	152	38	153	41	119	133	45	99	118	85	69	88	160	103	96	103	76	149	62	95	119	108	90	176	143	78	94	62	155	81	60	117	118	117	92	132	115	134	103	234	135	143	145	61	138	64	84	58	35	63	162	107	129	125	113	194	62	73	160	59	79	47	111	32	130	65	56	103	153	84	76	116	61	75	138	53	61	100	111	90	137	180	115	106	67	69	138	126	76	113	148	79	76	155	191	96	67	112	41	50	174	89	81	233	153	111	50	102	187	135	166	95	45	77	181	74	79	171	174	132	114	192	92	162	93	103	73	188	90	127	58	94	93	116	56	63	190	105	146	97	113	128	130	56	93	99	96	102	40	187	60	90	42	138	82	67	94	94	141	118	106	132	54	57	61	66	69	64	30	83	99	76	83	73	70	136	79	146	48	178	26	85	66	86	94	36	134	116	118	114	142	80	69	49	84	110	45	58	282	62	150	168	62	96	108	89	85	181	139	197	79	156	257	111	27	151	109	163	149	162	121	56	128	112	55	185	127	116	36	103	137	108	87	224	87	150	50	112	94	169	85	37	86	114	139	136	94	92	98	84	85	100	114	99	208	96	86	108	101	81	106	54	95	111	114	99	100	130	52	107	261	73	110	104	161	61	101	161	72	63	25	136	162	91	147	186	92	251	87	115	105	273	286	47	180	121	73	60	45	42	72	127	109	80	133	108	81	49	37	167	113	36	42	90	33	178	151	77	74	128	82	140	156	115	67	72	63	50	19	41	110	74	123	52	53	119	77	169	117	108	58	134	58	45	74	114	48	87	101	102	94	90	64	79	89	98	70	87	57	123	99	121	42	20	113	80	55	89	122	80	49	73	59	173	38	60	49	74	103	72	118	109	50	95	68	68	124	121	86	80	64	90	63	146	107	98	92	70	90	76	51	84	88	142	53	87	159	26	86	46	64	154	118	85	111	117	135	89	80	99	45	39	113	78	68	38	76	71	90	75	293	116	135	110	134	44	112	157	101	144	106	112	168	83	84	163	119	123	84	159	118	74	53	140	172	175	137	68	112	106	76	89	89	255	63	170	141	91	172	70	70	115	126	114	167	57	353	190	133	132	101	157	79	71	149	130	90	95	30	87	69	86	90	126	63	59	188	69	123	103	12	62	98	111	32	37	74	85	58	39	51	100	153	124	95	75	103	74	63	134	94	85	93	72	19	67	27	40	122	89	134	15	119	90	83	70	57	91	52	65	101	57	163	71	40	69	72	66	81	112	110
T[C>A]G	7	25	15	10	12	24	22	15	13	35	16	12	22	19	7	20	12	12	24	15	19	13	20	20	12	17	23	20	21	22	14	23	20	5	25	12	30	19	10	22	7	25	10	22	16	9	10	14	20	16	12	16	19	20	40	22	15	26	22	22	18	30	32	36	30	7	9	17	23	13	20	17	15	14	35	10	11	12	13	18	18	16	8	10	27	20	9	20	9	11	28	26	10	17	8	11	16	13	18	17	14	21	9	10	21	9	15	7	15	15	17	21	16	21	36	9	26	7	16	13	18	22	11	12	8	11	17	16	21	14	15	30	16	12	18	3	7	14	8	26	19	14	13	8	26	14	17	3	7	33	27	2	3	3	15	15	14	24	5	8	12	18	12	17	25	13	24	18	30	28	8	18	7	15	11	4	30	11	13	34	13	27	27	18	9	9	9	14	29	20	12	16	7	16	13	19	12	19	26	24	20	25	22	7	21	21	1	15	20	4	4	10	15	11	7	18	7	25	14	23	16	24	13	22	14	6	23	7	15	3	6	27	7	13	11	18	12	7	22	11	14	16	15	6	12	26	14	12	18	17	11	7	17	13	18	14	18	24	13	21	18	35	14	24	9	13	28	16	18	13	36	17	21	39	16	14	9	12	24	17	34	8	113	16	20	19	22	16	14	8	18	15	21	19	23	57	18	18	23	15	7	25	17	10	36	7	10	18	32	21	4	7	23	13	16	6	6	15	28	15	13	17	14	18	12	10	25	7	9	20	18	3	35	17	16	10	25	17	12	11	15	8	14	14	6	41	25	9	15	7	18	26	10	21	10	11	28	18	24	9	9	8	9	16	22	6	20	17	9	7	28	15	10	14	8	22	21	29	24	21	21	14	12	21	11	25	22	5	13	13	13	3	16	23	17	14	12	5	9	10	15	19	15	12	12	7	21	18	9	16	13	12	16	17	5	23	19	10	17	18	36	14	9	15	7	10	20	16	7	8	17	10	6	7	18	8	8	13	28	10	7	11	7	26	4	25	23	7	12	18	13	17	11	16	18	20	14	15	10	7	13	17	12	15	18	20	12	13	14	24	15	7	20	22	21	17	20	21	19	17	31	15	25	23	5	18	10	15	5	5	10	34	13	19	25	21	29	11	12	28	13	10	9	20	8	14	5	5	13	22	11	8	23	14	14	16	14	8	10	13	13	19	28	21	10	11	11	14	22	12	18	19	15	17	25	36	11	13	20	6	10	29	20	7	38	15	12	8	12	16	19	29	11	5	11	27	13	18	28	27	26	18	23	8	22	14	17	8	20	13	23	12	17	8	16	16	11	20	16	18	15	20	18	24	9	18	13	17	12	5	32	9	20	3	23	11	13	14	8	20	16	10	22	15	1	3	5	11	14	3	9	22	15	18	9	16	21	11	22	6	29	9	16	11	15	11	5	18	14	16	14	29	9	22	5	18	8	12	11	36	7	23	28	9	16	18	8	12	22	24	16	5	31	29	9	7	25	11	21	20	34	13	11	19	15	15	32	20	14	11	13	20	16	8	25	12	18	6	21	21	22	10	3	11	20	15	15	14	21	13	18	12	16	8	13	25	16	16	22	16	13	18	8	15	21	19	13	19	15	18	10	30	12	23	14	21	10	12	20	14	11	9	35	14	14	19	24	12	37	13	20	20	23	32	10	29	17	12	9	8	7	14	20	13	11	19	19	12	10	8	24	20	4	5	14	6	24	21	11	7	20	15	32	25	12	19	11	12	8	5	1	20	9	18	7	9	11	13	29	22	17	8	15	8	8	15	12	8	12	18	18	17	15	17	9	8	15	10	13	8	23	19	21	9	5	18	5	5	15	12	13	3	8	9	35	9	13	8	12	18	11	14	15	7	10	20	11	15	18	13	12	6	20	9	16	13	11	16	7	19	12	5	13	12	25	9	9	23	4	6	10	12	22	9	10	11	9	18	16	15	15	1	6	14	14	23	8	12	9	12	12	42	17	27	18	24	4	15	25	22	28	17	18	23	17	14	11	17	16	15	31	14	10	7	20	34	40	15	9	14	20	8	20	20	38	9	18	16	9	27	10	14	26	13	10	35	7	44	28	18	15	14	22	8	15	14	20	24	18	3	17	16	13	13	14	11	10	25	14	11	12	3	10	13	19	1	6	11	11	10	6	8	17	12	20	12	7	22	10	10	30	13	19	12	16	1	11	5	5	17	12	25	6	15	11	9	19	13	15	5	15	14	12	12	14	2	7	9	11	8	18	17
T[C>A]T	57	168	77	85	101	273	119	129	144	338	123	184	193	116	80	126	74	120	167	146	239	100	165	140	91	95	209	123	139	213	115	85	199	50	146	174	262	166	111	116	55	142	100	144	104	79	97	90	155	183	109	91	256	144	330	243	96	250	187	170	163	224	248	319	105	77	99	121	227	97	231	52	103	115	139	102	150	187	94	153	146	108	88	95	197	138	130	169	64	82	252	125	95	147	55	86	109	132	109	134	61	193	95	116	188	58	147	90	71	104	201	78	113	171	241	89	167	40	91	105	92	178	111	59	93	62	105	114	196	154	126	185	173	134	142	29	44	164	56	116	239	157	153	148	158	91	113	30	61	169	212	36	76	37	168	130	100	98	87	60	70	96	126	94	179	89	161	112	209	174	75	114	69	109	45	34	208	130	114	213	155	179	156	134	97	91	124	113	153	168	108	131	70	109	96	71	93	121	177	217	153	152	228	77	93	128	15	159	101	76	54	72	136	80	151	176	95	166	91	155	99	150	134	97	181	109	229	40	124	20	65	234	64	117	84	68	46	39	108	85	96	84	142	138	90	235	76	59	184	107	103	34	131	97	115	116	76	206	138	113	138	224	106	257	45	142	140	110	99	119	215	113	155	254	97	91	42	51	110	116	156	127	2471	105	201	111	103	114	106	68	99	138	165	183	218	814	101	95	221	73	62	214	99	55	279	60	87	75	236	117	45	85	139	147	125	44	37	177	199	144	108	135	48	110	73	71	212	89	107	149	84	53	159	102	66	97	148	160	72	76	110	89	119	114	88	463	113	64	127	51	130	179	107	151	94	91	186	107	184	106	65	45	66	71	123	74	143	117	85	48	154	108	101	181	103	158	190	277	149	126	150	89	69	133	101	217	126	26	157	97	94	23	89	141	104	86	84	61	56	49	134	251	203	118	172	80	174	172	52	66	101	85	122	120	49	129	113	64	113	154	238	125	46	110	54	72	142	85	31	77	109	52	33	55	105	70	102	66	146	91	29	157	41	175	60	138	284	50	113	97	86	70	81	148	129	106	121	102	119	87	102	141	122	92	177	119	80	97	84	236	126	78	132	131	143	103	143	101	122	240	616	141	148	183	60	111	80	91	55	63	71	219	130	162	154	117	188	97	81	180	87	80	82	137	48	153	76	63	187	209	77	89	135	71	77	164	64	60	85	117	109	149	261	104	105	88	121	154	120	68	139	189	85	89	195	190	77	65	127	63	55	163	105	82	244	145	112	50	106	162	129	217	97	60	85	240	77	81	178	254	152	128	199	105	161	95	142	88	163	87	152	152	94	206	122	93	72	176	99	167	102	119	147	134	57	91	105	118	104	63	188	87	91	46	173	91	138	105	95	132	125	112	243	67	72	38	70	74	85	34	96	120	69	125	77	86	167	105	179	44	201	39	116	76	114	85	39	176	99	117	123	150	115	111	40	81	126	56	52	269	69	209	212	77	106	107	131	94	183	143	245	86	216	261	121	40	155	146	139	203	164	137	98	143	97	84	215	156	130	40	154	217	174	86	354	117	170	54	136	89	181	79	46	102	118	116	147	115	100	185	113	115	98	115	149	295	118	109	144	150	125	131	72	108	103	122	126	112	133	74	124	275	66	142	140	168	74	120	202	86	96	26	212	158	103	172	205	93	206	91	160	113	225	294	56	182	99	90	88	55	47	84	129	84	77	143	125	95	61	56	179	143	54	40	136	45	211	316	84	88	138	99	143	221	135	99	72	69	68	34	35	124	89	170	63	58	183	71	178	120	153	68	155	68	55	73	104	68	123	94	100	112	80	83	64	103	93	79	78	73	137	104	151	80	22	121	71	68	100	95	67	55	81	69	186	42	63	69	92	80	73	117	133	52	89	70	79	187	119	92	102	63	125	89	164	99	100	172	103	113	80	49	110	103	142	59	89	179	37	76	34	64	163	118	94	128	115	114	101	90	94	33	38	130	86	113	52	101	74	90	76	423	139	206	133	137	50	169	200	116	162	112	155	264	120	112	149	130	130	137	192	116	101	39	162	225	153	122	74	110	175	91	133	98	356	64	159	161	109	238	79	93	164	112	140	215	52	347	201	156	140	135	171	84	84	167	140	168	104	41	87	56	71	103	121	53	61	252	70	112	106	16	70	124	121	29	44	62	82	66	65	63	101	159	138	86	68	133	76	59	122	116	115	103	80	25	82	26	26	118	81	159	21	101	88	70	107	75	100	51	70	90	60	153	91	35	58	88	88	54	108	127
A[C>G]A	24	79	33	54	40	132	57	82	41	100	95	89	86	48	55	57	49	52	69	69	129	47	74	77	43	45	96	67	73	110	57	39	92	40	77	57	108	54	51	53	23	64	84	68	38	30	36	56	74	66	66	43	91	99	155	82	52	132	75	76	113	107	126	74	49	44	65	56	87	59	83	44	52	60	97	55	53	75	65	86	98	45	58	33	130	62	74	84	15	51	78	38	90	57	29	46	61	80	73	43	11	76	57	38	69	42	65	38	52	51	102	65	60	71	104	30	64	35	51	48	37	108	79	37	27	47	40	50	123	79	66	126	113	70	99	22	29	94	26	44	67	61	75	69	66	51	57	17	18	89	103	23	24	15	85	60	45	34	41	23	30	51	53	39	70	72	48	51	88	84	34	38	40	52	32	21	82	82	53	79	38	81	87	66	40	59	67	46	87	88	31	49	33	44	38	35	47	80	83	86	61	95	66	39	73	134	14	84	56	34	16	66	96	64	59	108	46	69	31	59	60	74	59	44	66	51	132	23	66	10	21	66	36	64	52	35	30	26	70	55	52	43	51	66	35	86	46	21	71	48	49	18	52	47	53	48	60	104	51	64	101	132	48	144	32	64	88	66	51	59	76	60	92	84	52	55	36	21	61	44	113	56	1095	62	86	59	84	66	48	35	49	90	76	105	71	87	121	50	88	31	43	69	44	47	86	27	46	29	106	71	21	28	47	109	58	27	19	80	102	64	51	74	32	58	38	87	112	49	43	58	54	21	65	64	31	48	77	82	39	50	49	53	46	54	57	142	52	21	89	35	61	38	89	63	39	49	67	53	103	32	42	23	39	24	41	44	60	52	55	27	87	63	71	65	49	70	118	72	65	67	67	44	47	71	41	72	59	25	103	57	61	13	79	42	86	40	52	31	37	26	56	53	84	50	63	37	82	106	43	49	55	12	71	66	30	71	64	49	63	73	69	29	23	46	34	23	80	24	11	28	43	27	23	19	61	35	37	37	72	44	19	89	22	62	20	56	49	28	34	82	38	36	53	70	59	47	50	57	111	29	66	47	56	32	76	56	53	34	67	95	43	47	54	81	64	62	70	82	51	35	131	55	63	81	41	119	44	65	33	15	27	85	48	88	93	63	101	62	29	80	26	33	38	58	35	70	41	35	72	84	25	47	64	49	44	65	51	33	47	38	56	87	93	71	46	53	52	92	88	38	54	84	63	40	72	96	38	68	73	35	38	96	57	47	131	83	51	40	54	78	58	73	59	36	30	64	55	45	75	108	82	65	107	84	82	31	66	46	105	65	71	39	48	39	72	33	27	118	29	92	31	44	74	59	31	50	51	68	56	28	77	40	52	23	58	58	34	50	49	86	64	65	69	38	21	44	40	36	50	28	56	66	44	62	49	49	77	38	85	27	76	23	38	57	52	42	22	60	51	44	78	60	60	41	26	48	83	31	42	112	37	57	61	43	43	46	59	74	52	65	118	53	79	89	45	17	67	44	74	58	79	89	15	67	48	19	81	61	41	14	79	87	56	54	99	39	70	23	77	86	61	35	29	43	74	42	79	29	67	73	44	53	60	46	42	112	51	53	68	54	54	96	35	43	55	51	62	39	104	24	54	99	35	58	62	78	37	65	98	37	62	13	74	91	49	77	93	51	91	50	101	63	124	156	35	96	44	31	43	24	27	94	85	80	40	46	67	72	41	22	85	51	26	20	74	12	83	107	25	31	79	44	64	70	62	55	37	47	26	20	23	35	52	68	24	36	84	32	98	46	63	40	52	44	29	49	48	33	70	46	42	75	45	30	28	85	54	68	38	37	85	37	55	52	24	60	41	33	55	45	35	35	47	40	109	24	39	32	48	47	36	67	51	39	56	45	50	70	56	57	47	36	58	48	85	68	60	52	50	68	48	40	63	63	59	34	41	56	19	37	31	55	64	44	43	51	86	55	73	56	66	28	31	62	41	71	39	59	20	33	44	172	47	93	43	62	31	61	91	48	57	66	76	90	56	39	99	76	74	42	77	67	45	25	115	103	69	77	20	56	36	42	36	53	123	51	78	60	31	134	37	51	77	69	49	108	72	150	102	118	58	64	57	51	27	71	81	61	59	28	52	45	42	46	51	51	43	83	50	64	55	23	47	62	83	21	12	66	53	36	28	33	54	71	52	32	38	58	54	39	66	65	49	48	49	28	43	20	20	47	54	66	19	55	65	42	53	35	38	46	28	42	34	58	42	23	62	43	40	37	66	57
A[C>G]C	9	59	35	38	30	74	37	43	47	86	57	83	55	50	34	26	37	42	70	46	74	26	40	52	27	33	50	35	30	70	42	32	68	21	45	41	67	45	27	39	17	36	41	61	27	35	18	32	52	55	33	21	52	54	91	50	30	90	55	76	70	66	74	39	33	21	45	32	62	38	64	30	43	34	69	22	40	57	38	58	58	53	25	24	83	53	61	68	16	32	53	23	49	33	14	23	35	31	45	37	10	62	35	25	41	20	29	28	23	22	66	41	38	74	63	21	38	9	24	22	29	75	45	28	24	29	28	31	72	63	47	59	66	52	55	18	15	55	11	24	36	43	41	24	56	33	47	13	21	43	63	22	24	9	36	67	43	20	23	5	13	28	49	37	43	34	29	34	83	48	19	35	24	32	20	8	54	54	28	47	38	52	58	38	22	37	40	27	50	53	23	31	18	38	34	15	24	54	48	48	33	53	40	17	28	76	6	72	33	24	16	44	57	44	35	69	33	51	20	31	34	54	29	33	55	32	77	17	47	5	22	59	16	32	32	31	21	22	53	37	36	25	17	54	27	58	33	32	33	34	47	19	46	27	46	33	41	64	35	51	62	83	35	59	13	38	78	30	31	46	47	37	67	72	35	35	15	16	35	31	60	52	451	32	76	35	54	34	43	23	32	45	45	68	30	58	75	42	57	22	29	52	34	27	65	21	37	26	70	60	20	12	30	48	39	12	17	60	60	39	19	54	15	36	29	51	84	29	24	33	32	14	50	57	40	50	50	28	17	28	33	28	23	40	35	94	40	20	40	22	38	42	50	44	20	32	40	33	61	15	19	19	29	19	30	35	37	28	43	24	54	38	44	44	29	35	80	67	41	54	57	23	27	45	21	52	28	11	47	44	32	13	43	40	32	26	31	11	18	16	32	35	40	34	28	25	53	62	26	22	23	14	47	58	13	56	49	25	42	40	67	24	23	28	17	19	35	18	14	16	33	13	17	17	26	24	21	17	40	32	8	51	11	58	8	32	44	21	33	35	27	22	33	45	39	39	39	33	48	24	43	29	43	20	50	51	34	31	37	69	30	27	30	50	49	37	46	42	35	20	100	52	39	34	25	76	27	37	27	16	18	55	36	53	56	44	47	35	23	54	21	24	21	31	20	48	23	20	57	45	19	33	35	26	15	50	18	16	48	25	30	40	55	35	26	40	44	70	45	25	31	65	31	21	54	59	33	49	49	15	29	49	31	39	56	58	34	23	28	32	31	51	33	19	21	42	26	39	58	69	41	33	72	47	46	21	40	24	63	27	45	33	20	19	42	18	27	57	15	59	21	52	44	44	16	28	42	30	34	30	58	27	40	17	48	41	34	46	22	44	34	43	49	18	24	18	20	31	33	17	32	38	14	55	32	23	56	29	49	26	72	12	21	36	30	31	19	44	25	31	48	26	35	21	18	26	47	17	12	68	21	34	56	26	29	27	38	50	46	45	72	32	56	52	36	10	47	50	49	46	51	50	13	28	25	18	72	51	32	11	45	58	37	23	65	24	47	21	46	48	36	27	14	25	49	34	49	28	49	47	43	39	27	23	36	63	46	34	42	33	35	55	25	52	29	50	43	30	69	23	46	75	22	46	38	58	28	36	77	34	31	14	59	48	38	53	66	22	63	45	54	46	49	93	21	66	41	25	20	15	18	56	43	46	23	40	46	44	34	19	58	36	22	11	43	15	79	44	23	30	35	35	41	53	39	31	30	26	24	12	11	25	25	55	18	19	50	26	55	31	35	27	52	23	11	25	31	15	45	28	30	54	30	19	27	55	31	29	28	28	51	40	43	20	17	29	31	23	24	39	32	10	27	25	64	10	29	20	32	21	30	76	52	15	41	21	26	63	37	29	25	18	33	31	61	44	44	40	35	36	37	22	35	53	48	12	37	33	18	20	12	33	37	32	17	25	63	36	45	26	46	15	16	28	32	30	11	24	13	27	25	82	19	71	25	53	12	41	62	36	41	45	43	42	43	35	64	60	50	25	48	36	23	16	68	69	42	40	22	48	39	22	23	24	79	21	68	49	23	68	47	34	54	36	26	71	42	104	71	52	35	47	46	32	30	39	64	28	42	12	32	19	31	30	42	19	18	53	19	46	35	3	30	58	64	11	17	22	29	26	15	15	26	43	39	20	20	37	28	31	43	43	29	36	38	12	23	15	8	20	37	30	7	28	37	23	27	13	28	21	16	21	18	35	21	12	26	34	33	22	39	47
A[C>G]G	5	13	13	6	11	29	15	8	11	24	13	25	6	8	12	12	7	6	11	13	18	10	9	19	15	8	16	12	14	24	7	6	19	4	12	11	22	8	11	13	7	14	24	24	14	6	7	13	17	14	11	9	11	17	36	25	4	29	15	15	20	26	20	10	9	5	6	6	20	15	17	4	8	10	16	10	7	17	9	21	18	10	10	6	23	11	20	13	5	9	21	6	15	11	6	7	8	11	12	13	3	18	10	3	14	8	15	9	7	9	15	15	10	5	16	7	11	7	5	6	6	21	12	8	3	8	8	8	9	12	11	17	21	17	7	1	6	21	4	12	12	11	11	16	18	5	9	1	3	12	27	4	8	2	12	14	18	8	9	8	4	7	17	7	18	11	5	10	24	16	5	7	3	7	4	6	11	17	12	16	8	16	17	11	6	8	13	11	22	12	7	8	6	5	13	9	6	8	14	19	17	12	11	6	14	13	1	13	8	5	4	8	5	3	10	20	10	11	5	9	8	9	10	6	16	3	16	8	15	1	6	12	7	6	7	10	4	9	11	13	9	5	9	16	7	13	4	4	15	10	6	4	11	13	14	12	7	18	6	6	9	21	6	13	8	15	17	12	10	6	18	12	12	22	6	6	2	8	13	10	16	14	187	22	14	12	17	16	8	3	7	9	16	19	12	18	7	13	23	9	6	11	7	7	17	3	7	4	21	9	3	4	11	12	5	4	4	11	9	10	2	12	5	9	7	5	16	11	8	4	11	3	16	7	7	6	11	13	8	13	13	11	9	10	17	24	10	4	6	5	11	5	13	9	3	10	11	8	18	6	6	8	10	5	7	10	10	6	9	4	14	11	17	14	10	9	21	17	13	10	7	6	5	15	8	13	4	6	17	10	11	4	6	10	5	9	18	7	6	8	9	9	15	7	12	9	13	24	10	9	12	7	17	18	3	11	6	3	12	15	18	7	4	7	6	6	13	7	4	1	8	5	7	7	9	5	7	4	17	6	2	14	5	13	2	14	7	4	7	12	9	6	13	7	8	13	13	11	20	12	9	12	14	5	11	15	10	9	7	25	10	11	8	8	6	14	12	10	14	6	25	10	16	21	6	17	12	13	1	5	10	22	13	7	9	9	13	10	4	14	10	8	5	11	3	15	2	6	12	14	3	11	10	6	6	9	7	7	10	11	15	10	20	19	7	8	13	14	6	10	18	24	9	4	11	27	5	5	17	4	11	16	8	4	19	14	8	9	14	17	10	11	8	9	4	27	6	8	16	18	19	11	30	10	16	8	18	8	23	7	16	3	12	6	11	11	9	21	5	13	6	13	14	8	3	6	14	10	10	8	13	6	13	10	17	14	8	12	12	15	9	12	14	9	9	7	4	7	16	7	7	15	11	15	12	11	16	4	7	6	11	2	6	11	16	3	3	22	9	9	11	16	10	12	3	16	13	7	8	22	7	12	23	10	6	8	12	6	10	11	18	7	9	20	6	4	20	17	16	11	23	12	7	16	10	5	23	15	9	3	6	20	13	8	18	9	17	2	6	5	18	3	7	7	15	17	10	10	5	25	7	16	10	9	9	22	8	17	11	8	14	21	7	10	5	12	10	7	13	8	14	22	5	13	14	17	13	13	20	6	7	2	12	13	12	23	18	10	18	9	19	11	23	24	4	15	10	7	10	4	9	11	9	13	7	11	16	11	8	4	23	7	7	5	6	0	17	10	12	13	17	4	9	21	21	15	12	6	9	3	6	6	4	13	9	7	15	4	20	14	9	9	12	6	8	5	7	10	12	9	4	9	11	6	7	11	8	9	8	7	14	10	19	5	4	8	4	2	9	12	5	11	12	10	11	5	7	11	4	8	11	18	16	9	14	7	7	19	8	11	5	11	14	14	11	11	10	14	8	6	9	14	10	23	11	9	8	11	7	2	5	11	6	9	10	11	13	12	9	9	11	4	2	7	9	6	4	13	8	7	9	30	5	13	4	18	11	6	17	8	18	13	16	17	7	4	24	16	5	7	21	13	13	3	14	16	13	16	3	16	18	8	10	5	25	10	27	11	10	12	12	7	15	9	8	17	8	28	12	9	15	7	19	13	6	20	3	11	7	7	9	3	7	9	12	8	9	10	7	11	5	2	11	11	12	2	6	7	6	8	3	7	2	17	11	14	8	7	13	14	26	16	9	11	11	3	6	2	5	9	4	10	4	12	13	8	11	5	8	10	4	7	6	10	9	5	10	8	6	6	11	10
A[C>G]T	31	103	59	49	50	134	62	44	76	184	94	145	83	66	62	77	50	55	125	70	125	54	62	80	59	34	76	42	71	80	65	44	123	40	57	54	102	67	56	48	28	74	81	98	38	60	33	55	97	88	87	49	55	101	172	100	46	141	85	102	105	83	108	82	60	46	65	64	86	61	107	44	79	68	100	54	76	103	60	102	80	86	61	60	139	85	111	95	19	52	70	54	59	69	26	41	72	59	69	66	21	96	54	46	90	31	63	39	37	50	96	67	59	111	90	48	58	8	66	47	48	127	67	43	41	53	36	52	124	93	58	76	127	75	108	26	43	84	23	51	64	52	90	65	51	78	65	29	26	92	112	26	46	21	78	106	74	59	33	29	25	55	55	56	78	75	74	62	107	103	40	40	37	67	32	23	99	116	41	112	70	104	70	69	43	59	75	54	93	88	49	48	37	57	60	33	52	66	71	98	71	87	78	46	60	99	8	125	64	41	31	49	79	56	69	101	60	95	45	73	41	93	76	66	70	37	99	22	79	9	30	99	26	56	83	64	26	25	74	83	61	42	41	81	58	73	60	26	56	51	54	31	44	46	46	45	58	93	61	53	102	133	67	83	33	76	108	75	39	85	66	59	98	112	57	53	33	34	61	39	95	85	1013	65	111	52	83	64	90	41	64	79	81	105	84	107	98	48	100	42	43	72	53	45	121	42	46	36	153	82	31	33	53	76	80	40	30	82	101	44	38	73	39	55	42	65	119	59	47	69	53	28	95	77	34	49	104	87	32	40	73	57	53	65	52	136	69	31	51	36	62	56	83	50	34	65	55	64	107	50	39	35	51	29	57	51	102	72	58	25	65	76	84	63	73	69	129	87	75	74	76	42	47	73	45	84	62	27	96	59	64	16	54	48	67	40	52	20	51	24	51	72	78	50	64	43	65	138	42	53	55	36	93	96	27	82	90	54	68	83	120	39	31	45	19	34	79	37	16	25	49	33	18	28	72	33	43	44	61	45	15	75	22	91	25	62	60	42	65	62	42	40	65	103	70	49	73	64	69	50	51	60	76	28	78	57	58	43	50	94	52	48	36	85	98	68	70	56	58	34	170	71	69	79	50	95	45	54	26	31	38	83	51	73	83	79	73	71	31	81	16	45	26	53	27	74	43	24	96	91	21	61	43	52	29	67	33	32	64	53	66	82	85	85	71	49	89	132	82	29	57	89	67	36	61	96	62	63	65	46	45	87	46	53	98	79	62	36	73	64	55	74	55	44	37	69	60	72	87	123	91	65	105	67	85	23	89	39	107	65	68	54	49	42	78	33	35	80	31	119	33	60	70	72	35	45	59	51	50	49	92	58	61	18	61	83	36	62	42	78	70	55	82	36	36	38	35	59	49	28	48	71	33	97	59	35	106	51	58	49	98	24	40	55	48	40	29	78	35	61	68	53	54	62	24	58	79	33	22	111	46	58	73	70	55	54	66	71	73	78	122	55	83	102	75	22	80	78	96	83	70	78	20	56	63	20	109	73	58	17	97	74	59	61	97	41	75	31	66	86	71	51	24	67	77	59	89	54	90	74	57	101	53	47	38	126	70	58	95	46	84	73	48	64	65	88	74	56	99	50	61	109	39	63	60	101	47	60	125	48	50	24	85	69	49	67	82	46	100	71	69	58	88	132	32	101	50	36	65	25	25	64	67	62	36	68	79	65	47	31	112	60	30	21	74	19	124	100	50	59	79	50	75	66	74	50	68	34	32	14	18	41	39	85	33	44	92	39	72	65	54	41	62	31	31	36	37	33	95	46	65	79	48	41	26	96	44	66	50	39	77	45	87	42	27	76	51	44	68	58	44	23	54	31	72	23	34	42	36	37	57	81	70	29	50	34	36	89	66	48	48	27	63	58	103	65	66	52	47	70	45	48	63	91	89	43	37	55	23	41	24	46	55	66	33	61	124	58	63	55	74	27	32	91	54	52	26	39	20	58	50	161	43	117	31	67	37	47	121	58	83	65	83	98	56	55	102	83	75	64	70	72	29	27	88	123	95	63	23	79	51	52	46	48	112	36	71	69	36	125	45	68	110	48	60	102	47	146	109	79	68	94	89	67	48	61	96	59	70	21	38	45	59	64	64	32	40	79	43	64	45	9	59	94	69	28	24	40	42	25	19	43	43	69	73	36	41	52	58	50	92	53	45	47	58	13	53	13	12	57	70	67	6	45	65	34	49	48	53	47	37	38	36	43	51	22	48	45	38	26	83	65
C[C>G]A	24	48	37	39	23	86	42	32	37	77	51	64	51	36	35	40	18	34	54	45	71	33	36	51	35	26	60	31	41	47	41	25	63	16	50	41	71	58	30	28	15	33	35	55	29	35	14	24	53	59	47	33	57	60	86	58	22	73	46	52	60	66	76	53	23	17	36	28	56	35	45	16	44	21	45	19	40	52	31	62	49	33	31	30	66	47	49	44	15	30	49	30	30	30	24	23	36	31	28	38	10	38	34	22	52	25	25	30	26	34	48	18	32	47	59	17	20	14	51	27	39	71	49	29	23	25	26	35	59	39	42	61	82	38	50	13	18	42	15	24	31	42	54	39	41	43	44	16	20	51	55	10	21	12	63	55	39	24	25	13	18	30	27	35	42	34	38	27	57	55	20	37	20	34	28	10	51	58	21	40	45	67	33	28	19	28	42	33	56	43	21	29	11	30	32	14	32	42	51	51	49	47	35	18	40	49	7	50	38	17	13	22	28	34	32	81	40	71	28	38	35	45	27	21	54	23	41	18	43	1	16	52	20	31	23	23	16	17	35	33	26	12	29	49	20	62	23	15	29	31	33	10	33	28	29	27	36	55	34	24	50	78	27	79	26	59	76	52	34	51	38	47	46	69	41	31	15	23	30	24	47	38	313	43	74	44	32	36	37	12	26	47	33	52	34	58	46	43	48	17	16	44	20	21	64	15	28	16	70	39	18	22	37	54	30	16	17	68	60	32	30	44	14	29	20	39	69	27	32	43	22	18	40	40	16	31	50	29	18	31	29	21	27	50	22	101	43	10	26	16	31	29	37	37	20	42	36	35	67	26	18	12	22	15	25	21	35	32	33	23	42	40	34	49	37	40	61	62	39	38	35	26	29	40	34	49	23	17	39	35	35	10	27	32	38	32	42	16	17	23	32	49	64	25	36	29	39	81	27	22	35	20	46	49	17	42	35	17	26	49	60	20	17	24	18	19	36	18	15	18	25	9	19	13	39	20	26	17	47	29	13	37	9	65	17	37	31	25	36	43	22	19	23	56	37	25	39	37	51	16	38	33	35	14	36	42	18	30	33	91	28	24	23	48	43	33	30	32	41	29	94	47	44	42	14	89	28	34	19	12	25	47	29	18	34	37	51	32	18	44	12	24	22	33	19	30	26	16	33	40	20	37	27	25	18	37	26	18	31	25	22	29	52	40	42	26	33	54	33	17	36	72	20	17	43	58	35	20	43	18	35	50	37	23	68	58	32	19	31	36	27	47	29	21	17	43	27	37	49	75	61	38	93	35	44	19	37	20	72	30	31	27	22	23	51	20	13	42	21	53	20	35	48	31	19	25	48	33	37	25	52	30	23	18	42	43	24	36	38	48	31	47	55	29	21	18	9	19	35	15	47	36	24	41	33	27	55	28	42	28	73	17	30	27	34	27	18	38	29	29	56	46	52	30	15	22	42	27	23	66	17	35	23	32	26	27	36	36	52	40	75	15	39	52	28	12	47	44	83	42	48	51	12	34	30	14	55	48	36	14	46	38	44	50	79	31	48	13	29	38	40	31	12	39	51	26	29	35	60	53	20	29	24	28	23	53	40	31	29	29	21	34	25	25	41	41	36	28	74	14	38	61	22	48	37	48	31	28	67	24	30	16	58	57	46	31	54	28	52	33	61	41	79	81	13	61	40	21	23	13	24	29	32	29	14	40	32	22	21	12	48	30	17	17	40	11	50	42	29	21	45	29	38	34	33	26	26	19	14	11	10	25	21	48	19	19	54	14	48	33	28	25	34	19	12	32	22	13	40	21	36	42	22	20	32	63	31	24	31	21	41	25	45	33	14	40	21	27	39	38	28	20	34	24	60	22	11	22	11	27	24	50	42	24	34	29	20	63	23	32	28	26	37	29	38	52	30	46	29	44	25	19	35	42	38	9	23	37	14	29	23	28	36	38	23	28	49	25	24	27	44	9	16	29	26	35	17	29	23	26	22	105	24	57	22	39	24	33	46	28	33	44	51	52	22	30	51	53	42	24	37	52	27	18	61	70	52	22	22	48	39	22	23	33	70	30	62	34	31	46	32	35	41	33	34	51	15	104	76	43	31	39	47	31	23	55	38	25	30	17	28	25	32	39	40	21	27	72	29	59	42	10	26	44	35	10	15	25	35	24	12	17	38	54	46	22	25	33	34	38	46	35	27	33	34	12	28	9	14	30	26	35	5	24	31	24	35	20	23	25	23	18	17	38	27	14	32	31	28	17	51	42
C[C>G]C	12	46	54	29	43	74	49	41	37	99	55	71	47	42	28	41	35	22	66	46	67	21	46	66	33	19	59	24	56	69	44	29	70	16	37	44	80	48	26	47	24	51	33	64	27	37	23	37	58	57	35	30	56	43	83	47	33	86	63	69	60	59	74	44	29	24	31	43	70	34	45	25	51	44	57	31	48	47	36	60	48	39	37	41	65	51	57	55	20	21	52	30	30	28	20	20	46	21	37	34	16	48	43	26	61	21	42	23	28	34	78	20	35	56	50	27	38	11	42	27	33	74	42	20	31	45	24	36	62	67	36	52	93	39	55	12	11	35	18	32	29	38	50	43	37	33	40	18	15	39	80	8	21	20	53	58	39	23	26	19	10	31	42	38	46	35	34	26	67	63	31	34	24	41	27	18	52	69	33	52	58	65	41	63	25	35	46	34	46	59	26	33	22	36	29	15	31	55	35	57	49	48	49	35	34	45	7	56	27	31	11	31	50	26	31	73	37	76	13	48	28	48	38	24	50	21	72	19	54	7	24	46	17	42	39	22	11	21	55	46	52	24	27	59	23	56	28	19	32	33	40	15	39	24	32	39	38	57	28	34	64	102	46	66	18	52	68	49	33	54	35	47	46	75	31	37	19	18	50	26	62	55	211	41	55	47	48	37	58	24	42	53	32	56	44	46	64	35	62	31	30	44	23	47	74	25	22	28	76	63	19	18	36	61	36	19	16	75	75	36	17	52	25	27	32	28	68	38	36	32	28	21	32	32	17	33	66	28	19	40	38	29	40	40	39	75	52	13	31	27	43	26	43	44	20	31	35	28	50	36	19	14	33	24	25	33	50	55	29	19	55	39	52	57	31	44	83	45	51	50	43	10	26	45	37	60	26	10	40	48	38	5	31	31	27	35	40	18	23	24	32	44	47	29	36	33	44	65	26	33	38	17	84	52	22	54	44	30	33	43	66	26	19	23	13	22	51	14	14	11	43	10	11	23	36	27	21	23	37	26	10	38	9	55	15	47	46	21	44	37	35	24	33	52	46	20	31	33	41	21	34	38	51	24	46	58	34	35	35	113	57	26	29	38	61	36	48	36	38	22	103	52	36	51	34	47	25	39	17	19	21	44	33	40	54	42	40	40	30	46	14	29	27	30	19	52	15	11	38	52	24	33	44	41	21	59	19	27	37	20	41	49	51	51	45	30	61	65	36	26	43	72	32	20	49	71	28	36	41	14	29	65	32	40	66	51	32	25	48	32	33	38	33	33	21	41	33	33	73	84	54	36	77	39	56	19	47	32	67	31	47	26	19	19	41	22	19	61	22	48	15	65	42	37	22	31	43	41	31	33	65	36	38	11	43	39	32	37	42	53	33	39	61	31	30	19	14	29	32	15	27	45	27	62	24	36	67	15	45	33	53	16	18	39	41	26	13	48	36	20	70	32	46	32	15	36	32	12	26	71	29	31	55	30	30	31	36	47	39	64	82	32	33	49	52	12	53	55	46	43	62	57	11	42	35	23	71	63	41	11	54	49	44	36	55	32	42	14	18	37	42	31	9	36	43	42	33	26	70	50	35	40	43	44	33	63	45	49	40	25	41	35	21	22	45	48	59	29	55	27	41	50	31	53	52	70	26	41	85	24	49	11	51	67	39	49	65	23	47	26	45	29	78	93	20	56	35	15	35	12	38	34	46	36	30	52	41	28	39	25	54	31	19	17	41	6	63	42	23	24	42	35	44	41	49	31	35	20	13	9	14	29	18	53	22	26	44	23	42	32	35	35	59	20	11	25	17	29	54	28	49	34	21	30	27	80	33	23	32	21	48	26	46	26	17	38	35	22	33	40	18	20	38	32	75	17	32	25	30	23	31	43	31	27	38	19	25	68	42	37	41	28	38	36	57	48	48	47	49	35	31	39	50	68	41	27	27	25	16	18	24	29	35	51	22	36	85	35	38	38	56	19	17	51	32	24	19	42	25	23	26	103	24	55	34	50	30	50	64	36	48	35	45	50	22	25	59	58	46	37	64	41	38	27	53	75	59	37	26	56	46	25	23	27	59	22	43	44	30	53	38	44	65	32	42	61	28	109	72	37	39	52	40	44	43	32	57	34	49	12	21	30	42	37	44	26	26	73	26	42	35	13	31	52	51	16	12	30	33	22	12	37	30	56	40	27	29	37	33	41	64	21	30	40	29	9	39	12	15	30	25	48	6	26	31	23	35	16	29	25	24	23	28	37	22	20	28	28	28	17	56	44
C[C>G]G	2	8	12	12	6	11	6	5	10	20	9	38	10	11	5	8	6	6	4	6	9	11	8	4	4	4	8	4	7	13	5	4	13	2	11	5	18	8	7	8	7	3	9	10	4	14	3	8	12	12	7	5	8	10	20	8	8	14	19	15	9	15	21	5	3	7	13	4	9	6	10	8	10	10	9	9	6	13	8	15	12	8	14	9	11	11	7	13	5	5	16	8	6	7	3	9	6	4	8	4	11	14	7	6	14	5	5	5	6	3	12	10	12	8	13	6	10	4	6	7	5	7	2	9	5	3	5	11	9	7	9	6	26	9	3	1	6	12	3	3	9	15	11	9	10	5	12	4	0	10	20	1	4	2	8	13	8	5	3	1	6	4	12	8	6	9	10	14	14	13	3	16	5	9	3	3	14	10	5	9	11	8	18	4	2	4	6	3	8	12	2	8	3	8	6	2	6	5	9	10	10	9	9	5	8	13	0	10	4	4	4	10	11	3	7	10	8	15	4	7	5	9	8	4	18	5	18	4	17	4	5	12	5	6	9	8	5	7	3	12	14	11	13	13	8	14	6	6	6	11	6	3	8	10	14	7	8	8	6	3	12	18	9	7	2	13	14	10	5	6	5	5	8	10	7	6	5	6	11	13	16	12	82	6	8	9	9	7	4	4	5	6	7	12	5	16	9	13	11	6	10	15	3	8	14	2	5	6	12	11	5	6	5	14	11	8	2	17	14	10	4	6	4	11	9	6	8	8	4	11	8	2	8	10	5	10	10	10	6	8	6	9	3	9	11	28	14	3	6	7	5	8	9	4	6	11	7	7	14	3	7	5	11	3	4	4	11	5	5	4	10	13	16	15	7	7	18	8	11	7	9	8	3	9	4	8	7	3	5	7	7	0	2	7	13	7	9	4	2	5	7	15	5	8	8	9	11	12	6	6	8	3	11	3	6	13	2	3	9	10	18	7	6	3	4	6	3	10	3	2	8	3	3	8	4	2	4	4	10	5	4	12	2	11	3	14	6	3	6	11	11	6	12	9	7	15	5	8	8	7	10	5	9	4	18	6	7	5	10	19	4	5	6	5	16	8	13	10	14	8	30	10	8	13	4	8	8	9	3	4	8	4	8	8	12	7	12	6	2	14	4	9	7	13	7	8	4	2	11	10	3	3	11	6	9	13	5	2	9	7	4	10	8	6	7	8	4	16	6	6	14	20	6	7	10	13	4	2	11	5	10	12	10	10	21	13	5	10	9	9	6	10	12	5	5	7	4	9	5	14	9	7	20	13	13	4	7	5	17	10	8	5	4	8	7	4	7	14	4	17	2	13	14	11	5	6	13	5	12	3	18	11	6	0	12	7	7	7	2	12	10	6	21	5	4	6	3	6	4	2	6	9	9	15	2	2	13	3	12	7	12	1	8	5	7	0	5	13	5	4	18	6	8	7	3	4	9	4	8	18	8	16	5	7	5	5	11	12	10	11	10	11	12	15	5	5	7	8	9	9	12	12	3	6	7	4	17	12	7	2	5	5	5	12	15	6	7	3	7	10	7	3	7	8	11	3	8	7	7	13	10	10	3	12	12	8	12	5	3	10	3	7	4	10	14	6	4	7	8	2	5	11	6	7	9	9	4	10	21	1	6	1	9	14	10	9	12	6	17	2	12	2	11	14	5	9	10	6	3	2	5	6	11	5	4	9	7	8	5	2	11	9	5	8	4	1	8	15	9	9	13	3	9	10	10	9	7	7	2	1	2	7	5	10	6	7	13	4	20	4	9	5	8	6	4	8	4	3	8	10	9	7	11	11	5	7	5	4	7	9	13	4	15	7	3	3	2	2	2	9	7	1	10	10	18	3	4	4	2	8	5	8	12	1	8	7	5	8	6	12	2	5	8	8	11	10	5	10	4	7	7	5	14	16	17	5	6	11	6	7	5	9	8	9	9	5	13	7	9	2	16	0	4	12	7	8	5	9	9	5	7	26	4	7	6	13	5	6	19	10	7	11	13	7	11	6	13	12	7	17	5	8	5	8	6	17	11	9	2	4	10	4	10	5	18	11	12	6	6	16	9	6	10	7	6	12	2	36	18	6	9	6	8	14	4	9	11	7	9	5	12	2	4	11	13	7	5	11	3	13	10	7	11	14	8	2	2	6	4	8	3	6	9	22	9	5	1	5	9	8	11	6	11	16	9	3	8	4	3	4	8	11	3	7	9	6	9	5	6	4	7	4	6	8	6	0	5	5	6	3	8	9
C[C>G]T	32	78	76	41	71	137	41	52	54	155	69	148	91	59	53	62	46	46	115	51	112	40	56	65	55	45	74	38	71	102	78	45	94	42	55	56	99	52	37	65	29	67	71	93	36	79	44	51	92	76	61	32	83	98	150	77	49	127	90	87	80	97	107	83	49	43	56	37	77	43	74	32	77	55	104	42	77	83	59	90	88	64	57	54	103	103	86	81	35	45	64	41	31	55	30	46	60	41	59	57	17	70	74	42	60	37	49	38	31	40	124	44	69	105	69	38	57	23	74	43	46	137	65	32	38	59	44	58	82	88	60	79	138	60	77	13	29	82	22	43	58	55	96	42	55	57	78	16	26	66	111	19	43	23	74	116	52	54	41	23	20	48	68	61	70	41	58	60	113	109	42	54	49	54	31	15	109	93	54	75	57	90	70	54	37	61	77	45	76	66	40	48	31	37	50	23	49	65	68	75	67	54	82	56	61	73	11	117	63	42	24	45	51	42	57	112	48	108	32	60	39	95	74	53	84	47	111	26	76	14	29	97	42	54	57	55	30	13	54	62	60	25	40	86	39	75	37	29	45	38	52	23	44	44	48	44	53	89	44	32	98	167	57	115	28	76	86	56	43	94	47	51	82	103	70	61	27	25	54	41	68	83	368	51	107	57	62	51	74	29	53	55	55	88	57	87	83	63	88	25	30	64	38	38	117	48	48	30	104	78	26	23	53	66	69	43	26	94	90	67	28	65	36	41	42	55	103	56	43	68	53	25	62	75	35	51	78	60	21	54	49	44	53	74	32	150	76	26	45	41	63	37	48	64	52	57	54	45	53	40	26	19	60	37	33	43	89	80	44	36	69	74	75	76	45	65	108	79	71	65	70	26	39	79	49	76	45	23	59	83	57	10	46	43	39	45	66	18	50	31	52	47	88	58	40	36	51	110	45	52	67	23	121	87	40	89	77	34	52	78	98	36	30	51	26	22	69	29	14	23	55	21	23	24	46	48	45	29	62	42	11	81	19	89	14	75	60	42	50	47	51	43	37	80	64	36	68	75	61	34	53	40	98	37	75	64	42	40	28	145	57	31	47	50	100	55	63	46	49	32	154	81	55	55	50	86	44	58	26	20	39	72	48	39	91	53	71	62	29	57	36	47	32	44	34	72	32	33	92	90	28	49	52	50	21	69	42	41	55	34	48	59	59	69	51	43	66	109	58	37	46	90	50	30	51	98	38	55	58	26	45	73	53	49	70	87	57	25	52	57	51	66	35	44	29	68	66	56	75	93	90	42	106	64	69	23	89	49	103	51	39	40	39	33	75	40	36	70	36	87	35	72	84	62	24	47	56	44	50	38	77	37	53	22	60	71	34	51	41	76	44	58	65	41	43	36	42	45	57	23	57	101	32	95	51	45	87	61	70	42	93	15	47	42	46	37	20	59	43	33	98	65	70	47	20	67	47	29	29	90	42	51	66	48	40	36	62	76	61	42	115	54	78	86	77	18	91	81	83	63	67	68	25	53	50	34	98	83	67	22	74	82	56	42	103	53	65	27	57	65	81	51	21	49	65	51	61	37	108	84	63	69	79	50	46	91	69	61	53	43	57	67	44	51	49	71	88	58	72	42	88	75	45	61	69	91	40	57	122	34	61	23	78	70	48	66	88	40	71	48	76	64	75	99	37	96	47	33	49	36	33	47	51	43	33	58	63	52	63	29	83	50	31	30	75	16	95	55	36	33	66	59	54	64	59	33	51	31	15	16	19	43	36	79	36	32	65	46	66	48	50	46	68	20	22	30	50	39	85	43	64	65	41	35	28	106	26	43	41	36	38	45	84	30	26	47	42	47	61	66	33	26	42	39	81	27	30	57	37	39	44	66	50	27	68	29	35	103	55	50	50	20	56	55	87	64	63	42	58	84	52	34	59	96	73	34	37	50	22	44	21	48	45	54	29	56	100	58	37	42	67	19	22	85	46	36	28	35	34	34	51	177	60	108	38	59	32	56	92	53	51	72	81	85	42	41	79	79	71	66	70	59	36	37	82	97	64	43	31	67	60	41	28	53	99	34	85	54	44	83	54	58	110	47	63	88	31	121	106	65	46	74	53	68	43	55	75	40	70	22	47	31	55	60	62	32	33	52	47	55	52	16	64	91	64	23	28	39	40	28	24	44	49	79	61	51	34	65	56	63	87	46	43	46	48	30	39	15	23	36	56	56	5	43	48	45	48	31	58	28	48	26	62	48	31	20	56	33	40	31	62	73
G[C>G]A	8	20	18	14	20	47	31	24	19	37	45	39	33	18	15	14	11	17	34	23	49	17	26	24	18	17	42	18	22	37	23	15	38	15	31	28	45	28	19	35	4	27	27	24	15	17	12	24	27	38	39	15	29	37	50	39	22	46	24	31	42	50	59	29	14	17	31	28	50	23	34	15	18	14	28	24	21	34	23	28	39	15	17	9	49	24	28	33	6	14	27	19	34	20	5	10	30	30	28	12	6	32	19	20	32	12	20	6	16	20	45	24	22	29	45	22	24	16	20	12	23	26	21	12	10	21	25	19	43	30	18	38	41	33	29	4	9	34	8	14	24	26	27	25	18	24	18	7	7	38	50	14	19	8	32	22	17	11	17	4	12	19	23	19	25	22	16	20	39	31	16	22	17	17	10	6	45	29	15	41	27	34	34	18	14	23	22	16	23	24	19	22	19	21	13	15	17	38	34	32	29	29	33	15	20	38	2	23	16	12	7	14	33	22	11	31	19	32	10	24	20	18	21	22	44	19	49	15	21	0	16	39	7	30	15	21	14	14	19	24	24	12	25	34	14	45	27	7	29	23	21	11	22	21	18	8	31	39	19	20	24	48	23	52	10	22	54	36	17	19	46	12	19	38	21	26	17	12	21	22	34	21	264	22	30	28	26	29	27	15	13	33	31	45	28	58	47	21	35	12	24	29	10	21	47	17	14	14	39	26	8	15	11	32	25	12	8	57	31	16	18	30	13	19	16	35	54	26	16	24	25	5	22	21	12	23	45	18	17	24	20	17	13	32	16	56	32	11	28	20	13	20	29	29	11	18	11	26	36	15	13	14	20	13	20	18	22	22	22	11	31	23	30	34	18	24	37	37	28	26	22	19	16	39	19	26	20	7	30	20	21	6	24	19	28	19	19	12	12	20	22	20	19	15	20	11	25	49	17	9	13	8	29	22	4	30	20	13	22	26	28	7	16	22	9	16	32	10	9	8	15	12	8	10	19	17	7	9	32	10	7	26	10	20	15	28	18	10	21	33	19	8	24	37	25	20	17	22	41	16	14	24	14	15	25	22	20	19	22	56	18	14	22	33	26	15	23	33	29	15	71	29	36	19	9	38	13	16	7	9	11	28	18	34	32	26	33	21	12	37	10	16	19	20	13	30	15	4	15	33	11	14	14	13	11	25	17	15	25	12	21	32	34	25	19	18	30	38	22	13	16	35	23	14	26	40	20	23	39	10	17	40	22	29	38	33	12	16	23	30	27	33	15	16	17	27	18	18	22	39	30	23	52	33	34	9	20	14	39	23	24	11	14	5	27	14	14	34	15	35	12	24	33	26	11	17	24	17	21	19	24	18	17	8	33	23	12	15	22	25	23	17	32	18	12	12	13	12	19	12	17	24	9	30	22	23	26	16	23	14	28	9	16	21	16	30	15	42	18	16	35	27	20	22	11	20	27	13	14	45	10	22	20	14	15	14	27	21	16	21	56	23	29	40	18	6	22	21	30	27	26	30	9	26	17	12	41	26	14	11	22	36	27	13	42	21	27	19	27	27	19	12	7	15	28	26	39	17	32	34	26	18	15	17	11	35	19	20	36	27	13	31	9	17	29	25	21	18	32	14	24	38	10	18	13	30	12	30	52	15	14	10	31	48	28	27	43	20	40	16	31	23	50	70	3	35	19	10	20	9	16	28	22	33	14	25	30	13	20	13	38	19	10	10	20	8	28	38	11	16	38	23	17	43	24	22	22	13	16	11	7	17	16	25	15	14	29	10	46	30	14	8	20	10	11	15	24	11	28	9	19	28	12	7	23	32	15	19	23	16	34	12	24	17	12	19	16	10	29	21	21	11	20	15	45	12	20	18	23	15	11	38	24	8	29	14	25	28	23	17	20	19	24	14	36	28	26	25	18	21	19	10	24	22	26	13	18	29	9	16	15	24	22	19	19	26	29	22	36	23	27	15	11	25	22	15	4	17	16	21	19	71	15	33	18	30	8	23	37	17	28	14	29	38	21	18	53	32	26	21	36	20	17	7	54	32	35	24	12	29	17	9	8	18	51	13	25	35	19	28	19	16	30	29	21	48	25	83	32	48	20	30	30	24	9	21	16	15	18	12	10	9	14	19	29	19	18	32	15	32	23	6	14	30	31	12	6	14	22	18	8	12	20	29	25	21	14	19	21	20	24	23	19	24	36	11	18	5	14	28	18	29	3	24	22	22	30	12	24	20	13	9	12	13	19	16	13	15	15	10	26	21
G[C>G]C	12	22	20	14	24	53	25	33	20	43	36	35	33	25	19	34	11	21	49	38	47	19	31	51	19	19	41	24	29	45	28	12	49	11	42	43	51	18	18	30	15	30	32	21	13	25	11	29	37	40	21	18	40	36	64	31	18	48	29	38	37	47	66	41	14	13	26	22	40	40	40	22	22	26	43	30	33	28	23	48	42	25	21	16	43	22	34	34	13	19	35	19	23	20	11	18	24	20	25	26	11	41	17	20	34	15	22	17	21	16	43	20	16	40	55	18	24	9	20	20	22	41	25	13	11	17	21	20	39	34	28	46	52	32	38	10	19	29	6	17	19	35	27	20	36	19	27	14	10	35	41	7	13	7	32	39	25	13	16	15	11	22	16	25	28	22	11	29	39	47	16	27	12	18	32	6	42	33	18	40	25	28	33	30	12	39	19	15	45	24	25	24	15	19	12	14	14	24	26	38	41	29	30	23	21	26	4	33	15	14	11	26	27	24	17	33	20	38	13	15	19	35	22	18	32	20	37	12	24	4	11	44	14	29	24	19	9	15	26	30	25	18	18	43	16	38	12	13	30	28	29	13	26	16	15	10	21	46	25	31	30	62	22	28	14	40	53	30	19	32	37	25	24	60	25	28	10	13	20	25	37	33	282	30	40	16	34	31	17	17	16	36	29	45	24	29	47	23	40	10	16	34	14	40	59	17	21	18	48	34	13	18	40	25	28	9	15	50	31	30	12	31	10	26	15	32	42	14	20	29	22	10	27	36	19	27	35	28	16	12	18	20	16	30	23	56	22	19	24	20	25	17	36	37	15	20	26	22	37	8	13	8	16	12	29	17	24	27	12	10	41	20	26	24	14	40	56	52	25	28	36	12	25	28	12	35	21	13	30	32	24	8	19	23	27	17	24	4	23	12	23	26	26	14	21	14	35	46	10	29	22	4	33	26	5	21	28	13	13	27	35	14	14	16	5	12	30	10	6	10	25	8	10	13	23	15	25	8	35	29	4	36	11	29	7	19	19	18	24	23	15	13	27	38	20	21	24	30	38	16	16	15	29	17	32	35	20	20	13	42	18	14	26	32	28	15	28	25	26	9	57	26	30	31	15	30	16	19	15	12	16	35	23	32	40	28	34	39	13	28	8	14	17	22	13	33	14	10	26	28	15	21	22	17	15	27	22	13	18	15	25	34	32	24	28	24	20	46	18	14	25	39	25	22	28	45	18	18	34	16	18	40	19	18	47	36	26	21	33	22	20	37	22	20	15	27	15	17	40	43	32	27	52	23	23	19	32	9	51	18	29	9	12	17	23	10	11	41	6	24	8	31	35	21	12	16	28	21	22	21	23	16	20	10	31	24	18	28	27	31	20	25	37	18	8	22	13	28	18	9	18	25	14	37	21	11	41	19	28	15	37	6	15	21	20	16	10	32	15	15	32	24	21	27	8	21	23	10	16	51	18	22	23	11	23	15	25	27	19	42	41	27	19	30	27	12	44	19	29	21	26	35	10	25	30	8	48	28	27	9	24	22	20	17	39	14	28	9	26	27	23	17	9	12	38	27	25	20	25	26	28	24	21	16	16	38	26	24	32	19	19	26	7	23	18	17	18	19	37	12	15	26	18	30	29	32	11	24	61	27	34	10	25	37	15	40	36	18	31	16	33	18	41	61	11	44	33	11	14	9	16	17	27	16	12	24	21	19	13	13	24	25	6	13	20	13	27	33	16	16	37	20	22	30	26	17	13	19	15	10	8	16	14	35	10	11	21	22	43	25	25	19	26	12	13	14	22	7	21	17	28	19	20	19	19	27	16	16	13	14	24	15	26	16	10	20	28	16	22	20	17	13	18	23	43	11	20	18	13	24	12	32	31	14	22	13	12	37	19	19	23	17	34	18	29	36	29	12	29	27	17	19	28	27	25	17	20	24	11	13	12	24	28	22	20	22	39	20	21	23	28	14	9	20	22	21	3	20	8	17	23	75	21	37	16	31	13	23	45	17	25	25	39	30	18	14	38	31	25	23	40	32	17	18	37	39	39	29	16	36	28	19	11	24	74	17	37	31	18	33	18	21	47	14	20	37	10	79	50	26	27	24	33	19	15	24	23	20	26	13	16	10	11	22	25	12	13	51	16	24	16	10	14	33	26	11	8	24	13	15	11	23	24	34	25	21	16	30	24	22	36	24	16	23	21	7	22	8	9	15	18	34	5	19	25	15	23	16	28	19	14	15	15	22	20	8	22	17	21	12	29	33
G[C>G]G	3	5	6	6	4	11	6	12	4	20	11	14	3	1	4	3	4	1	14	12	12	2	6	10	1	6	10	4	4	11	9	4	6	10	6	4	12	6	3	8	3	7	6	6	7	2	5	5	9	15	5	7	5	4	13	6	5	12	4	9	10	10	18	12	4	3	4	2	16	8	8	6	7	7	5	4	6	9	1	7	7	3	5	8	17	2	10	4	3	2	7	3	9	5	1	2	4	5	4	4	3	10	10	2	9	4	9	5	1	6	10	3	4	7	15	6	4	2	5	3	2	9	4	2	1	10	4	3	4	9	4	7	8	10	5	3	2	9	2	5	3	9	4	5	11	12	5	3	4	11	7	2	4	2	9	7	6	4	1	1	2	6	9	3	8	7	9	6	14	8	4	7	3	4	4	1	9	6	6	7	5	12	6	6	5	6	8	3	10	11	1	3	2	4	2	3	5	4	6	4	10	7	9	5	5	5	0	12	4	6	2	4	8	5	6	7	4	11	3	6	5	8	8	10	5	3	4	6	8	2	1	14	2	11	8	4	2	3	3	3	9	5	7	6	5	9	3	4	7	4	4	4	4	3	10	3	6	6	6	3	5	14	4	17	3	7	12	7	5	7	4	6	5	13	5	4	3	5	6	4	6	6	75	2	8	6	4	2	8	4	2	10	9	10	5	6	9	9	13	3	1	6	2	3	14	6	6	0	9	8	3	4	8	3	4	5	4	9	6	5	1	8	5	8	4	3	14	7	3	6	1	2	12	7	3	1	8	9	4	2	6	4	6	6	4	14	8	4	5	2	5	5	6	5	5	7	7	3	4	3	4	5	4	2	12	1	4	2	3	1	10	6	4	11	3	7	8	6	8	3	4	7	3	8	5	10	5	0	9	7	7	1	1	4	9	10	7	1	8	0	1	7	5	4	3	6	7	7	3	10	7	1	8	5	1	10	9	2	9	5	5	3	1	5	4	2	5	4	2	2	4	1	3	4	4	2	5	2	8	4	1	3	5	7	5	10	9	1	5	3	6	2	6	9	5	3	4	3	12	2	9	6	6	2	3	6	3	4	1	3	3	1	6	6	8	2	3	3	7	3	12	3	6	8	3	9	4	5	1	1	6	8	8	2	8	5	14	7	2	9	3	7	3	5	4	2	8	2	6	5	1	2	6	0	1	5	3	3	3	6	4	5	9	3	8	6	4	4	3	4	5	15	3	3	11	11	3	5	7	2	3	8	1	5	12	9	4	4	6	4	4	3	5	2	7	5	5	4	9	10	5	5	12	6	5	2	5	3	12	6	5	7	5	3	7	3	3	9	6	8	3	4	10	4	4	4	8	12	3	3	10	6	6	4	7	3	4	10	6	2	3	8	10	3	4	6	1	3	8	3	2	3	4	9	8	3	5	8	6	2	7	1	0	3	5	4	4	5	5	4	7	3	7	11	1	6	10	1	9	9	6	5	8	8	6	2	6	4	3	5	6	6	5	5	4	4	9	3	6	4	5	4	1	3	4	1	8	11	6	3	8	7	5	5	7	2	8	1	5	5	4	4	5	11	3	5	10	3	3	10	1	9	4	3	2	11	5	7	6	6	5	3	2	1	3	6	3	1	10	2	3	11	3	9	6	7	3	5	19	1	4	2	7	6	5	10	8	5	8	4	7	3	5	23	3	8	6	5	0	0	5	6	3	3	3	6	5	4	3	0	9	4	2	1	7	1	11	10	3	2	6	6	3	8	13	2	6	6	4	5	0	4	2	3	6	5	5	3	6	3	6	2	4	4	2	4	4	3	5	8	5	8	5	6	3	10	4	4	7	2	10	7	6	3	0	3	3	3	8	10	5	4	7	4	4	5	2	1	4	6	5	4	3	2	4	2	4	4	8	5	2	2	3	5	11	14	9	8	6	5	4	5	8	12	2	4	2	7	3	4	5	7	8	7	3	4	10	3	12	6	6	2	4	6	5	3	2	6	3	4	9	12	1	5	3	8	5	4	12	4	3	3	12	9	5	3	6	4	8	3	6	8	4	4	5	6	7	3	3	9	7	6	7	3	10	8	5	10	2	7	3	7	6	3	4	6	1	24	9	8	8	1	6	7	5	10	12	6	1	1	6	4	9	1	6	4	5	10	3	8	2	1	9	7	2	4	3	8	3	4	1	6	2	7	16	3	7	7	8	9	6	5	8	4	5	2	1	0	4	1	3	4	0	8	4	3	2	2	0	7	4	4	1	5	4	4	6	4	5	2	11	10
G[C>G]T	14	27	27	31	22	59	25	30	28	69	37	52	33	33	18	32	22	14	51	26	60	28	31	44	23	19	42	18	34	35	42	19	57	21	25	29	61	31	17	32	15	41	21	43	21	20	22	34	34	61	35	25	46	43	75	53	17	61	51	49	35	47	71	37	31	14	36	34	39	20	35	15	39	25	47	27	38	43	26	46	60	34	30	36	52	37	42	25	7	10	30	29	23	32	15	29	20	26	29	30	11	37	42	19	32	11	30	20	21	30	58	36	26	44	54	21	24	5	28	29	20	51	30	15	21	20	21	27	52	27	30	47	58	39	33	7	19	37	9	21	32	31	41	33	34	25	39	9	14	39	47	17	15	11	41	40	20	22	24	14	14	22	34	25	42	19	27	30	54	42	22	18	17	24	18	10	34	35	23	48	28	39	40	25	13	28	37	25	52	39	18	28	12	23	16	13	20	28	31	56	34	36	39	18	40	30	2	45	31	21	9	20	30	27	34	42	34	60	23	31	27	30	37	24	33	18	47	14	37	4	13	44	20	18	31	15	11	17	28	41	28	13	18	50	21	38	27	18	40	24	29	12	25	13	25	33	30	41	25	33	52	74	28	58	14	39	55	42	18	39	35	40	32	55	26	21	16	15	35	25	46	32	313	23	41	16	39	32	36	15	31	44	23	60	36	60	39	28	61	18	21	36	11	28	59	19	19	18	57	44	14	19	27	33	41	15	14	42	54	27	15	48	15	33	29	32	42	29	34	48	28	10	38	27	24	21	40	27	16	32	30	22	24	36	31	75	24	12	27	13	35	21	25	52	15	31	30	24	35	31	20	12	15	16	27	18	36	41	29	18	45	37	33	51	30	34	53	46	34	33	27	17	24	30	23	37	21	9	43	30	42	6	20	22	36	21	17	11	28	14	20	28	35	24	36	19	26	59	24	25	28	11	46	23	19	26	27	18	28	43	37	21	13	25	8	9	37	13	8	10	18	12	8	14	27	22	36	17	34	23	13	31	12	47	6	32	25	23	32	36	24	20	30	38	27	19	24	38	36	16	35	27	45	27	42	27	30	22	17	49	29	22	34	28	43	22	30	28	27	21	64	43	37	34	20	36	25	22	11	10	21	30	24	32	44	33	37	25	13	36	11	20	17	20	14	28	19	10	53	42	12	19	33	14	14	42	26	14	34	24	28	26	41	29	25	34	35	47	22	14	23	66	21	14	31	55	26	18	34	10	32	42	23	32	59	43	27	14	31	32	30	38	25	33	15	36	34	34	35	76	49	25	56	30	45	21	33	25	55	27	33	33	24	19	38	18	20	49	20	60	21	31	44	37	13	28	31	23	27	14	47	24	17	15	27	28	16	22	19	16	20	19	61	14	15	13	13	24	23	8	28	34	17	39	27	21	51	27	35	27	42	13	28	32	34	21	10	34	32	24	53	33	32	34	12	24	26	11	21	64	26	25	16	20	26	29	20	42	26	36	80	26	39	47	35	10	39	36	47	33	41	41	12	27	23	5	46	40	22	5	35	33	24	26	46	22	29	9	32	45	19	23	5	23	30	22	31	19	52	45	25	27	25	21	22	51	30	29	30	29	27	27	11	26	27	30	37	33	29	14	22	54	23	40	33	33	18	37	66	12	29	6	47	33	34	39	38	20	46	27	32	28	54	64	18	39	32	19	28	16	9	33	28	29	19	37	28	21	26	13	50	18	19	15	31	9	53	38	17	24	37	19	31	40	34	12	28	14	15	10	11	28	20	36	14	14	51	20	29	22	17	19	31	21	11	12	25	12	36	19	34	36	21	18	20	41	25	27	22	16	49	15	49	22	9	22	25	20	26	29	16	16	18	18	64	9	15	33	14	19	23	33	25	17	28	21	16	50	34	23	22	10	29	36	39	40	26	25	17	34	36	30	33	53	38	21	17	32	12	23	17	26	33	25	17	25	47	29	36	14	30	13	12	25	28	33	11	17	10	19	21	105	15	43	23	29	8	24	47	22	26	29	35	42	20	13	52	45	44	30	46	36	23	16	48	53	45	35	14	37	23	18	20	30	61	22	45	34	24	51	23	31	43	21	23	53	19	80	67	47	34	47	49	29	21	31	33	29	43	15	20	16	28	28	37	20	14	43	18	34	17	12	19	32	36	15	5	19	22	18	12	19	23	30	59	28	19	27	20	24	29	18	13	29	22	13	21	10	10	24	33	24	3	19	25	16	27	16	28	21	18	15	15	18	9	16	20	25	24	12	37	42
T[C>G]A	25	70	48	55	49	136	63	52	68	193	88	114	73	58	39	52	34	44	107	66	128	50	76	76	41	39	95	45	76	114	78	44	96	33	65	65	141	60	40	76	30	57	39	65	41	40	45	67	90	80	51	41	85	99	125	96	66	107	72	82	84	90	117	94	47	30	50	54	134	46	72	35	79	45	78	57	82	93	53	92	153	65	50	42	108	81	82	98	38	31	82	60	73	62	20	39	41	62	71	66	24	96	58	52	82	24	56	39	33	44	78	55	69	90	95	49	106	22	48	44	51	103	75	20	38	34	43	60	98	81	81	102	108	71	62	14	29	108	19	50	90	54	65	95	74	64	62	19	52	86	94	16	35	15	70	70	73	53	38	44	20	47	49	56	63	56	48	73	106	105	28	60	36	43	28	14	88	69	44	64	85	102	65	62	26	40	53	49	94	70	36	53	22	49	56	30	51	81	101	80	59	62	84	31	46	92	7	94	52	20	21	58	80	40	49	95	45	85	35	76	71	85	59	53	79	67	163	23	73	8	20	101	25	44	44	28	32	19	61	83	54	31	55	79	41	138	40	18	83	64	49	24	48	112	55	49	64	104	42	67	96	105	57	139	30	65	96	82	39	73	58	48	54	97	73	69	28	16	64	52	83	55	477	64	87	55	74	60	57	27	50	50	69	82	62	163	94	34	90	46	45	118	30	35	119	44	48	34	102	76	24	33	60	88	60	18	28	88	81	53	73	71	39	67	39	48	106	54	49	81	56	21	55	59	35	43	86	81	41	47	43	39	39	65	53	279	72	24	64	27	90	81	58	49	37	58	58	41	73	46	38	26	32	24	39	42	84	52	49	33	91	50	56	110	42	79	119	99	76	77	80	37	43	64	63	73	51	10	111	54	45	13	41	57	74	43	53	15	28	35	85	120	198	45	68	31	51	187	29	55	39	24	72	54	25	68	53	41	48	66	144	35	26	50	25	40	81	32	25	27	46	16	20	21	53	28	35	33	77	50	11	75	17	79	12	53	83	24	51	62	29	37	42	86	96	48	76	65	76	37	57	57	85	42	96	53	57	50	58	103	44	27	40	65	89	38	55	41	66	42	207	54	63	57	37	66	40	40	21	24	25	78	73	59	63	47	62	51	26	69	23	47	34	41	19	56	40	25	68	88	29	41	60	43	29	65	34	33	48	39	56	73	93	69	45	45	58	83	64	34	50	224	35	34	78	84	37	51	57	48	58	98	41	54	88	91	75	22	37	62	50	73	47	34	28	75	51	39	52	92	99	53	111	62	60	31	58	42	155	50	54	59	49	43	73	59	37	93	48	154	49	68	80	53	23	56	45	45	59	35	95	41	27	19	71	53	22	59	31	54	64	55	106	55	37	28	34	41	31	11	59	65	35	82	55	35	100	37	57	30	83	19	43	43	57	39	19	82	45	42	57	50	62	63	30	45	67	37	23	100	29	82	58	38	72	40	57	66	52	94	127	58	91	95	50	21	68	63	79	69	61	86	21	82	57	29	91	76	58	23	58	86	66	55	99	40	65	30	59	85	66	44	21	58	71	57	77	38	91	126	54	41	50	47	59	110	57	53	90	59	49	72	39	54	44	76	105	47	98	39	84	98	32	61	67	89	36	53	97	55	50	15	77	74	57	79	126	41	92	54	113	57	103	142	36	109	56	15	38	36	21	51	55	57	26	60	72	59	27	37	60	47	21	26	66	14	90	75	40	46	79	55	65	103	52	34	40	34	29	17	14	49	44	88	27	22	88	47	68	75	42	33	101	16	21	41	43	41	75	39	56	64	47	30	32	78	40	46	50	26	87	56	73	27	24	52	43	35	37	40	30	21	58	31	99	24	46	37	47	41	32	74	80	35	73	34	46	77	54	64	47	27	62	53	89	59	62	51	33	65	62	37	52	75	66	24	49	77	26	36	26	40	52	60	39	56	74	54	57	40	53	22	29	73	41	56	23	44	36	32	30	284	50	114	41	83	22	74	64	38	54	61	83	103	47	50	103	122	123	59	62	71	47	24	190	129	83	45	26	65	69	32	47	52	117	39	75	71	58	78	45	50	83	37	41	97	35	142	108	96	55	91	69	47	37	95	74	36	58	16	34	30	36	51	65	32	24	93	28	89	45	9	37	94	44	23	18	32	29	22	22	31	45	65	124	39	51	58	43	39	74	53	29	48	57	19	50	21	13	75	30	49	7	61	60	31	48	43	30	27	32	24	39	49	43	18	46	32	46	37	66	91
T[C>G]C	25	83	54	43	73	134	78	54	55	172	83	156	95	70	50	72	53	48	113	68	120	46	78	65	44	45	86	44	70	116	70	34	90	32	75	64	123	63	38	59	37	54	49	76	51	43	40	64	103	76	63	46	84	110	176	94	51	135	88	113	83	84	148	80	59	49	44	66	119	74	87	46	90	58	76	49	83	79	61	110	89	67	51	47	99	66	82	82	29	36	81	41	47	71	30	42	76	49	59	62	16	74	52	41	81	34	51	32	44	56	108	69	58	76	98	31	72	23	63	29	62	115	58	28	33	47	44	51	98	83	84	94	131	71	62	14	26	82	17	42	57	53	84	67	80	61	64	21	28	85	126	19	38	17	83	105	63	41	37	30	19	40	66	45	79	56	48	72	86	104	38	50	40	52	29	16	103	85	53	86	65	89	70	68	48	64	83	44	99	70	46	60	26	54	52	36	57	75	83	104	70	102	70	40	54	78	8	115	59	39	20	46	56	46	52	77	66	97	37	49	48	96	54	43	91	47	129	22	71	10	18	103	26	44	61	42	29	24	86	58	53	28	44	81	58	109	39	32	76	53	75	14	50	52	54	43	48	92	54	71	87	175	61	120	32	73	119	98	47	92	71	61	76	111	60	38	31	24	39	37	81	83	387	57	102	58	67	51	58	38	69	60	64	79	58	103	89	53	104	45	43	92	42	30	109	35	53	26	120	72	27	31	45	78	64	23	30	118	109	64	48	88	39	65	45	47	126	50	60	83	48	30	83	55	32	34	84	67	29	39	45	49	69	65	44	167	92	19	56	35	75	44	63	58	34	55	56	45	72	38	38	28	51	24	47	51	75	77	51	29	77	67	86	77	36	70	123	109	74	68	70	37	49	66	64	71	46	21	62	69	69	6	44	47	48	46	66	26	45	40	58	93	109	49	62	43	45	110	49	47	42	26	98	82	37	60	78	38	46	68	93	37	36	51	23	37	76	38	27	15	50	15	21	22	47	30	43	35	83	46	14	76	21	110	34	83	58	33	40	51	67	34	57	74	76	45	64	63	77	41	63	52	76	42	74	82	43	53	44	125	60	39	42	71	109	54	60	54	68	41	169	85	73	78	49	85	44	54	19	24	31	68	60	51	76	54	76	51	31	70	38	33	33	62	27	84	34	32	74	84	28	46	73	32	14	72	36	22	54	39	43	79	74	72	54	45	66	100	53	40	68	140	56	33	70	109	53	65	82	39	58	100	62	75	85	82	77	29	57	41	61	68	52	51	29	61	43	44	84	87	105	53	115	57	71	28	68	41	143	52	69	34	31	48	61	41	30	70	28	118	32	75	80	73	27	50	61	63	53	49	78	40	49	23	65	69	34	67	41	75	59	47	78	38	35	30	35	51	45	26	62	65	22	88	47	49	95	35	71	43	103	20	28	52	53	52	30	62	41	38	74	65	53	64	21	52	62	37	15	123	48	64	75	38	49	44	56	73	54	81	128	63	82	81	66	29	86	107	87	74	77	80	23	53	65	33	86	81	70	17	69	86	52	56	92	38	56	25	54	78	71	41	14	48	71	64	60	44	106	90	52	69	58	54	43	121	64	63	51	59	79	78	33	50	62	72	94	68	86	23	81	108	48	90	89	113	31	50	112	45	46	16	109	94	61	76	113	41	106	69	98	68	91	136	37	110	62	31	34	19	48	49	74	55	32	71	75	51	51	30	94	59	29	25	58	12	79	73	29	40	85	68	56	80	66	42	54	29	26	14	14	46	39	94	39	35	100	42	87	64	61	41	76	24	26	40	45	33	87	46	65	75	35	39	32	100	43	53	46	40	71	48	78	28	21	73	56	38	52	53	32	18	46	34	94	33	40	46	44	42	41	78	70	30	55	40	34	86	63	56	47	33	66	50	91	55	68	66	66	66	51	46	64	83	86	30	53	76	28	41	33	41	60	68	35	44	87	55	65	70	78	23	31	73	59	50	22	46	32	35	56	198	37	106	55	65	16	60	91	53	65	58	72	90	39	48	109	85	87	55	81	58	58	33	117	108	75	49	26	62	65	40	36	55	104	45	73	60	40	92	60	69	86	49	66	97	34	144	130	72	55	84	76	44	46	75	95	39	64	27	50	31	49	57	60	35	38	91	39	59	40	14	38	89	51	24	23	30	43	25	21	42	50	76	64	26	34	58	47	44	89	51	43	54	47	15	50	21	24	49	31	77	10	46	46	35	55	39	45	35	44	37	29	52	39	16	54	35	42	28	66	66
T[C>G]G	0	12	6	4	6	21	10	12	7	23	9	19	5	9	5	15	9	4	17	14	13	8	9	12	4	5	13	10	8	15	8	6	9	1	7	9	18	9	7	11	6	10	13	8	3	8	4	12	10	10	6	9	7	13	12	6	3	13	12	7	8	13	14	10	6	5	5	9	12	13	17	7	12	10	11	7	9	11	9	13	7	6	8	5	8	12	14	7	9	3	7	12	3	10	7	8	8	6	6	12	7	14	8	5	7	8	4	6	3	6	11	7	10	12	17	3	8	4	6	4	7	14	9	5	2	2	7	7	19	12	9	10	18	9	10	0	2	8	4	7	9	10	14	9	12	11	6	3	3	12	19	1	5	4	17	8	8	5	6	7	1	7	9	6	9	6	10	11	17	12	4	11	2	9	8	6	24	10	5	11	10	7	6	6	6	7	6	3	11	8	4	7	0	8	3	6	8	11	2	8	16	7	12	2	5	9	3	15	12	1	4	0	5	6	6	14	7	9	1	8	3	11	10	6	13	0	14	6	5	3	8	14	2	8	5	5	3	3	5	5	10	3	6	12	5	12	2	5	8	9	5	3	10	5	3	7	12	14	3	7	13	20	7	16	2	10	11	6	4	6	8	8	8	13	11	2	0	5	14	7	8	6	88	14	15	8	6	9	14	10	6	8	7	16	4	13	9	8	16	1	3	9	7	4	11	6	7	3	15	8	6	5	3	16	8	3	1	15	16	5	8	11	2	6	8	2	18	8	10	9	7	9	7	14	3	8	14	7	8	5	7	7	4	12	9	26	4	3	6	4	9	9	7	7	6	8	9	6	8	5	5	4	10	7	7	6	7	11	5	4	11	10	10	12	10	10	13	15	7	5	5	7	3	5	6	12	7	4	5	12	9	0	9	8	9	9	8	5	8	5	7	7	13	8	4	4	7	19	5	8	3	4	12	11	6	11	5	3	1	8	16	7	5	9	6	4	10	3	2	3	4	2	3	4	5	9	2	6	10	13	3	5	7	10	2	8	3	2	10	6	4	5	3	8	8	4	6	10	11	5	5	7	6	5	8	4	4	5	7	12	6	5	5	8	10	9	6	7	12	6	26	6	9	7	7	7	10	9	3	2	3	7	7	5	8	8	17	5	2	10	2	12	3	7	5	4	7	0	8	8	1	6	7	6	7	10	3	5	1	3	8	9	8	10	7	4	11	15	8	4	13	17	4	6	11	14	5	4	9	8	8	5	7	5	14	9	6	3	8	5	5	7	6	3	8	7	5	8	12	15	9	6	17	6	16	3	5	4	6	9	9	7	3	6	13	5	6	11	3	15	7	7	7	9	9	6	9	3	7	5	7	8	5	5	8	8	6	7	7	5	2	10	10	7	4	4	8	2	10	5	3	10	2	8	5	7	8	8	5	8	12	3	5	7	5	8	3	10	7	5	14	9	10	12	3	4	8	5	7	17	6	9	8	4	4	6	10	13	6	7	17	10	4	8	4	4	13	8	8	9	9	14	3	6	9	4	11	8	6	3	9	12	4	10	12	7	8	1	8	8	8	7	3	5	9	6	11	10	10	12	8	11	8	4	6	9	7	12	2	4	2	13	3	6	4	9	12	8	9	5	5	13	8	5	7	12	4	10	13	10	10	4	9	12	7	12	16	7	14	6	9	8	20	21	1	10	7	1	7	5	10	1	13	10	3	5	13	7	12	1	14	9	4	1	3	4	8	14	6	7	12	7	7	16	4	3	4	4	4	3	3	5	4	8	4	3	10	3	11	7	8	9	6	6	8	10	10	5	12	4	11	12	4	4	2	12	7	9	3	5	9	12	10	3	0	5	6	8	7	3	2	5	4	9	17	2	3	7	4	8	3	7	5	9	12	3	6	16	8	5	10	2	6	5	8	12	7	5	5	11	1	6	11	7	10	2	9	7	3	6	4	6	12	6	5	4	10	2	4	3	13	1	1	8	6	6	4	3	12	5	9	17	7	8	2	11	4	6	10	4	6	10	7	19	4	4	11	15	13	9	7	9	7	5	8	15	13	9	4	10	9	3	10	7	17	3	8	6	4	13	7	10	7	4	8	16	4	20	13	8	10	7	9	7	6	7	19	3	6	8	5	5	5	4	5	7	3	9	9	7	8	3	6	16	4	0	0	5	7	0	2	8	9	9	8	8	5	6	7	14	14	3	5	6	9	9	5	2	2	7	3	8	0	8	8	2	8	4	8	3	3	4	2	7	2	1	6	9	5	3	6	16
T[C>G]T	42	142	106	96	103	220	125	89	106	350	168	243	144	123	85	117	67	89	189	120	274	121	132	108	91	73	151	87	94	144	120	103	163	67	84	120	191	111	83	132	64	113	78	136	89	107	79	99	188	123	116	70	144	159	243	179	90	241	164	173	115	139	201	179	114	69	111	87	168	79	149	56	126	123	157	126	143	148	97	163	319	106	84	107	179	153	161	140	39	54	168	100	88	123	48	89	82	85	111	131	43	156	94	111	178	46	102	68	61	99	168	107	95	162	156	64	157	32	113	69	83	200	162	67	85	81	112	94	170	148	86	145	224	115	139	34	56	174	40	72	143	111	155	142	131	104	135	30	94	122	166	49	57	41	133	167	117	75	66	67	54	77	105	78	144	60	105	113	155	170	47	90	68	84	64	26	185	174	82	161	143	161	135	107	59	75	125	88	190	154	59	98	49	82	79	56	89	128	142	175	133	114	132	75	107	142	20	193	102	78	38	84	128	93	111	146	84	164	54	135	103	149	137	97	129	93	274	48	113	20	47	191	40	70	106	75	51	63	110	115	107	55	115	149	110	237	90	64	115	122	107	34	84	149	75	80	117	197	90	96	192	242	88	200	33	128	145	109	63	152	104	95	101	159	151	114	44	56	117	88	135	164	767	94	166	99	142	101	113	54	100	90	117	168	145	282	156	102	151	91	71	198	64	49	193	86	82	61	200	116	50	61	120	140	130	46	43	167	167	113	115	132	69	111	68	76	201	114	96	153	87	38	105	112	51	80	146	137	35	69	82	84	93	119	85	532	163	46	115	48	151	156	109	109	79	108	108	109	111	76	69	50	68	47	86	61	174	116	90	55	156	113	144	220	97	138	224	215	141	118	168	47	76	155	113	142	117	32	157	100	94	29	82	100	105	73	83	41	51	58	108	257	257	94	131	67	85	338	75	112	74	51	157	120	56	112	137	55	90	147	243	69	51	93	46	50	118	67	47	45	80	31	15	54	88	64	81	61	143	84	28	117	35	154	45	115	119	69	90	107	79	63	89	129	173	84	96	113	131	77	74	110	138	74	153	144	109	74	57	198	88	71	84	100	156	75	109	96	120	65	370	127	127	102	81	124	72	69	40	49	67	135	118	94	117	126	100	101	52	137	54	72	62	110	53	128	68	49	130	166	44	71	115	71	50	148	48	61	73	99	89	118	149	125	81	69	125	162	116	77	122	398	88	68	128	167	80	89	76	64	107	140	111	93	139	162	131	59	104	88	87	175	80	65	65	151	86	106	135	181	178	98	166	114	115	68	107	67	282	91	115	94	63	90	140	92	44	129	78	252	93	97	122	115	52	94	105	80	131	54	161	70	98	52	96	126	62	108	93	148	117	112	157	97	58	43	63	93	93	39	113	116	63	180	76	65	156	69	152	73	181	39	109	81	109	73	32	171	70	84	156	108	92	117	48	101	115	62	49	167	59	117	86	84	146	87	109	142	107	149	244	96	161	153	92	36	150	154	146	126	96	146	58	106	111	57	149	111	130	45	149	148	136	103	180	77	97	41	112	141	123	85	41	98	112	107	141	68	163	241	97	94	103	119	93	197	114	107	119	94	120	112	55	90	143	116	181	79	153	74	166	149	55	143	145	180	47	95	169	87	80	41	132	121	109	95	171	84	127	131	166	99	144	220	54	182	104	64	91	38	48	92	121	84	78	87	104	105	79	70	162	111	50	56	128	26	160	128	61	91	147	96	112	175	103	77	97	66	51	28	31	121	87	151	48	54	164	71	118	121	85	68	143	42	33	61	90	48	129	71	123	103	89	58	37	159	74	66	81	60	137	62	105	65	32	99	63	69	85	117	69	43	85	57	157	48	82	61	75	49	58	143	161	50	87	64	69	147	95	90	86	35	123	100	158	133	114	92	88	121	128	68	77	123	146	69	90	122	40	65	47	79	124	124	78	95	139	98	102	71	131	27	43	144	102	85	38	85	57	98	91	465	92	220	107	118	41	127	182	97	101	123	181	185	76	93	185	223	203	109	120	108	84	56	298	242	143	91	38	103	85	72	59	111	177	72	128	129	92	146	96	91	171	83	119	173	44	222	229	132	94	142	111	100	73	162	154	64	124	35	82	30	85	121	114	51	60	125	56	124	83	21	87	199	120	28	36	52	67	51	45	72	94	137	166	66	64	75	69	66	116	76	89	102	68	27	76	22	28	115	85	110	11	75	91	50	87	71	79	55	75	60	68	110	88	37	81	65	61	40	125	171
A[C>T]A	40	119	81	64	77	188	111	142	126	245	155	172	156	84	94	129	52	97	141	122	166	101	125	119	62	81	161	98	122	156	118	77	155	58	109	116	137	136	91	110	49	104	87	110	86	80	76	77	129	162	122	76	151	145	224	157	92	177	121	149	149	130	162	234	89	84	119	104	130	107	132	72	115	98	157	97	112	170	118	156	120	152	94	101	171	136	149	149	63	100	158	95	101	106	53	67	123	84	105	89	47	147	96	91	133	54	104	92	77	99	147	79	101	148	167	93	113	68	99	95	75	173	101	53	61	52	82	93	137	127	99	123	138	131	151	28	58	114	52	107	90	108	162	114	144	144	116	35	57	137	173	30	70	46	143	127	93	97	76	35	45	77	113	93	133	95	108	124	141	167	54	105	79	82	61	52	158	132	112	173	137	171	122	119	79	83	98	63	143	144	110	78	68	109	54	54	100	132	112	139	141	141	133	86	105	125	24	155	130	50	57	68	105	65	125	151	96	139	74	109	92	129	107	88	119	67	128	55	129	13	55	180	65	114	86	87	56	51	106	103	112	59	91	145	78	153	68	68	124	89	103	39	116	78	108	92	73	151	99	87	146	224	92	118	24	123	149	79	60	103	160	99	143	226	98	95	45	49	99	92	146	114	1877	79	172	121	137	107	124	71	93	124	145	123	123	146	138	104	152	76	80	139	74	63	200	79	58	69	208	112	53	54	103	101	144	51	48	133	155	127	65	126	52	118	74	85	169	108	99	91	87	46	156	111	72	109	137	125	110	83	101	120	88	119	118	240	124	62	83	64	130	111	103	126	69	102	101	109	125	69	74	50	69	73	102	92	116	126	87	55	160	126	123	132	111	131	163	167	113	129	116	96	72	116	107	157	123	38	103	116	114	23	81	97	88	118	95	51	63	69	87	111	118	100	94	81	144	157	75	84	77	53	124	145	71	101	107	68	84	136	182	81	54	94	59	69	138	55	37	53	109	58	63	48	104	85	73	66	134	77	40	110	32	138	40	112	109	38	113	104	54	67	92	137	111	79	103	78	104	66	87	113	123	67	156	120	73	81	75	188	92	89	99	114	156	110	140	129	112	90	230	127	122	146	75	109	79	102	37	39	60	144	103	406	143	126	137	87	70	137	58	62	69	111	60	120	71	49	105	131	58	94	72	82	62	117	100	73	98	85	99	129	134	134	100	79	91	162	96	65	83	140	97	71	161	184	88	82	127	50	42	126	121	82	168	138	88	65	118	109	104	164	94	49	82	150	96	119	156	205	107	108	196	107	142	60	147	82	149	97	115	40	88	64	131	43	60	144	87	165	57	107	144	124	59	80	122	119	84	78	126	82	108	54	130	143	71	118	111	148	88	128	118	94	81	60	71	84	82	35	127	134	75	113	91	82	123	99	113	66	173	24	83	89	94	94	53	143	122	101	140	131	106	108	55	71	116	57	73	212	72	122	152	83	99	92	99	131	121	112	169	76	135	177	104	48	154	167	151	124	121	142	34	105	105	74	194	140	96	45	121	147	111	97	184	52	136	45	90	116	129	94	24	83	119	104	131	70	139	113	123	110	99	75	92	180	85	118	128	86	102	117	72	99	98	119	120	98	138	67	95	129	73	124	98	125	50	99	144	88	97	42	130	112	93	116	116	111	127	122	110	121	143	176	62	175	94	51	85	52	76	79	130	98	82	142	116	66	68	52	152	107	60	62	114	38	147	575	65	90	119	104	142	161	125	93	92	74	60	42	38	94	81	133	72	63	151	77	138	102	116	84	114	68	60	82	102	77	126	102	99	112	86	71	112	147	98	83	83	87	127	93	153	90	27	119	79	71	102	100	78	57	98	72	144	56	63	80	69	78	91	130	94	73	117	79	71	158	114	102	103	50	96	75	127	134	92	128	97	106	80	73	92	154	126	54	76	99	75	62	65	95	140	115	78	89	115	97	93	100	126	54	49	138	94	94	51	98	86	66	84	254	93	147	77	114	68	119	161	102	132	100	128	156	69	88	148	97	147	96	160	140	60	51	103	187	164	114	53	125	112	70	79	85	618	75	123	112	101	185	93	110	151	107	104	164	58	226	159	108	124	104	164	92	69	123	113	88	131	45	106	74	73	89	150	79	89	170	94	116	122	43	87	110	103	31	39	107	81	83	41	89	69	163	152	95	106	115	99	99	158	117	95	109	98	51	71	30	47	97	76	118	36	115	103	83	122	67	96	67	65	82	78	120	95	57	83	78	78	55	164	122
A[C>T]C	34	86	41	47	50	95	59	60	60	106	79	105	77	39	44	71	42	38	70	57	103	53	70	50	34	56	90	60	72	100	80	36	63	36	62	50	105	93	45	63	39	74	54	76	52	61	54	59	82	100	80	33	86	83	139	77	57	101	74	76	95	96	99	127	64	59	68	38	91	73	98	26	58	58	80	70	63	98	52	88	38	68	61	54	70	72	65	82	38	66	88	66	47	72	34	50	81	63	49	65	21	97	58	49	72	36	87	61	53	62	75	53	70	81	97	62	71	39	65	59	48	104	67	28	28	33	50	55	88	71	78	65	88	82	74	19	23	69	30	71	61	68	88	47	75	86	59	23	26	77	95	15	38	18	76	75	52	63	34	16	32	50	77	69	82	50	70	66	106	84	32	66	46	42	29	15	79	71	51	113	75	105	71	64	43	49	65	42	78	86	67	51	38	63	33	34	59	69	79	84	76	73	73	42	59	79	13	89	65	31	28	61	59	40	67	80	59	97	35	60	63	72	63	62	79	47	89	31	95	4	37	114	34	58	52	58	33	32	90	59	71	45	65	94	50	93	46	39	60	74	75	22	70	52	78	57	51	101	58	59	79	113	53	65	17	96	81	57	33	80	100	60	66	113	79	70	24	35	51	50	73	68	815	53	103	75	72	51	57	49	50	84	85	85	66	72	61	59	75	51	47	76	50	40	108	28	28	46	122	63	30	38	88	62	62	33	35	110	88	57	29	64	33	61	43	55	112	47	54	46	68	34	94	73	36	72	97	98	76	63	56	50	52	74	64	143	79	42	48	53	76	75	66	82	42	55	52	75	74	40	52	21	35	27	62	55	78	61	52	29	83	71	59	67	58	66	84	107	67	82	83	57	58	65	66	86	71	26	67	62	66	8	58	62	50	85	53	25	47	32	48	72	73	60	84	74	101	75	49	55	49	44	84	78	28	61	69	41	45	78	107	61	28	54	30	51	67	38	19	24	61	24	35	27	84	39	56	37	102	69	24	63	27	78	24	59	78	16	67	60	46	40	46	65	63	49	73	29	58	38	58	74	74	40	92	59	37	50	48	88	51	45	75	64	61	63	97	77	76	47	121	62	81	78	32	62	37	44	37	23	43	84	66	191	88	74	65	56	35	90	29	43	42	62	34	67	53	38	67	102	43	42	60	50	35	82	62	42	59	52	64	81	69	92	62	63	61	89	63	52	57	78	51	54	94	109	50	48	73	44	33	75	64	47	120	85	50	34	57	67	56	68	62	42	46	79	52	53	95	128	75	73	98	53	74	43	86	48	96	44	85	31	42	42	94	46	53	85	43	88	28	74	96	71	41	72	67	68	57	46	92	80	55	38	76	80	46	74	47	82	46	72	98	62	29	44	43	35	60	24	70	65	38	76	53	56	75	52	62	43	113	19	38	52	51	46	18	64	58	74	88	106	50	72	22	45	74	26	53	144	46	75	94	48	52	49	55	55	68	61	103	53	80	93	69	25	98	71	116	69	68	81	16	78	48	33	107	84	65	21	72	76	82	54	98	31	64	29	45	78	90	41	19	43	76	60	77	43	65	71	68	67	82	59	60	82	51	87	73	49	86	53	33	65	56	65	71	61	86	36	66	101	31	69	67	80	30	59	111	47	55	23	78	73	53	68	79	55	85	42	53	62	67	110	33	90	76	39	43	20	62	49	57	57	39	64	66	52	33	19	70	76	28	30	55	28	69	259	41	51	55	69	64	84	91	70	68	48	44	27	17	42	44	69	42	48	75	47	118	71	54	47	72	37	30	43	48	65	80	78	57	61	54	41	63	84	63	43	57	47	71	51	83	46	12	46	60	41	56	52	39	30	38	47	65	25	41	48	39	38	40	63	51	35	65	51	34	84	53	57	60	33	55	44	80	82	64	84	64	64	43	44	62	87	63	30	57	65	32	48	41	51	76	62	46	52	70	68	52	52	65	24	25	95	42	72	31	49	53	58	41	129	50	79	65	59	44	57	95	74	85	64	87	106	47	58	86	65	86	61	88	61	33	27	64	111	69	48	54	92	77	52	57	52	297	38	73	57	69	89	55	67	79	57	59	95	44	134	97	84	77	76	82	57	57	88	54	67	83	45	65	46	37	56	97	41	67	103	57	67	47	14	57	62	83	23	22	55	56	51	37	47	46	84	84	44	58	60	63	60	88	67	68	55	65	39	60	10	33	55	49	78	20	61	69	48	92	50	60	25	44	50	50	102	47	34	71	63	44	35	66	58
A[C>T]G	46	87	69	74	44	103	85	88	165	176	177	287	167	64	66	70	42	41	108	144	120	200	167	83	79	88	105	115	86	138	172	80	100	51	64	91	168	123	122	67	40	105	79	124	88	84	85	92	127	107	92	37	172	108	117	145	113	138	85	131	130	124	152	654	86	94	79	58	140	95	145	109	99	55	132	89	97	136	67	128	123	118	63	59	144	97	97	118	53	79	245	150	79	112	68	87	104	129	97	131	89	150	111	159	148	63	141	111	69	77	110	101	112	170	116	86	113	70	112	100	100	96	123	65	85	47	105	122	102	85	94	91	94	110	147	38	68	231	82	92	134	92	141	159	133	117	93	50	69	91	137	29	68	36	161	90	119	134	52	57	55	156	91	71	83	98	100	101	109	102	50	124	91	93	59	32	122	75	114	108	272	175	197	78	64	59	60	96	215	144	168	97	92	98	52	84	65	135	157	156	93	126	164	73	105	159	13	108	130	61	71	115	148	98	200	105	86	119	72	171	118	67	74	110	110	67	156	55	166	10	39	263	48	90	81	70	32	70	122	158	114	102	139	86	131	220	64	71	81	124	130	44	81	87	107	70	150	122	94	149	221	122	94	128	27	105	97	105	73	123	104	60	77	140	95	112	78	55	73	80	86	93	228	75	116	106	186	119	67	65	117	122	114	107	237	190	119	88	112	90	87	165	86	88	202	62	61	99	108	118	40	70	174	105	118	46	34	94	121	136	178	105	32	128	62	95	164	98	127	124	91	56	144	85	36	137	150	144	404	125	104	89	114	117	120	253	179	96	126	71	197	119	139	124	50	111	94	98	95	83	73	36	60	84	96	96	110	134	94	40	171	92	100	145	124	131	124	100	143	113	187	118	71	177	167	98	150	36	70	89	129	45	88	115	107	91	93	67	52	70	124	259	162	83	151	128	152	194	86	160	76	52	117	117	107	112	125	94	117	141	148	125	62	111	87	102	130	88	44	99	93	74	58	65	103	51	72	54	173	87	35	159	32	106	41	80	197	45	90	85	53	38	89	152	159	100	118	91	107	44	108	177	175	92	170	91	106	90	91	2246	88	56	85	137	124	80	98	134	109	157	241	55	127	188	56	105	97	117	77	67	69	138	120	1302	102	132	78	80	94	99	51	81	139	126	72	92	87	91	139	110	69	96	133	90	66	114	121	80	165	116	93	147	117	294	98	98	88	127	123	99	86	117	78	126	142	153	99	64	122	89	48	158	132	106	123	126	176	66	122	101	147	154	122	49	90	173	127	156	107	227	99	144	133	101	134	54	85	58	181	100	152	55	127	77	116	71	81	112	127	192	91	127	72	126	82	136	122	126	98	34	111	70	71	78	66	81	114	119	61	120	82	112	170	184	48	50	48	42	62	23	130	138	84	133	101	78	110	180	118	83	173	35	113	106	110	69	41	118	107	130	100	142	109	113	43	79	120	124	88	171	82	155	98	42	136	87	84	133	95	130	154	103	183	150	74	49	94	162	136	111	128	111	52	144	70	101	120	110	110	34	93	180	141	83	248	70	150	52	148	128	130	77	20	76	111	71	159	74	162	95	93	62	114	95	104	144	95	105	158	96	63	120	66	94	127	58	97	88	179	95	109	115	48	112	157	127	24	93	89	98	102	26	108	76	72	54	111	107	96	165	118	111	80	144	68	131	64	71	84	43	54	118	84	104	69	126	111	109	68	29	74	93	47	52	126	46	131	2070	95	85	150	81	75	166	109	62	82	100	49	32	39	148	138	174	60	79	186	101	126	86	85	74	151	39	39	116	111	80	100	97	92	96	119	83	69	175	126	70	78	90	140	74	144	118	22	112	58	75	96	103	73	35	76	96	135	59	71	116	70	61	103	143	127	85	126	109	88	135	118	155	77	50	131	90	189	114	106	114	83	133	74	76	83	145	107	63	164	77	104	115	63	95	84	107	98	118	123	148	103	92	142	50	48	104	67	101	70	123	120	108	42	242	94	138	181	88	52	180	150	78	115	68	131	222	104	113	146	121	165	56	102	123	61	94	145	213	128	120	59	94	146	77	78	98	1532	72	90	130	211	137	109	126	114	124	74	225	109	139	132	131	88	97	90	65	61	179	171	163	192	44	116	86	74	68	205	66	158	290	136	108	136	39	113	85	195	28	49	140	77	58	57	107	84	167	201	88	125	126	76	78	121	139	117	128	108	57	69	27	45	125	68	100	52	104	112	94	109	74	141	99	108	132	119	165	110	74	104	103	133	74	201	175
A[C>T]T	26	138	59	55	62	140	95	106	87	192	123	123	119	73	62	90	37	61	126	69	135	72	112	83	47	73	143	92	106	142	112	64	136	49	83	72	104	112	67	77	41	109	86	94	70	73	70	80	97	131	91	48	119	113	211	116	73	128	97	139	120	112	133	171	83	44	79	56	127	60	116	57	76	79	141	68	104	129	91	116	80	126	91	82	132	95	94	119	45	69	127	75	93	85	40	56	97	81	70	90	33	106	85	61	115	51	95	71	71	69	137	63	96	116	145	61	75	55	91	78	93	131	95	35	53	54	58	98	123	106	75	124	116	104	97	19	33	97	43	87	92	75	115	75	101	105	84	31	33	101	138	31	61	40	124	97	84	83	56	25	45	67	81	106	107	82	87	85	150	113	50	92	57	86	52	26	107	121	60	166	98	138	96	101	55	70	97	59	119	102	79	73	51	83	56	39	81	91	84	112	120	100	92	46	97	118	18	128	88	45	41	51	78	52	81	104	86	113	53	78	72	92	83	66	101	50	104	44	108	15	47	156	77	97	68	77	46	48	75	82	82	57	58	138	63	127	53	52	89	85	90	36	93	71	98	78	65	133	90	72	123	166	84	109	24	126	115	88	58	93	135	76	111	160	74	66	32	52	62	70	114	109	2258	76	153	82	85	75	98	63	79	102	122	108	101	109	82	85	132	49	54	92	68	40	130	61	37	54	151	99	38	41	103	102	90	46	45	107	121	76	51	78	36	93	69	71	141	62	91	84	91	33	148	64	57	75	114	100	76	56	61	76	75	96	105	180	102	53	64	72	109	76	78	108	59	93	84	99	92	46	73	43	73	35	71	64	108	105	82	40	126	73	94	117	76	106	134	146	123	100	109	67	68	107	78	113	92	41	81	99	81	18	96	67	60	86	59	40	53	58	64	90	94	69	86	64	137	101	62	67	57	40	97	106	59	94	90	57	55	96	126	61	48	76	40	51	84	43	31	41	92	44	32	32	108	57	72	46	122	91	43	85	31	106	22	103	80	35	89	90	45	58	81	92	67	67	92	61	59	62	65	93	105	56	141	108	67	50	67	148	68	66	89	97	100	70	118	105	92	56	178	100	89	103	50	101	76	79	32	42	43	129	64	336	121	108	126	64	62	136	38	64	57	99	35	112	73	53	95	128	51	74	78	59	46	116	72	55	84	66	68	110	104	132	105	77	94	127	95	47	90	129	69	62	149	125	76	56	95	51	36	119	76	68	158	118	68	35	81	109	82	108	83	61	62	103	96	88	110	155	102	129	128	68	119	55	112	68	136	64	79	48	66	44	124	51	62	99	60	136	47	94	116	114	54	68	98	87	75	54	91	94	76	42	91	101	50	85	67	128	68	100	107	56	47	49	59	57	64	35	91	86	54	99	85	79	106	58	85	74	136	31	81	72	84	80	34	89	87	99	96	132	74	80	39	60	94	43	74	167	72	98	140	43	79	72	67	93	101	83	135	94	100	142	78	36	116	122	93	102	109	83	26	83	76	53	143	113	104	26	109	89	94	65	164	55	88	44	81	72	114	55	19	74	84	89	102	74	100	82	102	75	103	71	69	152	88	83	91	71	88	78	61	90	76	94	97	67	92	50	88	137	54	97	96	112	56	85	166	61	73	24	103	82	82	110	107	74	104	72	71	105	99	133	47	132	74	74	60	39	72	69	108	64	61	110	97	52	62	25	121	77	57	48	77	27	100	367	61	72	100	99	92	116	130	104	66	67	52	41	35	80	70	105	50	42	121	85	120	87	84	78	92	50	51	66	70	82	88	86	86	97	72	62	80	126	81	74	72	51	82	67	104	70	12	96	82	68	90	83	73	45	87	66	110	42	53	51	59	65	65	107	77	57	90	79	42	117	92	79	65	41	90	73	101	83	75	87	64	98	59	71	91	132	115	43	92	94	39	63	56	73	110	95	67	68	95	94	84	64	91	45	47	99	65	98	36	60	71	55	79	193	78	126	77	107	54	94	131	101	110	94	96	144	56	84	147	67	100	67	134	118	43	45	105	157	129	86	51	121	76	60	68	81	370	65	106	86	93	142	58	88	140	85	74	132	48	235	121	97	81	103	100	65	59	98	91	58	96	41	75	67	78	86	90	74	61	127	79	95	94	31	77	86	80	33	37	78	62	56	38	88	79	140	115	65	52	87	70	68	121	98	85	73	89	66	74	17	43	73	57	93	23	101	72	71	73	61	74	55	50	82	54	106	58	48	70	75	62	49	111	108
C[C>T]A	47	94	53	75	70	153	98	147	106	191	128	160	119	77	64	108	50	63	117	112	150	57	95	97	56	75	149	79	99	159	102	70	139	38	113	95	159	127	77	93	39	109	83	101	97	85	62	73	105	161	111	53	137	155	180	134	83	201	106	118	150	160	167	104	87	49	78	70	115	97	116	77	125	84	138	77	126	118	87	144	100	114	88	62	158	118	108	150	42	66	118	76	82	67	42	63	93	90	90	81	42	120	82	70	104	56	89	62	70	73	156	79	98	136	167	73	104	47	84	76	81	157	99	44	54	44	72	80	117	108	95	109	140	100	93	20	40	95	60	82	77	80	126	85	128	85	118	37	42	139	166	29	37	20	118	106	86	68	66	37	48	75	115	76	127	76	85	95	157	132	53	67	70	81	53	29	143	110	79	122	96	150	122	101	60	89	71	58	141	143	86	67	52	77	61	53	68	99	113	109	106	127	120	66	99	88	8	135	81	50	36	62	103	62	90	151	82	119	50	83	63	144	76	74	98	49	143	47	109	12	35	135	51	97	74	72	49	55	95	79	80	58	98	146	70	121	47	57	93	76	79	26	86	54	83	79	68	130	100	72	124	173	83	166	29	111	153	62	80	91	145	91	140	161	98	88	28	62	97	102	115	88	506	90	161	105	112	89	103	42	75	164	119	130	105	135	117	91	159	68	64	128	75	59	177	55	48	64	196	93	51	44	127	105	90	43	40	135	128	96	62	117	44	121	59	66	163	63	80	73	92	40	120	89	58	71	144	79	65	73	70	81	85	83	83	232	94	53	69	64	121	95	105	107	55	74	83	76	105	55	57	38	66	43	87	82	121	85	67	40	152	91	88	103	76	140	138	138	103	113	114	79	63	111	76	121	90	26	90	89	80	29	89	91	71	103	71	37	77	61	76	122	119	101	83	76	134	154	63	96	77	37	132	112	41	111	104	71	83	100	142	94	49	64	42	56	101	46	28	51	90	39	32	38	100	49	70	54	119	84	45	99	21	117	36	109	105	19	84	93	67	57	75	118	78	60	85	69	83	60	74	85	94	52	169	104	68	70	73	179	73	75	74	102	113	81	106	116	81	81	192	101	108	124	56	129	79	83	48	41	49	130	98	177	119	115	129	71	58	157	51	51	51	91	39	95	51	46	117	137	55	71	84	67	49	108	61	61	79	71	64	118	97	141	84	76	107	133	102	87	98	122	76	67	139	178	92	77	94	47	46	128	60	75	141	124	81	52	102	115	98	101	86	64	58	101	81	88	154	157	112	88	183	104	119	55	90	39	145	78	99	64	62	80	129	54	61	115	64	118	39	97	126	101	46	90	90	85	78	55	124	83	69	25	104	93	80	82	64	112	72	92	121	65	64	50	47	86	72	34	97	88	63	90	94	63	119	81	100	62	138	20	79	86	86	75	33	90	79	71	119	118	104	86	47	65	120	51	55	169	47	102	91	62	83	89	103	100	105	105	143	81	159	121	91	46	123	125	118	110	138	97	25	98	70	48	140	110	73	28	105	132	96	68	166	68	110	23	96	90	107	71	23	67	110	79	108	60	113	103	91	89	86	65	80	126	83	100	102	81	98	111	72	74	98	92	86	70	149	53	95	151	75	120	111	150	56	73	142	68	75	19	99	124	80	120	122	87	130	56	131	111	101	214	67	120	83	60	75	36	85	80	98	103	65	134	106	68	66	34	128	86	50	39	83	31	142	214	69	84	117	92	91	113	107	89	71	78	38	46	29	87	62	119	58	60	116	59	148	105	95	59	112	47	47	53	80	59	103	72	80	75	79	62	76	112	74	74	70	53	99	67	107	71	29	99	67	76	85	79	65	44	54	68	170	39	42	65	67	60	65	103	88	54	92	74	49	118	71	75	74	81	76	68	113	123	93	103	73	89	67	77	81	129	109	44	76	85	57	59	58	79	115	86	79	71	113	92	61	73	92	39	54	133	69	94	40	58	153	49	82	231	73	117	80	95	62	84	143	81	99	83	107	131	71	101	122	79	112	81	139	143	62	47	114	162	121	82	52	104	79	54	80	92	327	53	122	98	86	143	62	96	120	71	92	141	68	223	140	106	97	104	215	61	63	116	113	90	98	36	78	47	67	90	90	62	65	151	82	120	132	25	64	79	101	39	26	85	91	57	30	61	67	149	107	82	88	86	87	105	114	107	85	95	103	51	107	23	43	81	93	106	25	107	100	83	97	64	87	48	66	80	84	116	67	38	80	65	80	35	122	97
C[C>T]C	49	98	73	64	67	178	96	106	88	146	89	140	120	63	53	93	48	79	109	106	128	79	97	100	49	83	165	92	99	134	104	61	103	65	101	81	175	101	70	85	37	87	73	108	65	64	72	90	135	146	94	49	126	133	185	101	85	215	102	125	130	169	179	128	72	52	79	73	143	84	123	55	79	67	130	57	115	133	70	151	72	97	72	66	106	98	100	119	53	77	113	73	86	93	44	72	120	88	76	90	44	100	100	70	102	69	101	50	69	84	104	62	86	102	151	89	105	52	77	82	61	148	88	48	49	46	65	76	138	112	107	113	160	88	108	15	35	94	43	87	85	80	89	79	135	94	76	22	41	125	140	25	40	25	127	102	84	79	44	21	51	82	93	78	124	94	104	83	146	140	55	65	75	59	44	25	134	107	84	144	77	140	116	87	61	78	87	73	129	139	102	66	62	90	56	57	82	114	107	123	107	107	96	61	99	111	17	140	72	41	35	60	123	63	100	165	71	116	53	100	70	90	76	76	84	59	128	49	105	7	51	157	43	71	77	70	49	37	104	79	98	61	74	161	67	122	54	61	121	82	91	25	90	65	105	74	67	130	74	70	124	134	72	178	28	124	124	64	87	80	147	73	117	190	83	77	25	56	73	86	116	109	431	69	160	93	126	87	91	67	84	135	136	124	103	124	112	94	162	61	48	117	79	52	142	41	57	49	156	94	33	49	122	91	98	43	37	169	143	94	61	96	32	103	59	89	169	65	77	69	81	29	140	92	48	93	128	103	78	93	67	71	84	94	84	161	99	68	81	73	87	84	110	98	50	83	80	88	131	44	64	34	60	33	81	61	107	75	72	44	120	93	101	96	86	106	112	161	95	97	96	64	63	105	68	128	86	35	76	88	90	15	73	82	61	103	71	28	69	43	73	84	104	71	99	74	139	108	52	88	79	46	111	84	57	92	70	47	76	107	147	68	43	57	28	43	94	33	23	41	112	43	31	39	92	52	74	47	145	94	37	107	26	114	33	89	81	34	83	84	63	63	71	100	64	63	84	60	87	48	78	94	125	59	124	116	44	76	57	169	82	65	89	91	94	102	105	143	115	64	164	129	101	95	42	111	68	81	41	36	63	125	84	204	128	105	127	57	38	134	44	59	50	72	39	111	55	48	120	121	55	74	87	80	58	120	79	39	85	59	78	131	112	124	75	81	91	114	86	56	90	112	62	51	116	148	69	66	132	51	38	115	103	81	159	97	68	35	100	91	94	118	76	49	58	113	75	81	128	176	108	82	128	93	106	67	108	57	128	67	101	43	77	51	125	56	54	122	73	152	54	101	123	99	45	73	95	87	79	35	127	96	87	38	89	80	55	86	60	116	75	92	105	86	40	52	49	55	75	24	93	86	52	100	92	70	96	69	92	57	145	30	56	80	74	75	29	94	77	101	112	139	98	88	39	64	84	49	65	183	56	106	110	48	80	71	67	77	109	86	133	76	100	133	94	30	109	122	115	97	94	112	30	108	72	40	144	112	68	40	96	106	94	65	146	40	94	38	78	72	115	66	18	61	115	92	124	66	100	93	85	99	68	76	56	88	78	95	76	52	81	86	53	70	74	96	68	58	127	62	65	117	66	107	78	144	45	61	149	74	72	28	94	160	69	96	106	75	136	84	98	78	98	211	47	133	67	58	97	24	62	62	92	61	47	108	94	59	46	27	104	100	43	31	81	29	139	258	70	71	111	99	96	95	123	85	58	66	51	46	18	65	54	109	47	46	125	74	154	66	104	60	89	57	39	74	75	63	85	63	87	88	98	58	50	99	69	70	53	74	97	67	104	71	27	102	63	61	77	78	62	42	72	76	145	42	65	57	59	64	56	79	86	57	79	58	54	95	92	76	81	74	67	66	141	88	76	93	94	89	59	56	89	111	100	49	73	98	57	69	35	46	139	93	70	76	108	85	65	73	77	28	47	98	70	103	51	64	121	49	71	195	91	107	72	100	39	90	128	72	89	82	95	127	80	82	115	88	104	68	136	92	45	48	87	128	133	94	66	118	86	51	71	75	345	60	129	83	89	136	70	84	114	68	80	158	57	198	123	116	109	98	186	69	61	124	94	86	104	36	81	62	57	76	117	65	64	131	82	81	107	23	78	97	105	23	24	66	78	60	31	89	74	145	125	63	80	94	82	82	123	95	87	74	86	47	89	28	38	69	74	101	28	95	89	70	96	57	105	43	63	88	79	124	72	27	74	75	60	49	103	109
C[C>T]G	24	57	35	36	34	74	53	64	118	87	91	322	75	32	40	52	26	39	67	79	78	92	98	55	40	47	78	69	69	66	102	48	64	36	50	61	120	66	58	35	20	45	50	61	56	51	60	67	75	77	67	28	106	88	78	103	73	93	68	70	88	87	93	390	46	41	62	34	81	56	90	77	65	43	67	52	67	70	44	84	82	52	38	23	104	70	72	82	32	47	132	87	51	59	40	62	60	74	68	83	38	94	61	88	80	36	86	58	48	44	63	60	48	84	78	47	76	40	64	60	64	50	72	24	47	25	61	65	62	53	51	44	57	83	72	20	31	112	52	51	79	48	63	99	94	75	61	26	35	63	81	12	43	36	78	55	65	57	31	33	37	79	62	45	60	54	52	74	60	67	38	66	52	56	32	17	91	57	68	79	130	89	122	45	32	37	44	63	109	93	94	57	50	55	34	29	24	85	92	85	54	64	99	42	65	87	9	58	60	29	42	48	66	65	90	64	46	91	38	96	71	49	39	60	82	51	96	24	107	7	15	139	22	66	51	30	21	33	66	89	56	48	98	58	50	108	40	47	56	84	67	19	62	37	64	32	79	79	56	90	111	96	39	100	4	65	74	44	59	76	74	34	54	79	72	68	38	28	41	57	68	52	157	53	68	66	80	63	38	50	56	74	64	76	106	116	54	41	68	56	50	115	57	44	146	41	31	54	59	74	21	35	93	63	70	27	21	70	67	99	87	63	18	62	26	55	85	43	62	93	55	28	69	51	24	61	94	84	195	74	54	57	55	57	77	169	116	56	62	37	112	62	81	87	43	69	55	60	63	40	43	13	32	38	59	50	77	60	42	32	109	62	57	89	61	79	75	77	86	65	106	67	40	84	105	75	82	23	48	55	63	23	58	64	73	42	57	38	31	40	70	120	105	47	90	69	89	100	36	115	39	32	61	56	54	70	74	42	61	76	98	71	41	73	39	59	83	45	20	57	56	35	17	39	62	21	37	39	122	49	24	85	10	70	21	47	115	14	63	67	37	16	58	93	75	63	65	50	70	21	73	80	87	47	91	60	61	36	48	1184	46	42	51	76	79	47	61	67	66	71	174	39	64	63	24	71	41	59	42	31	46	87	50	768	68	65	68	39	50	71	39	44	78	74	37	52	55	53	85	69	34	40	60	56	37	73	46	48	77	66	62	78	70	126	45	56	69	102	58	39	56	84	47	73	86	89	64	38	64	47	32	123	71	74	85	66	68	41	79	69	56	85	60	31	43	99	60	56	81	131	52	67	98	52	78	32	46	38	97	54	95	34	59	41	65	39	50	79	70	108	41	65	60	77	44	84	61	50	55	39	72	46	47	48	38	55	64	80	40	57	57	84	98	104	17	37	25	28	43	25	81	70	44	53	40	60	60	95	65	36	96	11	84	56	75	38	23	75	60	67	54	63	71	66	25	61	69	57	71	97	49	99	54	27	67	52	52	80	59	58	86	59	126	91	45	30	53	78	75	75	64	75	31	80	51	49	95	73	62	33	54	112	88	53	115	36	80	33	80	71	66	47	16	56	70	53	98	34	75	60	59	43	64	54	64	78	47	47	72	50	36	53	41	46	61	34	54	46	79	30	57	59	39	77	97	68	26	58	61	40	43	25	64	79	51	44	61	48	62	74	73	67	60	134	46	74	37	47	61	22	55	85	41	50	39	75	57	61	42	21	42	50	22	24	66	13	59	989	49	41	73	40	50	90	65	46	59	42	36	24	21	67	68	99	28	38	109	70	80	68	62	40	83	30	27	51	47	59	67	56	56	58	87	52	34	98	58	43	70	46	73	49	84	59	14	58	38	35	52	56	56	29	50	65	87	25	41	55	45	36	51	86	79	53	77	41	40	93	70	81	46	60	75	55	72	58	57	85	34	66	44	46	39	86	49	32	85	62	35	71	43	50	56	67	49	47	71	60	57	44	68	20	26	61	42	65	29	56	101	62	36	142	54	64	89	53	41	79	86	70	74	45	84	133	67	66	99	76	103	57	46	76	45	51	84	142	78	77	40	66	76	51	33	55	845	53	57	73	95	93	58	47	77	67	51	106	50	107	86	63	48	35	72	49	49	103	82	85	100	19	57	45	35	52	95	53	86	156	80	68	87	18	62	54	95	17	17	73	41	39	47	57	62	77	96	38	71	60	83	60	56	63	58	71	76	42	32	21	37	70	58	80	33	77	71	63	80	53	90	43	61	65	71	101	58	40	72	57	58	37	100	85
C[C>T]T	47	128	74	94	77	184	118	179	115	243	119	168	175	103	86	113	45	74	136	101	167	62	113	127	60	92	201	105	130	233	110	73	145	69	141	103	204	144	95	100	62	143	113	100	89	107	67	129	149	218	120	71	154	170	292	100	93	230	127	146	154	193	214	159	97	63	103	67	152	104	148	55	133	76	151	87	143	173	100	177	98	143	98	114	144	133	105	162	55	98	145	86	101	102	48	66	123	88	89	95	40	121	103	91	132	84	135	98	103	91	154	90	90	142	196	100	100	79	110	87	92	171	108	57	51	54	96	93	183	137	102	145	127	117	116	18	37	150	53	91	99	118	118	97	125	129	97	43	59	122	166	40	68	36	178	135	110	84	84	44	46	89	117	93	147	113	101	97	146	149	58	100	77	86	65	26	144	138	101	142	102	214	119	109	78	84	113	74	164	147	93	86	72	115	70	44	90	126	111	123	141	162	125	71	111	111	16	137	89	46	51	64	128	63	109	159	96	167	59	105	103	161	103	103	142	76	115	47	135	15	42	199	67	117	96	94	69	49	110	86	116	62	86	178	76	116	77	68	139	82	114	45	102	64	93	89	72	143	112	93	123	207	83	213	28	136	140	94	82	108	175	110	143	241	88	110	41	63	85	102	124	104	1572	98	236	107	127	106	103	83	101	170	150	147	116	145	109	100	187	86	70	141	69	64	166	56	56	76	202	109	47	63	115	98	104	55	63	176	159	103	69	132	51	144	59	70	179	84	90	96	92	41	133	109	71	107	167	123	98	76	93	96	96	106	109	232	129	65	82	76	121	95	117	118	77	104	98	126	121	58	70	49	86	50	106	89	113	99	77	49	176	111	98	122	109	161	149	176	113	121	136	80	79	113	76	149	95	41	101	91	99	34	84	85	91	113	99	48	84	61	93	106	120	112	110	103	158	132	83	75	102	33	139	112	68	126	108	87	78	133	189	59	64	71	54	69	123	63	37	67	112	58	51	39	147	75	81	55	133	123	31	123	36	134	39	120	91	39	96	97	79	65	102	133	102	85	97	72	103	74	100	95	143	64	176	126	59	90	74	217	76	92	140	101	127	110	143	126	131	78	249	121	112	175	61	125	82	70	39	50	60	147	115	358	139	120	115	86	52	176	56	53	81	102	49	138	75	56	110	143	65	93	94	106	50	134	82	54	104	85	95	156	142	161	118	84	106	161	105	77	107	133	99	85	174	201	92	65	144	58	49	129	107	83	213	141	104	66	144	137	112	133	99	82	82	154	90	100	154	162	125	127	174	104	175	60	106	78	179	84	100	54	88	82	125	42	75	122	79	152	56	119	159	112	75	115	117	120	107	66	130	104	92	64	119	128	60	75	92	127	94	107	132	113	61	62	67	57	91	51	112	106	77	126	114	124	134	84	117	68	188	39	84	101	101	79	46	115	102	94	129	165	118	118	45	88	126	53	72	247	68	109	166	76	91	88	95	119	114	113	161	86	121	158	92	44	132	139	140	130	134	146	44	123	86	48	189	132	94	41	97	139	110	81	169	68	137	53	85	89	155	84	21	69	112	112	115	91	116	113	108	103	102	98	87	147	102	118	114	81	90	106	55	116	101	111	101	96	136	77	92	168	75	137	117	153	51	100	156	91	100	29	117	139	83	144	132	88	121	93	126	130	151	254	61	145	96	76	82	48	88	114	128	115	68	136	130	71	67	36	148	119	54	60	106	45	175	404	66	87	118	102	104	138	141	117	81	98	57	68	41	114	73	112	76	77	123	85	167	100	115	95	111	64	55	96	89	72	129	113	109	113	134	84	79	138	111	100	91	79	117	67	145	92	30	145	95	58	96	102	85	59	90	89	160	50	60	59	61	82	82	130	87	85	115	78	51	138	87	94	96	98	103	79	141	106	116	130	92	95	75	93	115	156	117	49	110	122	65	75	81	96	141	98	96	87	144	90	96	113	103	50	44	124	77	103	51	80	168	63	73	255	82	157	76	138	67	104	163	106	115	111	124	165	87	91	143	98	126	81	166	136	56	49	104	184	150	102	78	140	135	63	85	89	425	77	120	101	88	150	95	109	160	90	91	170	61	253	160	133	136	117	195	93	76	119	90	84	129	60	95	87	82	101	139	87	99	150	90	126	119	33	82	120	105	51	29	84	100	56	55	75	86	192	141	74	81	105	105	117	145	123	120	96	126	55	81	21	70	86	81	144	24	156	114	90	117	89	107	59	75	110	76	135	80	63	107	81	76	47	163	92
G[C>T]A	50	123	62	70	49	93	84	120	94	172	99	139	130	94	41	79	48	76	118	89	120	63	99	84	45	78	137	57	84	107	123	48	137	49	70	80	107	136	69	84	39	94	74	103	65	67	65	80	98	132	90	45	116	116	172	116	83	136	94	89	112	87	127	232	74	49	75	74	108	76	136	54	90	66	119	56	93	96	69	140	71	76	61	81	115	118	102	120	55	67	137	87	72	94	48	60	80	68	95	106	55	128	70	84	107	43	109	55	70	89	124	97	78	121	154	66	100	36	71	75	73	143	101	50	36	49	67	80	115	90	72	86	114	85	122	17	44	103	51	89	62	88	101	100	121	89	82	36	44	131	140	23	61	19	110	82	81	88	51	22	36	75	106	74	103	66	100	83	141	130	53	90	48	68	32	33	133	85	78	152	106	123	110	102	60	60	90	72	124	106	110	54	65	73	50	52	57	101	92	135	100	104	100	58	83	116	14	132	94	61	38	58	96	52	102	134	74	121	58	106	90	113	99	90	108	61	121	33	119	6	34	141	47	71	71	69	39	40	83	78	84	43	86	117	73	122	63	61	103	98	85	25	97	62	105	70	70	129	105	72	109	129	92	93	29	91	101	72	48	90	141	51	97	151	85	93	45	38	74	62	101	83	438	71	151	100	105	80	69	57	72	127	102	115	97	147	105	70	119	60	53	133	58	54	134	57	30	59	149	76	42	42	96	98	76	33	28	92	115	101	66	103	31	108	66	79	157	71	75	64	96	32	152	91	49	78	118	123	108	78	90	56	58	89	85	198	87	62	66	58	100	99	105	102	59	73	83	85	110	38	65	28	65	56	82	56	119	97	67	45	142	100	84	93	90	119	128	159	108	99	119	68	74	97	64	112	88	31	106	68	87	25	98	91	81	85	79	38	48	55	69	76	106	75	108	59	107	130	64	76	76	38	98	97	54	87	77	60	87	100	168	80	51	74	45	59	113	57	33	60	102	39	45	39	92	58	81	53	129	87	23	102	23	111	40	102	99	31	83	85	51	45	84	115	94	68	78	78	94	68	82	105	108	54	124	108	72	78	79	133	89	64	91	104	100	78	108	93	105	74	171	91	96	104	38	112	49	74	38	47	47	118	95	436	104	114	110	91	57	120	49	72	73	79	41	102	58	66	100	120	63	71	74	62	61	121	74	53	81	80	73	111	112	104	89	86	84	103	109	58	84	102	72	70	132	129	84	70	91	42	23	134	73	83	144	115	84	50	109	111	107	119	62	33	66	101	80	80	135	187	117	63	126	90	118	53	105	63	135	73	89	38	74	81	101	50	48	115	84	126	62	101	115	98	62	88	82	89	66	44	118	71	69	28	90	86	66	90	53	115	84	91	101	66	51	49	31	49	67	36	91	86	42	92	73	60	109	61	104	57	154	26	84	72	78	76	39	77	94	90	102	104	78	82	33	49	113	55	52	146	58	94	126	51	78	92	68	86	130	84	153	85	111	140	90	27	128	103	121	105	117	109	32	99	89	50	140	110	81	41	78	135	107	63	151	45	105	45	95	91	124	66	23	69	104	83	95	61	108	92	94	76	80	82	81	112	75	89	87	84	84	103	55	74	73	93	85	70	109	48	79	127	54	107	75	114	44	89	132	63	69	29	111	72	75	80	94	76	82	85	83	80	83	138	46	119	87	63	69	23	57	83	100	73	56	117	97	76	49	23	102	78	40	36	71	22	110	664	56	70	105	70	96	129	103	59	67	67	47	27	14	83	64	98	47	59	116	75	119	80	100	58	111	57	37	44	85	62	88	74	90	93	95	60	132	87	78	67	65	50	75	75	115	59	23	97	58	69	78	80	64	33	59	84	120	41	47	75	55	52	62	93	76	41	90	58	46	127	86	86	69	38	78	76	127	103	77	96	72	81	79	57	79	84	121	51	85	95	53	83	41	72	97	75	56	104	128	71	92	62	120	33	46	102	72	89	47	69	58	62	65	199	93	103	84	92	57	103	108	82	90	78	89	132	83	101	127	100	108	75	108	104	54	43	85	164	123	80	61	86	105	52	71	53	634	47	102	89	88	131	83	68	115	92	91	159	67	167	171	114	99	96	132	61	66	98	81	86	94	43	85	47	57	65	107	57	76	132	68	94	103	20	68	94	113	25	29	79	77	54	37	68	93	136	99	88	69	97	79	66	103	107	82	85	83	43	59	17	47	87	79	105	21	91	100	77	97	61	88	52	73	88	53	113	57	36	65	84	82	62	99	92
G[C>T]C	28	82	54	40	52	117	79	100	74	131	85	115	113	62	41	89	32	46	110	91	105	54	82	72	39	63	134	70	94	119	86	49	93	37	79	78	103	89	63	68	37	82	63	90	72	66	49	59	81	126	69	30	91	86	170	91	96	101	88	102	117	110	118	312	68	58	66	64	99	61	121	55	67	69	109	57	95	91	70	130	81	102	63	65	95	92	84	97	35	47	112	70	83	94	52	58	93	60	80	73	50	106	82	80	92	48	96	57	57	50	93	62	72	85	119	67	85	50	63	61	74	96	94	51	44	42	58	56	98	83	92	93	80	75	94	18	41	90	29	73	81	93	93	75	103	78	76	28	32	100	118	23	44	27	111	92	75	75	69	24	36	69	84	73	101	83	92	69	121	104	35	82	62	54	46	28	103	70	72	124	93	128	85	100	65	48	68	80	120	101	74	65	63	87	47	58	81	104	92	100	73	97	78	52	84	85	12	98	81	45	42	48	101	62	88	107	75	108	55	95	71	86	93	62	87	45	95	47	109	5	40	135	37	88	77	72	42	38	86	67	89	59	69	106	49	110	42	52	79	68	75	28	91	43	87	71	50	104	68	66	92	114	72	104	17	82	64	60	48	79	129	69	92	150	73	75	29	36	68	69	98	84	423	57	135	80	90	68	89	63	65	108	104	90	86	146	92	81	121	58	56	96	47	37	127	38	55	56	115	82	24	44	108	75	83	45	31	94	112	75	55	79	41	82	51	83	125	57	80	75	78	30	123	70	53	77	89	113	144	74	65	54	78	77	77	143	78	49	63	61	90	85	96	96	49	74	71	71	88	37	50	22	58	36	54	56	91	81	54	26	125	69	79	83	80	96	123	117	89	103	97	62	59	101	64	116	77	26	83	63	75	25	70	77	74	61	64	30	49	43	61	65	86	76	78	64	121	100	49	69	98	44	110	86	55	100	69	52	56	92	139	80	45	53	39	62	76	42	22	55	79	57	40	34	99	40	59	44	133	81	27	87	35	105	31	91	85	30	77	68	53	43	73	97	61	63	77	64	78	47	62	83	77	51	121	104	41	43	57	105	80	43	89	88	77	87	95	113	97	86	172	82	69	90	37	97	58	66	33	48	55	88	72	588	119	91	103	63	49	95	41	51	46	70	37	87	69	56	84	93	48	59	69	67	47	127	69	46	50	63	65	106	119	80	70	61	72	103	77	62	80	109	94	62	119	124	79	68	103	46	33	101	69	70	138	87	89	47	106	79	101	114	77	50	53	86	72	76	118	166	92	90	137	70	97	45	92	58	126	68	76	41	59	68	91	37	49	99	64	137	50	65	86	114	43	88	68	86	63	40	101	68	74	43	72	66	48	78	58	113	76	85	125	60	41	49	43	43	65	16	80	98	51	80	68	66	101	57	78	48	131	21	51	57	80	69	28	70	60	81	95	126	85	72	34	50	97	42	69	187	43	94	114	59	73	58	57	79	73	76	109	66	99	139	66	31	86	90	87	86	90	86	36	76	74	55	128	87	62	32	75	84	83	53	104	45	91	36	80	67	105	42	17	61	88	74	97	66	82	101	87	77	62	82	58	87	64	67	65	70	64	82	46	56	61	79	77	75	109	35	69	143	47	91	83	104	41	73	106	66	56	12	80	61	68	65	89	58	91	71	74	63	67	122	59	108	71	49	48	37	63	79	79	87	54	106	69	53	33	22	94	67	38	28	67	35	107	747	48	55	84	72	81	86	100	74	61	63	48	35	23	60	43	95	42	57	101	75	120	73	85	50	98	34	35	64	85	53	83	74	86	94	70	48	151	84	59	74	62	46	109	52	96	62	24	72	62	34	73	57	61	44	66	59	97	38	52	47	54	66	65	94	66	45	64	74	27	100	69	83	71	43	72	60	107	90	80	90	74	64	64	41	78	86	96	41	80	76	43	61	31	67	104	96	64	71	90	71	77	79	81	27	34	90	59	68	47	47	60	41	47	135	54	97	71	79	40	80	103	87	87	85	86	103	63	78	111	81	82	67	102	98	43	27	69	93	109	70	47	103	66	64	69	62	743	38	113	83	93	124	47	57	93	75	63	149	63	156	107	69	98	75	125	68	43	105	95	96	83	37	73	38	61	55	98	55	67	102	60	81	92	28	56	79	80	30	29	67	67	48	27	47	71	137	92	67	71	94	69	64	107	93	86	79	68	38	62	25	33	75	79	109	23	72	66	59	87	55	85	45	49	58	62	100	72	47	90	61	72	48	92	75
G[C>T]G	23	50	52	45	32	86	50	64	126	100	115	138	86	48	47	63	22	39	68	102	74	94	100	57	50	54	83	88	71	84	105	61	69	28	45	63	112	82	67	45	28	74	47	100	61	50	52	71	85	71	60	25	149	80	82	112	73	103	53	86	97	78	96	474	60	49	59	31	89	56	113	54	70	41	88	52	65	82	36	104	91	75	34	42	95	66	61	86	40	25	178	98	59	69	55	59	46	97	75	107	64	95	65	96	99	30	97	64	43	56	71	84	68	102	98	49	100	38	63	74	59	46	72	39	55	24	63	75	78	66	61	62	51	91	84	8	21	162	60	61	96	57	66	95	113	69	62	15	44	54	93	14	58	37	104	45	78	66	33	29	49	99	63	56	71	74	60	84	52	75	40	67	40	40	36	19	89	60	81	83	186	95	133	45	43	37	33	50	111	89	100	71	55	70	28	61	36	95	90	122	68	57	125	59	71	92	7	82	89	32	37	60	95	52	120	79	50	76	39	119	75	46	50	78	78	68	102	36	113	9	22	161	22	51	67	53	20	32	83	91	56	55	101	56	68	157	60	48	52	75	59	27	73	71	66	51	88	100	52	121	137	64	50	71	22	78	79	76	54	66	83	52	54	93	67	73	46	28	55	65	65	51	144	48	63	76	112	68	41	53	72	87	81	72	135	148	67	56	76	49	61	107	77	50	152	34	39	70	63	65	27	39	118	75	72	28	14	64	62	111	121	80	17	83	39	49	111	54	87	89	52	47	101	53	28	77	97	98	286	76	71	51	69	73	88	188	115	60	88	51	109	80	71	86	54	71	58	59	62	42	46	23	52	76	76	44	76	64	54	24	120	78	71	87	86	72	81	91	112	70	122	72	43	110	111	74	92	22	60	64	77	34	67	61	74	52	63	39	22	41	74	150	132	49	93	80	106	116	40	101	42	32	79	72	69	85	95	53	54	84	104	86	39	66	51	64	102	61	32	63	83	64	30	42	61	39	50	32	119	49	24	98	20	72	37	36	117	22	67	62	42	17	62	101	104	63	81	74	68	30	60	94	93	54	128	65	61	52	57	1176	71	21	60	82	83	66	63	86	69	86	218	43	81	81	23	62	50	64	47	39	71	116	104	908	63	88	49	60	69	76	37	45	98	87	54	47	66	58	88	81	50	48	73	57	53	87	51	47	85	76	56	83	72	191	53	63	71	79	69	61	69	74	46	84	98	116	85	47	85	62	32	108	86	76	71	84	74	47	81	75	81	108	72	26	74	117	64	96	73	164	69	79	86	67	82	40	59	39	125	59	123	53	79	60	78	52	59	70	77	128	61	74	81	70	47	83	86	95	66	24	68	39	55	35	41	49	74	73	37	80	59	85	104	108	32	30	28	21	43	23	71	74	48	78	62	48	57	109	95	49	126	15	89	62	88	62	27	72	62	100	51	96	80	81	29	67	74	62	57	111	61	94	68	29	98	52	76	78	61	99	106	63	106	93	51	41	51	90	86	60	76	73	44	105	42	68	80	55	84	36	57	112	96	54	154	44	82	24	110	66	78	49	10	72	68	49	84	46	98	62	63	51	68	58	73	69	58	53	63	45	49	59	49	43	77	38	50	62	113	50	80	82	24	75	93	57	20	49	64	49	36	15	69	49	46	49	67	57	71	98	81	64	53	90	48	104	34	48	58	20	46	107	57	85	31	86	47	59	31	15	32	49	27	19	87	21	68	1449	45	60	80	62	52	92	74	40	65	49	38	18	26	73	66	130	34	42	127	86	73	47	53	40	90	27	44	62	76	43	67	42	42	59	74	59	60	86	84	56	69	51	79	56	92	80	19	78	42	66	82	61	62	24	55	66	112	18	70	65	57	36	58	86	75	48	76	61	46	109	69	63	48	29	64	47	124	64	53	120	63	93	47	42	67	84	83	27	99	49	57	57	47	55	59	62	56	56	68	73	65	45	85	29	28	76	44	69	38	65	81	59	31	147	77	106	124	75	39	109	93	74	83	47	85	138	75	64	89	78	91	48	61	90	57	57	104	152	75	72	42	67	132	62	55	56	1438	36	48	86	122	81	79	73	79	61	47	140	65	97	92	95	53	72	65	37	47	141	104	122	137	40	69	40	39	53	137	51	95	184	78	64	77	18	81	58	116	18	23	76	48	43	45	90	59	105	130	63	70	72	76	62	73	90	51	74	52	40	54	20	37	88	54	54	34	53	84	67	88	72	94	49	66	71	73	124	77	48	73	67	69	51	109	115
G[C>T]T	34	94	69	57	67	135	78	123	67	167	77	114	104	77	41	71	32	61	103	66	102	64	101	95	36	56	142	76	102	138	79	59	106	58	88	69	115	108	57	67	46	110	73	90	54	50	56	74	100	137	80	36	100	95	185	81	49	138	104	113	125	104	142	214	64	44	74	77	101	71	91	52	80	63	126	54	86	93	63	101	78	100	71	73	94	105	90	94	24	68	96	62	61	87	50	67	82	74	52	72	29	92	72	70	89	51	106	50	89	82	114	69	74	109	153	59	87	36	78	59	80	110	86	36	40	36	62	70	107	101	73	101	92	92	98	12	33	84	30	78	66	82	109	75	84	97	94	29	43	69	131	21	46	25	102	90	72	67	55	32	48	50	102	66	115	84	86	71	114	122	45	80	69	66	43	27	102	84	82	106	95	142	91	98	49	70	72	66	116	111	71	61	39	83	46	60	75	81	99	103	99	95	75	58	79	88	14	80	86	48	46	49	92	54	93	108	67	110	51	72	61	100	67	56	106	44	87	46	114	8	40	145	39	94	56	74	49	42	74	75	77	51	60	135	62	101	45	59	96	72	74	24	97	60	97	75	51	110	100	60	88	140	69	129	16	95	104	66	53	75	150	53	98	158	74	82	43	44	64	62	99	67	903	68	144	85	87	100	84	57	77	99	89	112	101	123	88	80	136	58	57	76	60	52	140	40	46	51	125	80	38	41	112	75	86	35	30	119	124	80	52	83	33	97	59	53	116	60	90	59	64	36	115	85	49	89	125	94	115	51	71	73	62	87	81	161	87	48	47	55	90	78	86	88	53	79	78	70	83	45	53	29	45	34	81	65	99	74	53	32	110	79	68	77	71	91	134	112	89	87	94	62	62	94	59	118	72	24	63	72	81	19	56	55	63	81	53	34	57	44	58	67	92	83	73	84	124	98	55	77	66	38	95	99	53	84	70	66	69	105	112	69	52	72	53	47	86	36	23	41	104	31	43	45	92	53	49	43	112	91	36	84	28	93	30	84	72	21	77	70	39	54	65	101	65	59	65	43	70	56	49	83	100	56	94	95	41	67	65	119	75	69	81	66	84	69	112	101	83	62	162	94	94	116	50	93	74	67	37	29	44	111	73	600	104	94	101	82	40	113	36	54	51	79	44	81	57	42	89	110	32	62	74	76	42	111	55	39	57	53	64	110	91	100	78	74	52	98	74	66	90	83	55	61	112	132	75	48	84	41	30	116	63	56	158	90	71	48	98	106	81	102	68	69	56	87	56	77	105	158	89	105	121	79	111	51	105	46	109	50	71	50	70	54	86	34	58	116	64	129	37	87	113	75	58	73	73	90	78	62	83	88	70	59	93	55	52	84	68	98	56	89	84	63	40	49	50	42	64	33	84	87	51	78	57	72	95	58	81	58	120	16	59	68	64	49	38	78	68	70	94	127	60	60	31	54	108	42	51	165	61	80	105	66	82	58	67	74	94	75	129	74	82	121	80	35	91	106	115	94	109	81	17	78	76	52	117	92	93	37	100	90	86	47	124	48	82	25	83	63	86	53	20	49	90	93	79	57	97	94	77	68	66	62	59	98	61	80	68	58	57	87	57	56	62	74	61	65	100	43	69	134	48	76	77	100	38	69	126	57	69	28	91	56	65	71	102	74	72	55	70	69	93	125	39	101	70	45	62	27	65	58	80	84	35	91	85	45	43	27	98	75	38	23	65	36	102	636	53	58	79	87	78	94	96	79	57	75	41	48	24	72	45	97	68	59	97	69	113	66	95	63	70	40	33	53	63	49	106	73	81	81	74	56	147	68	72	75	61	57	75	67	94	52	21	128	72	44	92	82	66	42	70	60	113	24	45	58	48	70	60	76	66	59	61	60	34	112	78	86	79	24	68	55	106	77	65	89	71	76	56	64	70	88	106	45	79	103	45	56	45	70	97	79	64	70	79	77	61	78	79	43	47	83	52	100	43	60	58	54	63	145	61	107	68	89	46	90	117	92	100	91	86	118	59	77	101	79	84	59	140	90	45	30	62	122	107	85	39	102	91	40	55	49	578	59	84	63	82	115	64	79	87	70	70	139	43	174	134	71	101	68	89	59	49	108	83	62	82	35	59	53	54	48	103	71	73	107	67	91	89	36	67	74	73	30	29	68	77	62	37	75	73	109	88	77	69	86	60	87	92	100	87	62	76	47	56	26	61	67	55	106	18	103	86	68	84	60	84	48	56	71	74	106	55	30	70	52	81	55	114	81
T[C>T]A	58	176	107	88	105	235	137	137	131	430	154	246	204	138	97	138	65	131	219	164	241	104	135	140	99	104	207	112	115	194	171	96	200	68	130	116	229	185	117	161	69	152	129	175	116	97	123	132	175	179	150	86	189	203	305	190	137	235	210	170	187	158	262	235	133	94	150	114	166	131	186	86	182	126	211	125	160	192	135	223	144	155	134	134	228	171	182	226	72	86	213	138	115	141	71	98	161	85	159	150	39	185	114	127	172	74	145	83	86	121	193	145	130	210	200	106	203	53	143	111	104	243	182	91	66	65	123	118	200	196	135	162	256	145	179	31	60	164	63	113	139	115	213	122	189	153	175	51	103	171	253	65	68	48	180	150	142	112	73	42	55	84	150	117	165	124	129	165	246	253	68	115	99	104	66	30	219	189	143	259	186	173	157	131	100	93	153	117	165	169	132	103	67	120	86	65	95	160	188	204	143	183	198	84	131	160	16	188	113	86	55	97	147	82	148	205	125	186	78	182	147	174	149	109	177	91	269	50	186	16	65	251	69	110	125	81	64	61	137	146	107	76	126	207	98	240	80	71	171	116	122	53	142	145	127	119	122	188	136	125	202	246	124	188	39	144	193	131	85	175	184	99	192	301	146	122	36	69	123	114	192	155	905	105	249	125	162	120	180	63	111	145	163	216	158	287	148	132	210	126	95	195	90	47	256	85	76	68	293	169	63	70	146	149	160	66	55	157	186	144	132	155	48	158	84	103	243	104	155	136	118	58	209	151	81	94	185	187	92	106	112	102	109	139	121	406	145	80	144	71	159	203	136	163	92	144	127	158	154	68	92	43	102	93	130	109	224	145	139	74	208	144	129	212	134	161	204	271	166	156	182	95	87	216	116	205	129	45	204	128	101	36	107	106	162	100	127	73	58	81	124	201	174	123	156	89	168	210	77	127	107	51	205	199	55	141	171	89	127	146	329	97	67	132	55	78	213	86	41	71	134	58	48	57	146	90	108	97	180	121	47	129	41	173	41	169	166	49	147	119	92	86	115	161	144	127	130	101	146	71	117	131	165	92	249	164	106	97	99	253	129	118	119	147	166	132	176	164	147	96	382	151	147	157	79	155	105	123	54	52	81	233	141	227	170	172	179	127	107	215	69	96	76	122	81	171	89	74	182	197	80	114	109	85	73	168	88	79	97	110	110	183	176	198	103	108	148	224	142	101	119	284	101	117	188	247	95	120	135	78	68	170	111	113	187	165	130	80	125	151	140	189	129	86	82	204	146	137	194	218	182	148	208	121	192	106	150	94	226	99	152	77	85	128	139	91	72	173	98	210	84	160	200	163	81	123	143	122	113	91	206	96	114	46	156	145	65	124	118	187	132	122	168	99	59	79	89	92	108	46	141	168	80	177	101	107	172	88	189	93	215	42	117	84	113	114	43	160	108	138	188	135	124	144	52	103	141	63	81	261	88	155	198	90	131	123	122	165	180	157	229	111	217	218	127	32	183	187	185	150	163	181	51	167	110	67	237	174	157	51	197	209	138	120	194	74	168	49	145	183	169	97	22	107	150	161	176	95	227	180	132	123	118	138	107	233	136	134	129	113	135	164	65	131	141	170	181	114	206	98	218	218	77	182	141	244	72	112	235	130	98	43	137	123	115	135	211	107	159	140	173	141	134	273	76	223	125	101	100	54	81	97	146	132	89	144	131	89	104	67	181	113	73	71	119	39	206	294	91	113	162	154	146	213	172	103	97	92	58	28	30	137	99	212	69	60	166	111	212	144	126	83	166	83	55	75	95	95	168	106	151	131	100	71	72	143	103	117	129	107	144	105	179	97	41	148	74	74	105	118	92	53	110	95	148	63	69	84	85	85	121	166	113	91	127	97	84	192	156	120	125	61	123	119	200	147	136	141	118	136	100	79	130	188	219	80	111	132	82	72	61	98	182	132	108	125	174	135	104	101	150	52	57	188	120	108	55	94	94	97	95	409	146	179	109	169	70	143	200	137	157	131	162	225	149	117	241	150	232	143	202	151	86	77	234	288	198	111	87	196	155	113	107	138	404	64	153	135	124	210	114	125	201	118	138	217	88	308	223	170	163	190	237	104	115	176	166	103	129	40	93	72	106	105	147	63	78	211	89	157	134	28	71	153	146	33	40	85	95	83	56	82	126	211	180	119	111	121	100	100	185	146	113	134	109	43	101	33	49	121	110	164	18	123	132	97	139	79	106	60	77	103	93	153	93	57	108	84	93	71	144	172
T[C>T]C	44	141	74	75	91	202	130	156	116	258	141	169	170	79	55	135	48	107	122	132	184	94	103	120	79	91	197	110	97	171	153	55	187	61	101	113	201	170	97	103	60	124	103	144	101	80	83	106	155	166	96	76	155	148	235	153	113	195	139	133	168	159	200	184	129	89	120	79	169	89	185	81	107	101	187	96	132	161	89	185	109	106	83	113	179	156	118	138	60	93	181	106	107	143	79	105	119	107	131	123	51	165	99	123	146	66	149	61	90	113	154	95	139	196	181	93	180	57	104	114	117	167	149	67	53	52	110	94	181	157	140	152	153	155	173	31	58	159	53	112	113	114	152	126	159	109	123	45	63	172	204	24	60	40	169	126	113	101	85	49	52	118	131	92	147	121	131	115	173	159	65	93	80	92	49	29	156	128	120	202	140	188	131	124	99	86	95	95	179	165	134	99	65	103	75	71	89	152	182	204	124	132	154	66	117	154	11	155	133	67	50	85	128	87	130	178	96	139	73	147	90	123	136	129	127	75	208	54	158	12	46	185	47	95	107	77	56	62	102	97	123	92	113	157	87	159	77	57	130	124	131	39	158	103	110	103	112	133	105	126	140	207	91	234	18	143	150	95	80	140	185	94	131	253	107	111	52	61	109	101	127	95	660	114	176	115	138	133	110	72	111	115	184	160	134	205	133	95	163	89	87	184	68	63	190	54	67	75	207	120	34	56	172	122	116	44	40	148	151	136	113	141	56	122	88	96	214	117	95	107	109	42	171	123	71	80	182	153	87	115	119	99	118	106	106	314	160	69	104	71	137	137	123	150	87	101	118	125	141	54	80	46	69	62	112	86	178	95	100	53	205	98	113	135	124	173	149	192	162	143	160	81	87	150	98	166	107	33	170	127	105	32	99	110	110	80	98	46	63	79	115	161	139	105	154	79	156	135	86	118	104	49	146	145	58	111	133	88	147	113	252	95	55	94	54	87	162	70	45	66	130	61	41	57	105	66	103	70	165	122	55	150	32	139	54	137	128	39	118	123	64	76	96	121	114	94	113	89	127	70	106	140	180	73	171	133	98	107	90	195	132	103	140	132	140	137	163	155	124	91	205	110	138	118	73	130	87	111	70	58	70	158	129	216	138	177	182	87	83	167	57	81	67	117	64	145	89	69	133	143	91	90	108	86	74	152	75	62	89	123	97	151	198	133	133	97	110	191	136	92	102	186	114	106	135	179	108	85	144	63	59	170	102	94	178	140	113	76	141	133	132	154	105	79	80	168	88	91	195	232	118	109	175	111	159	96	123	69	180	109	118	60	93	114	139	89	70	170	91	185	77	151	160	152	61	112	123	130	88	58	168	91	104	70	119	118	75	127	95	175	112	135	146	79	58	47	72	74	82	35	137	102	91	117	92	68	115	79	149	60	199	27	93	105	118	94	47	111	106	140	143	155	125	107	59	78	124	71	84	261	68	169	158	75	111	103	104	104	186	116	164	116	140	228	133	42	119	148	143	120	148	167	47	135	106	60	184	128	111	46	130	160	131	84	178	67	182	48	115	120	140	89	37	70	140	117	148	72	144	126	114	111	92	112	111	174	113	128	99	95	115	131	64	87	117	118	136	116	149	84	124	176	61	152	121	176	51	100	159	93	93	34	131	122	97	124	175	110	157	115	156	107	119	208	69	187	113	82	82	48	75	88	112	109	71	156	131	122	67	48	146	138	51	56	108	37	167	286	103	88	133	135	136	155	166	79	96	81	52	28	31	96	95	129	65	62	140	91	158	119	116	82	130	59	49	92	112	60	128	86	127	117	95	85	63	112	89	97	89	86	148	104	134	88	28	110	89	82	95	123	66	48	107	98	180	45	82	85	78	89	82	110	84	61	104	60	84	154	111	101	107	47	96	93	145	104	102	146	78	130	84	75	107	158	150	52	89	123	68	72	49	89	153	118	101	126	135	113	111	115	118	44	43	144	97	101	63	89	77	67	76	267	123	147	111	120	51	108	181	148	141	97	121	177	150	127	181	147	156	103	150	144	60	52	155	204	154	106	70	134	120	101	100	106	315	72	153	152	150	204	87	99	126	122	88	207	94	210	197	154	158	138	207	87	78	158	127	130	137	31	87	59	84	118	149	77	79	145	110	105	114	30	62	131	118	32	30	93	102	62	45	78	125	208	131	82	81	107	77	98	155	124	109	100	83	45	96	29	50	120	116	139	31	115	101	80	106	84	143	75	75	106	89	197	95	41	112	79	90	70	134	128
T[C>T]G	14	36	24	32	22	45	23	44	67	66	76	115	73	35	34	36	22	17	45	55	74	111	70	37	40	51	58	42	56	46	65	33	47	30	25	32	83	64	41	25	18	54	38	42	40	34	33	49	42	53	44	23	66	58	68	90	54	68	46	72	56	56	56	253	38	37	40	29	69	34	84	53	52	20	64	37	43	44	27	55	72	42	37	20	64	29	51	58	27	35	116	68	48	46	30	37	52	67	59	58	38	84	50	85	66	27	53	32	29	40	41	46	31	63	49	42	64	37	56	46	43	45	49	17	47	17	44	51	53	54	42	51	47	49	40	14	23	104	33	35	74	38	69	71	56	45	58	18	24	49	65	16	39	25	67	40	63	58	29	22	29	59	39	28	35	38	43	50	45	45	18	55	39	40	27	15	66	38	40	53	133	77	82	44	39	21	33	51	91	45	64	30	41	34	20	37	34	70	63	74	50	52	90	30	47	64	5	52	67	21	36	44	53	35	66	57	25	63	42	73	51	44	34	40	53	37	79	17	69	5	15	111	29	37	40	35	20	18	50	67	49	48	63	42	39	102	23	38	36	61	40	14	59	56	42	33	78	76	39	62	93	56	46	59	13	53	33	39	40	53	50	33	45	84	53	52	21	19	41	44	52	42	115	34	52	47	54	54	30	40	53	61	47	74	105	91	55	38	55	47	34	91	37	31	97	34	33	40	63	45	17	38	82	49	44	31	13	42	56	66	71	58	14	37	27	44	66	35	44	47	43	28	63	43	25	71	60	81	150	52	46	35	40	53	51	114	62	47	65	36	70	46	68	60	35	40	41	50	49	32	28	15	32	47	45	40	52	43	37	26	68	50	41	49	47	46	56	55	63	67	72	51	44	77	68	42	64	13	42	49	37	17	53	52	54	41	53	25	26	34	44	88	73	41	54	47	77	88	31	65	32	31	45	55	40	58	69	40	56	59	88	46	33	46	30	45	55	45	14	36	43	35	26	31	53	31	37	15	75	39	18	68	11	47	18	32	97	12	47	46	35	21	39	69	58	46	61	38	44	16	55	53	67	35	81	53	52	51	38	821	38	28	45	55	52	41	46	61	41	61	139	37	58	58	22	53	34	43	23	17	30	70	51	496	50	57	54	36	42	52	32	28	59	47	30	54	33	39	70	79	35	33	53	35	30	52	37	25	45	42	56	59	67	112	43	35	48	58	48	36	51	62	32	48	75	63	42	34	51	36	22	82	47	50	61	40	61	39	49	59	52	89	36	27	43	72	50	52	66	99	42	39	69	46	48	28	48	22	73	35	75	38	50	35	40	38	43	55	53	86	38	51	45	69	24	54	61	59	43	16	46	42	29	30	31	46	45	41	30	61	35	56	85	84	27	22	22	22	31	13	48	49	27	61	38	46	50	74	50	29	97	9	61	48	51	23	13	53	45	61	35	61	57	67	26	43	49	42	47	80	36	75	52	28	64	39	41	58	46	48	93	44	81	70	40	19	35	72	51	52	45	59	30	72	37	47	64	44	49	26	45	78	59	42	100	29	74	23	78	50	48	37	13	46	49	29	65	27	66	37	38	32	42	53	57	64	39	32	49	37	36	42	30	41	48	37	44	43	77	32	48	59	15	59	69	53	19	40	37	49	47	18	43	28	47	24	47	35	43	69	59	53	41	58	34	53	39	17	16	21	32	65	34	63	29	68	64	43	30	18	32	49	24	17	63	17	53	727	38	43	59	41	39	72	53	33	42	43	26	14	15	51	53	72	33	34	86	56	56	46	62	32	73	16	22	38	42	30	54	31	46	43	56	41	31	65	53	39	49	40	48	34	57	56	12	39	23	37	45	54	28	16	23	37	71	15	19	43	35	23	36	45	61	44	59	40	34	72	55	58	38	24	53	50	77	44	43	73	34	54	40	43	28	66	54	18	58	36	44	48	28	36	44	52	43	50	48	36	32	35	65	18	26	37	40	42	25	39	51	52	19	111	53	63	64	49	36	69	80	44	45	41	60	108	48	45	68	56	88	35	38	52	32	45	65	93	44	51	38	51	61	44	40	35	556	29	39	49	76	70	39	59	57	39	34	94	35	67	57	58	34	50	50	32	40	75	72	61	72	20	61	27	35	25	68	41	76	123	48	40	54	20	41	34	78	11	18	52	28	37	23	49	46	77	72	39	43	50	45	37	51	53	40	57	45	30	36	12	24	70	32	42	27	57	42	48	61	45	61	36	48	48	51	95	65	26	63	41	47	32	82	60
T[C>T]T	43	127	72	82	86	186	125	119	81	268	147	168	133	85	66	144	56	69	130	119	198	70	103	124	72	87	209	96	104	161	127	92	145	49	103	111	171	147	92	96	47	115	88	106	79	97	85	99	127	188	104	61	143	139	247	157	86	167	160	126	140	149	215	181	104	78	111	76	166	91	171	58	108	84	149	88	118	179	105	167	126	123	82	99	172	137	117	154	56	87	176	115	76	124	58	81	125	85	94	111	46	131	108	104	122	67	130	81	76	106	141	101	117	172	165	98	118	53	96	107	105	167	150	46	61	59	92	110	160	158	102	136	146	145	128	15	50	148	51	111	114	101	124	111	137	109	124	41	72	144	179	30	77	39	156	129	117	92	61	45	56	90	105	109	147	109	96	107	157	162	53	101	77	77	54	21	190	127	81	188	131	171	116	117	73	82	109	91	147	126	98	88	57	107	80	64	80	135	158	161	129	140	108	87	72	122	13	129	102	51	34	70	135	81	106	131	100	145	74	118	92	149	104	97	145	71	170	30	126	19	34	201	55	110	102	85	53	54	131	131	111	66	108	164	91	171	60	59	124	96	120	56	126	78	106	98	102	139	124	98	171	183	90	168	23	132	133	94	97	112	205	83	156	221	129	119	37	74	95	93	142	120	1430	83	195	113	131	106	120	62	96	140	159	152	170	212	139	113	154	93	66	178	69	34	198	75	57	60	206	132	54	49	129	126	112	50	43	165	177	128	90	113	49	120	97	79	157	80	122	113	83	41	147	128	70	95	156	125	90	70	102	95	73	126	88	316	118	87	103	61	139	163	120	144	80	92	116	100	112	45	71	34	68	68	108	70	138	121	95	59	166	72	105	156	106	145	171	182	139	123	148	70	94	134	100	143	113	39	122	105	95	23	105	83	111	101	82	46	62	53	102	144	137	118	148	97	168	172	51	100	89	37	126	126	41	129	112	65	93	149	230	75	63	97	53	68	157	69	38	52	97	50	46	61	125	63	76	75	134	116	32	132	38	141	54	116	155	31	126	96	55	51	103	124	96	96	105	73	117	74	101	118	139	84	156	140	92	97	81	196	118	81	117	123	101	101	146	112	121	93	270	122	111	129	55	95	85	89	45	61	51	177	96	243	125	123	130	101	69	180	45	67	64	110	71	124	70	61	127	151	75	89	106	75	60	176	95	54	77	86	110	160	171	132	69	91	87	142	107	68	108	204	75	89	145	174	85	81	135	59	55	159	101	81	209	133	101	44	122	125	125	158	87	74	96	151	96	92	160	193	131	116	199	117	150	78	158	69	175	79	135	57	87	104	132	72	63	161	82	169	64	123	152	121	66	102	109	107	101	61	132	96	91	33	113	132	61	112	81	133	81	101	126	78	49	56	67	79	86	35	103	104	64	135	77	88	135	82	116	54	177	24	82	71	93	80	44	129	91	100	133	152	96	121	59	71	113	61	96	207	55	131	146	70	88	81	104	108	127	130	197	99	153	189	99	31	159	127	156	138	119	125	51	115	88	51	172	133	127	41	110	151	109	72	162	63	126	57	92	126	148	62	25	80	139	132	159	82	129	139	108	116	105	105	96	167	104	117	121	90	117	132	78	94	117	116	132	80	174	57	151	170	48	118	146	145	46	103	156	100	73	28	125	104	78	102	158	83	122	99	122	98	137	173	54	170	105	85	76	27	62	85	111	101	74	122	122	62	56	32	145	95	40	49	115	38	137	365	73	91	128	111	114	167	146	101	90	85	67	43	34	110	87	146	50	47	147	90	172	95	131	74	141	59	46	82	83	66	107	110	128	107	115	81	82	120	85	88	85	70	137	79	125	69	37	96	116	83	105	113	77	48	73	74	152	53	73	68	48	85	75	117	105	71	85	77	56	146	112	100	105	36	84	78	145	111	117	129	93	90	95	83	93	150	118	70	88	122	83	60	57	76	123	118	84	82	127	114	89	72	103	31	41	129	81	106	56	94	106	69	89	296	119	172	102	110	47	123	186	106	129	106	109	188	115	99	184	129	148	84	182	130	69	69	162	200	143	103	71	152	116	93	86	92	356	61	129	121	93	148	88	97	138	98	83	165	69	270	149	119	139	137	194	86	87	174	129	88	110	37	79	75	80	93	136	57	82	184	69	126	106	17	63	128	109	36	36	69	65	73	56	74	98	178	129	96	86	93	99	92	140	114	99	98	92	39	68	29	47	113	102	123	31	122	83	76	119	80	90	57	67	85	80	156	70	46	94	63	88	50	133	119
A[T>A]A	34	63	54	53	44	1178	168	236	46	139	292	94	79	41	46	49	28	46	67	49	105	50	64	846	43	36	622	79	140	469	75	33	269	40	678	100	2966	127	86	59	36	67	80	93	101	42	50	154	828	131	267	384	228	719	833	114	79	873	233	463	456	2121	1376	300	75	55	214	108	1336	378	101	37	57	67	83	41	475	83	48	88	79	57	59	46	99	92	78	95	41	31	80	44	51	51	24	42	52	56	41	52	24	66	48	42	82	36	69	39	44	37	76	47	58	87	81	39	63	35	45	54	63	94	46	33	38	30	47	39	102	292	429	689	919	271	110	18	18	55	31	56	65	60	73	41	72	53	53	27	31	79	114	25	25	18	58	63	57	45	31	17	15	48	60	54	67	57	57	41	79	104	28	54	39	47	35	16	101	84	65	84	87	96	56	58	39	27	58	44	76	71	30	53	34	46	39	61	87	81	68	77	77	60	55	35	48	57	12	75	48	25	31	31	56	34	69	83	52	75	36	57	42	81	56	49	56	74	72	33	59	6	28	99	28	67	59	44	29	28	87	38	49	39	43	79	49	70	31	36	53	37	45	22	58	44	59	61	50	89	56	37	93	120	54	2850	353	375	1144	1047	640	100	88	57	69	118	65	62	22	24	84	41	533	109	894	309	144	189	71	57	67	34	34	68	71	77	90	77	63	60	75	33	34	62	35	25	98	33	27	18	114	68	35	55	136	289	167	38	25	2036	313	57	40	228	30	54	40	40	88	47	43	55	51	21	88	48	44	52	72	75	113	32	47	43	47	58	43	98	72	35	50	40	76	62	67	52	35	52	77	65	695	136	39	56	40	26	61	114	80	146	48	33	94	64	61	75	44	69	99	89	69	64	59	38	41	55	35	80	52	20	67	56	58	8	47	526	36	47	155	22	42	28	48	65	72	54	43	58	117	71	38	39	66	26	49	60	26	58	66	41	48	78	86	47	33	51	26	35	76	28	18	24	49	24	23	25	49	34	39	30	60	45	16	67	22	69	21	72	51	40	49	32	36	37	46	61	69	42	61	48	66	30	106	70	81	45	63	70	30	38	31	82	41	40	41	54	62	59	73	48	70	34	100	75	75	81	31	60	49	40	35	25	25	70	60	384	86	63	69	57	34	68	24	34	26	57	33	74	31	28	89	103	27	54	121	42	26	82	38	31	56	55	47	69	80	66	51	48	65	68	67	36	61	65	36	40	71	99	66	33	66	38	29	88	56	41	79	70	56	32	66	52	65	53	55	53	42	81	62	59	84	85	74	52	88	50	89	29	110	44	89	37	47	38	44	33	97	26	39	68	46	79	50	62	76	71	32	52	55	51	56	31	60	40	42	27	65	60	36	41	37	66	54	57	69	39	39	46	33	45	51	17	40	74	32	67	45	105	76	77	80	36	93	16	35	41	53	41	30	50	44	49	56	89	55	70	26	40	69	24	38	108	48	54	81	61	48	44	58	69	50	65	77	37	45	85	55	19	78	87	69	65	59	102	28	294	55	17	114	65	41	20	59	76	70	49	80	49	61	27	53	51	78	52	21	38	55	52	63	39	79	51	50	59	66	51	45	94	64	70	58	48	73	55	40	43	65	59	72	44	55	27	54	89	42	63	76	76	28	60	101	31	49	15	570	1870	181	405	977	56	770	117	952	210	1473	1273	29	75	36	33	36	26	37	48	75	37	31	56	67	38	41	29	90	49	29	26	61	16	75	378	30	41	59	73	76	77	58	42	41	37	20	21	17	61	32	79	32	38	73	28	77	56	64	45	57	30	30	56	83	35	91	47	56	79	34	45	40	70	42	32	37	78	78	44	74	37	18	50	47	32	46	51	32	32	34	43	88	29	20	42	58	37	39	63	53	35	46	38	35	95	50	44	47	209	62	41	50	52	50	55	55	46	32	45	63	61	83	35	77	58	26	34	36	36	59	44	50	50	69	49	47	50	71	22	28	56	68	50	25	47	49	48	49	113	45	99	41	60	25	55	104	55	69	55	62	69	39	36	81	54	73	45	79	68	29	27	46	88	60	49	29	74	61	38	75	409	1057	325	454	160	57	103	74	48	66	53	61	99	41	818	131	68	53	51	77	61	60	82	70	31	63	24	33	42	39	40	62	23	28	397	34	56	46	23	47	55	81	20	37	48	39	28	19	59	59	87	64	49	40	65	50	56	71	55	56	63	68	29	85	21	24	46	39	63	11	61	49	38	59	46	39	37	25	45	37	72	45	20	56	39	47	28	62	84
A[T>A]C	17	35	24	26	30	180	42	51	35	91	51	47	43	40	32	38	28	24	44	28	57	27	31	127	23	17	103	24	39	70	26	18	54	22	105	24	398	45	18	29	17	19	34	28	28	27	36	40	122	58	59	60	61	123	168	53	31	164	43	91	62	308	233	143	32	21	31	34	180	53	56	15	34	30	42	24	107	45	35	55	25	28	24	36	48	47	45	50	18	22	54	34	31	27	15	31	30	27	25	30	13	37	22	21	39	22	35	22	16	29	55	19	28	44	39	23	30	8	36	30	27	56	32	20	19	30	31	27	43	60	56	128	143	57	50	13	12	29	10	23	31	27	39	41	36	45	36	13	17	47	55	9	21	11	34	37	36	27	27	12	14	28	30	32	38	29	30	33	43	47	12	30	22	33	12	10	39	41	30	58	40	49	34	30	17	15	30	25	45	32	26	31	21	30	28	13	34	29	33	49	46	34	40	25	31	29	3	50	22	16	15	14	26	20	25	48	34	43	12	32	27	43	23	25	48	15	33	15	32	5	14	57	32	29	27	35	7	13	20	21	27	25	36	48	27	56	12	15	29	16	26	8	40	17	39	31	25	42	25	27	34	59	23	385	36	75	142	137	107	29	36	21	40	71	25	27	12	6	29	27	77	38	701	56	72	39	43	37	39	23	28	37	45	40	42	41	33	34	46	24	20	39	22	11	51	16	29	15	58	32	12	14	40	54	41	10	18	234	56	22	14	57	18	34	18	28	52	26	26	25	25	11	40	33	12	36	38	28	59	17	31	31	26	28	22	65	46	13	18	16	26	32	31	30	23	26	33	29	79	28	18	17	25	17	27	25	38	43	29	18	33	30	36	38	31	33	56	64	48	26	35	17	31	33	23	39	36	5	42	36	34	9	21	95	32	22	35	15	17	16	31	43	48	23	26	33	46	37	19	17	17	15	37	42	13	35	36	14	23	30	60	21	19	20	10	22	38	12	11	17	27	13	12	11	29	19	22	19	39	20	7	33	13	35	13	47	26	22	30	26	18	18	25	45	32	26	29	32	26	18	28	39	35	23	39	23	13	24	19	55	33	16	28	26	34	27	51	27	34	19	88	42	30	53	12	32	25	26	15	9	16	43	29	176	43	33	35	29	22	39	19	22	14	25	16	45	23	11	47	60	25	31	51	18	14	40	25	16	30	26	24	44	45	33	22	19	26	43	24	18	28	35	22	21	34	52	32	19	30	17	22	47	31	24	51	38	33	17	28	30	35	35	22	26	15	40	29	24	46	58	33	35	41	32	51	17	47	35	57	15	29	25	27	15	46	14	21	29	24	38	22	32	33	30	10	24	17	32	27	22	45	26	20	14	25	32	19	28	24	40	37	30	42	22	15	14	21	24	17	12	26	32	19	33	23	26	39	23	27	22	54	9	17	22	30	24	12	30	23	22	42	38	25	27	16	27	37	14	25	61	20	32	54	31	21	14	22	35	32	39	64	23	42	53	23	19	37	48	30	41	28	40	14	71	32	11	48	34	32	11	50	27	27	28	53	22	30	23	31	22	31	14	15	25	18	36	32	25	38	33	32	28	23	21	22	48	31	40	28	26	34	22	21	29	19	32	24	24	33	14	25	40	12	37	23	36	14	28	51	19	18	15	114	283	53	75	134	25	131	34	112	45	227	212	14	41	34	15	17	17	21	20	34	21	19	32	33	27	13	7	45	31	18	14	27	2	44	241	22	20	31	38	38	51	28	21	19	16	21	12	9	19	24	51	13	13	25	23	39	20	28	31	29	20	13	16	22	19	40	37	25	28	25	20	12	44	25	22	21	28	31	20	32	22	7	27	21	28	24	26	29	17	14	22	49	20	10	23	35	23	17	28	30	20	32	28	20	35	32	28	22	44	22	31	38	27	34	35	27	39	24	18	22	43	46	17	24	27	14	12	10	17	39	25	24	26	36	28	25	32	37	8	17	45	26	32	6	24	27	31	28	85	22	41	29	35	15	29	40	25	38	27	43	48	30	24	36	32	39	34	46	35	21	14	42	43	30	37	19	47	31	23	31	91	310	31	83	44	27	44	26	24	43	29	32	36	15	153	58	37	38	32	33	26	25	41	28	31	32	11	31	17	12	19	40	14	23	83	23	53	38	8	24	29	34	12	8	28	19	22	9	23	38	45	43	18	25	34	21	28	44	44	30	23	22	9	23	9	14	19	29	36	11	25	23	19	36	12	27	19	21	30	19	46	13	11	20	26	24	12	25	48
A[T>A]G	27	72	44	50	29	787	128	205	42	132	146	87	61	59	30	63	34	49	82	55	77	45	49	513	31	49	439	63	89	257	52	49	206	22	468	88	2311	84	62	31	31	59	49	68	74	39	41	107	481	108	193	361	172	468	507	62	41	765	140	270	345	1755	1093	143	67	54	162	86	827	241	77	34	60	46	84	36	489	71	56	76	49	63	49	55	81	49	68	73	26	33	80	28	43	40	17	27	52	43	36	37	15	72	48	36	70	38	64	28	26	32	64	41	37	88	57	36	56	14	39	38	41	81	48	30	29	21	27	41	75	152	243	534	506	199	69	11	23	45	15	44	51	59	66	53	71	46	55	18	26	52	77	17	24	20	72	57	47	30	41	11	16	30	57	45	68	40	46	42	63	82	25	48	28	37	36	16	58	72	49	68	47	92	54	57	32	26	59	32	49	59	34	42	29	44	39	57	75	56	57	81	56	53	48	34	46	48	6	74	42	24	13	25	52	28	51	71	56	61	24	65	49	65	44	27	55	57	40	30	58	10	25	91	34	43	43	36	22	21	36	44	43	34	38	73	37	74	31	24	53	41	43	12	43	17	47	38	31	56	40	38	68	96	34	2163	222	240	707	621	525	82	65	52	61	102	42	50	21	26	55	42	283	84	889	243	136	105	77	45	44	37	47	48	65	74	62	66	57	54	74	33	41	55	27	35	80	42	36	34	93	65	31	43	96	175	118	25	18	1281	191	53	31	143	26	59	45	38	53	38	40	54	38	26	60	50	35	32	69	59	30	33	41	44	46	58	38	76	51	32	32	37	62	51	52	50	32	55	59	47	342	73	42	35	39	19	70	64	67	91	43	24	74	54	52	47	50	44	79	76	43	47	50	33	30	48	37	67	43	8	51	54	52	6	32	457	37	41	112	19	26	26	47	56	56	37	45	53	100	79	31	33	48	23	40	61	24	68	52	30	28	65	73	37	19	45	28	24	46	15	15	22	40	19	15	17	55	32	33	26	66	32	16	55	16	62	20	48	51	29	44	39	27	46	43	71	45	35	54	42	64	33	110	60	66	36	61	55	29	53	39	86	41	48	43	40	66	47	56	54	46	37	93	58	40	69	34	47	41	28	27	23	40	60	40	55	58	73	53	51	33	84	22	23	23	50	23	48	29	18	64	82	30	55	117	40	25	55	41	23	40	41	43	55	62	42	45	41	52	69	42	36	50	59	41	35	61	88	46	35	53	27	26	63	48	37	65	53	45	16	47	54	50	46	46	36	33	70	46	45	76	62	76	51	89	56	66	27	64	36	68	45	43	34	38	27	67	36	31	80	30	53	33	66	59	50	23	44	48	45	35	39	60	41	42	23	64	54	29	41	32	64	41	42	63	42	25	32	31	33	31	11	43	42	20	48	39	77	66	46	40	24	66	17	38	36	44	45	17	45	34	33	54	77	37	51	22	42	46	25	28	104	26	47	88	43	51	48	42	46	44	53	77	42	57	83	37	21	62	60	51	62	66	72	23	274	34	18	86	52	40	16	42	50	66	49	80	35	45	23	44	53	70	29	26	45	49	47	51	39	73	50	42	45	43	35	40	82	46	68	63	43	65	36	29	56	42	58	59	35	58	41	41	74	34	60	71	72	32	52	83	41	41	15	433	1723	136	340	580	41	672	81	634	136	1102	989	31	69	39	36	39	20	32	35	66	37	28	53	50	43	38	15	65	57	32	17	38	6	64	83	25	32	58	45	50	55	70	34	45	35	20	25	18	25	32	55	25	29	59	34	65	46	44	47	64	29	28	36	79	33	59	42	55	47	41	26	19	54	51	34	35	70	67	35	60	34	15	39	43	34	47	42	27	26	33	34	71	26	19	45	35	33	25	54	49	27	46	35	27	67	51	43	32	205	48	46	57	56	40	57	46	64	28	33	44	57	56	32	46	61	24	35	30	25	46	43	49	44	59	38	37	80	43	20	25	61	31	48	27	35	29	40	35	125	40	75	38	56	31	46	71	39	49	53	68	82	40	33	64	43	51	46	73	68	22	33	51	91	55	48	30	70	54	48	56	370	582	190	423	122	65	85	48	37	55	44	39	67	30	591	89	51	48	67	69	46	51	57	52	37	55	23	33	26	35	37	62	33	28	185	40	56	38	23	58	51	58	20	26	39	34	29	11	51	41	55	60	41	33	88	73	49	71	45	61	38	37	35	68	13	22	45	43	61	14	54	45	30	50	28	50	32	23	37	36	43	45	30	45	37	40	20	51	59
A[T>A]T	37	72	67	49	62	333	97	106	61	194	131	127	98	59	61	90	60	53	93	60	111	52	58	268	55	53	214	61	92	196	87	42	135	47	228	66	758	92	51	70	40	99	76	103	69	48	51	70	293	98	126	126	119	249	295	109	64	333	100	153	135	585	379	257	61	58	106	64	342	129	121	33	55	58	109	54	194	95	60	77	113	62	62	61	97	91	88	90	42	45	84	62	42	76	31	35	84	60	47	55	27	91	42	49	96	49	80	44	45	58	94	50	64	100	85	52	77	43	60	37	58	90	50	32	63	50	51	69	94	133	154	219	255	103	61	19	25	77	28	51	89	75	70	75	69	57	63	29	42	71	129	18	36	15	78	71	66	54	49	27	34	50	61	78	98	63	65	67	86	119	29	40	45	45	51	19	101	101	66	108	93	95	63	88	42	30	65	45	79	97	55	50	41	35	51	40	59	66	70	80	60	70	99	50	54	74	10	99	42	43	30	41	64	38	67	91	63	92	44	58	58	90	39	51	80	60	88	37	77	16	42	142	49	59	61	49	33	22	80	53	57	29	61	96	45	144	34	38	82	52	73	26	71	49	79	58	67	93	52	43	70	117	42	721	87	155	331	259	207	83	97	33	69	123	44	49	29	39	69	53	177	78	1038	111	146	86	71	52	77	60	52	86	74	71	119	91	65	53	82	49	36	73	50	27	128	37	40	26	98	86	41	36	101	90	80	33	30	468	145	70	42	139	34	52	58	52	105	34	57	58	45	30	83	69	44	62	81	87	80	43	65	54	50	68	72	154	67	37	53	31	78	65	60	85	42	77	78	61	202	89	43	31	47	33	51	53	60	95	56	30	111	56	81	89	55	81	107	100	84	60	69	41	72	76	45	69	63	17	69	60	63	14	47	169	45	65	68	40	39	29	46	72	88	60	72	62	106	96	33	51	50	27	57	68	21	56	81	28	45	88	108	45	39	75	38	39	86	41	15	31	56	31	24	27	64	55	76	31	110	59	22	62	24	106	24	53	66	47	63	49	36	49	76	86	47	46	79	57	38	45	79	59	79	55	73	70	32	53	35	115	56	32	59	65	69	58	78	55	58	41	250	76	64	94	43	58	50	43	38	25	31	100	64	273	99	49	85	55	38	82	41	38	69	65	48	80	40	31	90	135	35	54	83	45	40	105	60	34	59	58	54	83	90	68	50	54	68	66	62	34	97	77	55	29	95	100	64	42	61	32	36	103	64	51	114	61	50	35	73	56	71	66	65	52	44	106	43	56	88	135	65	82	95	59	97	44	96	52	89	53	68	57	34	32	89	43	47	78	40	85	51	76	80	83	38	59	56	41	61	47	80	72	40	21	64	76	58	60	50	93	51	62	91	44	27	49	36	46	47	26	54	100	33	62	51	57	85	50	83	29	129	28	49	54	68	46	25	68	57	58	67	141	47	66	35	48	72	42	58	128	54	82	123	58	64	56	95	61	50	90	108	47	63	111	59	24	99	88	84	78	76	67	32	121	52	28	90	84	77	22	81	73	75	41	114	49	70	26	56	62	101	51	23	50	65	57	66	69	67	57	54	56	69	54	57	92	58	74	69	41	50	53	36	44	59	52	81	53	48	39	61	96	40	82	64	104	39	65	97	38	40	16	196	523	88	142	298	60	248	54	218	91	362	379	30	87	46	34	41	27	69	52	59	45	43	54	70	51	43	34	76	57	26	25	63	18	108	390	28	58	62	78	59	91	70	55	46	47	32	11	20	41	39	107	40	42	98	34	86	58	47	59	65	33	35	42	46	42	69	47	52	81	46	54	38	94	49	33	42	55	87	44	82	37	20	66	61	35	55	53	50	31	44	38	68	30	30	59	44	42	38	69	65	31	59	39	24	136	61	45	57	70	65	38	82	91	56	100	52	74	39	49	43	91	69	33	123	76	29	31	34	30	83	59	50	75	101	53	49	56	101	20	33	79	57	55	24	58	38	47	60	193	51	96	42	57	32	93	119	58	45	67	89	124	47	55	101	64	74	52	106	65	39	32	69	110	66	59	30	77	81	41	56	144	580	113	165	81	66	93	48	58	73	66	36	83	42	258	140	82	57	90	76	64	60	100	79	67	62	65	34	37	28	47	91	36	35	192	36	74	56	44	37	62	76	22	31	23	37	48	33	129	61	79	74	42	47	112	71	89	96	56	48	74	60	54	66	26	48	57	37	69	13	67	62	29	89	48	53	30	34	63	31	88	54	46	72	56	49	36	81	96
C[T>A]A	19	51	27	42	32	1850	237	383	23	102	271	57	59	33	35	30	32	31	50	32	76	25	55	1440	26	25	975	65	138	633	52	25	360	28	1029	109	5196	117	65	59	39	53	57	79	114	31	37	196	1191	175	429	689	252	1075	1209	90	41	1437	258	685	667	3424	2319	255	84	74	308	131	1839	600	71	23	33	33	57	30	950	67	34	46	51	50	28	46	56	53	65	68	20	34	50	23	30	47	12	19	30	29	31	32	6	38	33	25	83	21	41	21	22	28	52	32	32	53	58	17	42	20	41	28	34	74	37	27	20	31	28	40	56	363	511	1136	1369	423	89	10	24	29	14	37	47	36	48	25	52	53	31	23	24	56	79	17	31	11	49	62	42	35	24	9	15	18	45	29	46	29	35	34	54	76	26	33	28	31	18	17	69	65	39	56	36	69	49	49	28	21	49	21	60	42	23	26	21	35	21	74	96	68	36	60	59	46	43	34	23	50	3	51	38	24	23	24	40	27	45	47	36	42	21	31	19	60	30	26	50	65	43	14	35	9	17	59	21	44	38	24	28	23	37	36	35	34	32	64	33	59	28	22	37	19	41	16	35	14	48	23	30	55	38	28	61	96	35	4881	533	533	1701	1569	1047	88	44	54	40	70	30	49	27	24	56	44	707	92	1054	468	146	210	25	30	38	22	41	35	49	61	50	54	44	32	65	21	33	42	36	14	81	33	30	21	60	47	27	66	124	410	213	25	19	3050	408	64	19	299	21	17	36	36	68	29	30	39	20	22	47	38	29	27	36	39	24	21	35	31	28	42	37	85	44	14	32	20	50	32	45	38	29	58	77	54	976	113	35	73	57	21	58	123	72	158	31	36	57	38	40	43	39	41	59	63	37	54	48	34	32	41	28	43	25	13	36	43	39	6	28	925	29	47	259	13	28	20	33	55	48	34	26	26	93	64	21	18	30	12	48	47	12	55	54	25	31	46	47	21	17	37	21	26	42	13	7	15	23	16	21	16	31	34	30	21	41	34	8	48	13	63	19	48	41	25	31	27	37	27	52	48	31	24	40	26	55	24	142	42	42	25	40	53	26	32	23	69	38	25	34	27	57	33	49	35	35	22	80	46	38	54	25	46	38	25	16	7	16	68	39	62	60	30	41	42	15	43	24	24	33	54	11	43	22	14	52	93	28	50	226	42	24	44	38	22	53	27	29	48	52	48	29	24	45	55	43	22	44	53	32	24	47	73	35	19	30	18	20	50	33	24	71	48	36	11	44	39	32	38	29	33	24	62	23	21	56	58	41	39	92	31	52	23	41	32	57	35	40	20	20	14	43	31	27	48	30	42	28	41	54	40	25	28	36	34	33	28	62	40	33	16	44	42	19	38	26	42	30	39	54	26	26	33	23	25	37	14	26	46	24	48	24	139	71	54	55	32	59	7	24	23	28	30	22	38	37	23	37	58	40	62	25	24	42	14	27	61	43	35	73	39	31	26	35	52	36	29	51	23	46	73	48	17	50	61	59	40	45	95	15	511	32	19	57	42	41	10	39	35	38	34	66	23	39	11	24	43	55	26	8	29	49	45	36	36	37	36	32	39	47	26	22	84	37	41	40	34	32	43	26	41	33	50	38	29	43	15	42	55	27	38	55	59	24	33	69	18	30	17	965	3302	329	692	1556	95	1416	152	1605	253	2400	2192	23	49	28	28	38	25	45	21	37	29	24	40	42	27	35	18	55	44	22	17	45	16	64	74	31	37	40	46	38	53	49	44	30	28	23	15	11	27	36	55	12	23	43	31	56	35	34	34	32	23	10	19	91	25	68	47	40	36	33	26	20	60	36	26	24	127	43	30	61	21	7	35	29	22	21	32	32	20	18	27	45	16	22	40	18	33	22	48	46	18	22	21	26	52	36	28	35	311	40	31	37	52	32	70	32	39	30	36	32	51	55	14	38	49	20	27	21	34	36	41	16	41	57	43	23	33	49	18	32	56	25	27	21	25	31	25	31	103	31	39	22	29	41	38	61	48	30	41	52	56	27	32	40	30	43	39	53	35	25	15	42	81	34	33	17	59	31	25	112	720	1320	422	704	182	32	88	72	42	49	31	33	63	19	1285	81	37	30	44	57	38	57	37	36	28	41	20	33	24	23	38	46	28	21	448	28	35	32	20	38	51	40	14	22	27	21	25	19	44	40	35	31	35	30	63	37	38	57	21	35	30	48	27	104	17	18	45	24	46	11	38	32	24	69	30	21	10	7	33	22	32	34	14	32	31	24	19	40	47
C[T>A]C	20	49	41	37	43	629	109	132	31	141	119	84	80	41	41	66	34	46	73	42	69	30	49	399	37	26	355	49	86	197	57	28	153	31	357	53	1825	59	42	44	23	63	49	66	63	30	40	69	370	114	179	334	143	416	408	81	42	614	131	236	222	1235	1007	142	60	45	151	67	582	190	64	29	40	39	77	36	383	57	38	64	37	45	43	39	67	54	62	57	19	28	65	43	31	44	21	37	48	36	30	47	7	51	43	26	59	27	48	35	32	29	81	29	54	58	66	36	42	22	37	39	38	76	50	31	27	34	33	46	55	133	170	399	404	158	68	13	18	35	11	45	52	48	59	35	43	37	49	22	25	39	98	17	22	17	58	66	49	35	41	12	19	32	51	52	55	48	49	36	77	77	34	53	32	32	29	16	68	76	38	72	40	81	56	60	31	23	34	41	53	68	49	36	25	41	28	37	65	57	39	51	52	59	39	35	42	48	8	83	31	29	14	30	39	31	37	57	46	75	26	36	37	59	43	35	51	50	56	20	51	8	32	87	21	42	47	25	27	17	42	46	38	30	37	84	30	54	27	27	41	30	39	20	42	27	42	33	36	75	33	35	62	82	38	1868	125	203	433	528	413	54	66	29	48	88	40	26	23	23	62	45	223	75	847	192	113	79	46	37	64	30	41	57	72	67	47	76	57	50	64	31	29	45	29	25	78	38	35	22	57	55	29	36	69	146	106	27	25	1033	169	54	25	87	21	46	45	39	68	43	34	49	20	27	64	48	35	44	47	36	28	30	32	38	26	48	37	79	55	23	42	27	63	44	39	54	25	49	50	44	244	52	27	32	41	12	45	47	55	82	36	17	74	29	62	63	33	46	80	87	52	49	48	43	37	49	25	55	45	17	41	43	44	11	19	387	39	62	101	22	41	24	30	49	57	39	45	38	68	74	19	33	35	24	52	44	21	43	44	28	42	46	69	34	23	45	19	33	51	17	21	23	35	17	10	17	35	40	28	29	52	46	16	52	22	73	16	49	51	19	38	30	39	20	42	56	40	29	52	32	46	28	79	53	54	34	41	47	26	42	21	80	41	27	50	43	60	35	56	36	32	29	110	46	59	56	38	49	36	36	17	14	23	44	40	79	72	42	51	55	25	50	19	26	42	46	23	62	28	12	60	91	28	49	106	27	18	71	34	29	34	44	58	56	56	43	35	31	43	60	41	33	55	58	35	21	65	99	38	35	48	26	35	70	32	43	83	55	49	23	46	55	54	39	35	36	25	53	40	46	62	87	54	44	85	43	73	21	69	36	68	29	46	32	28	20	53	32	28	63	25	41	37	53	51	49	33	38	50	47	42	36	64	55	31	12	50	69	24	47	27	81	43	31	71	22	33	30	28	50	44	21	47	65	17	41	23	64	59	33	41	25	96	12	30	39	41	28	26	50	34	31	51	77	33	49	20	33	40	17	43	86	21	47	62	50	50	42	38	63	35	40	68	40	55	72	47	20	79	57	54	41	51	66	19	225	37	12	61	64	49	22	57	50	41	32	80	48	42	18	48	49	66	27	19	31	40	42	50	39	60	39	39	44	49	47	32	89	36	55	48	44	44	40	30	35	37	43	51	30	42	19	48	59	29	44	67	65	33	36	62	32	33	18	346	1403	107	289	451	72	575	66	532	104	954	807	22	48	32	28	39	19	38	26	52	35	31	55	45	26	25	20	67	41	20	21	56	12	70	106	33	54	39	53	43	44	46	51	43	32	24	13	13	25	29	58	24	24	67	26	63	64	40	38	49	36	31	24	52	26	46	40	51	49	27	24	14	63	28	30	43	69	55	37	56	38	13	46	39	26	37	46	27	29	37	27	63	25	24	36	28	35	26	50	40	34	38	32	16	68	42	44	44	162	48	29	57	62	37	64	49	42	32	38	49	71	51	27	74	53	14	30	38	41	46	52	27	29	54	45	32	36	64	17	24	51	35	34	22	40	30	32	33	147	44	62	29	39	39	45	73	44	48	52	55	72	34	35	55	39	50	42	78	52	30	18	56	69	51	43	17	48	32	26	49	326	491	125	309	86	43	62	44	39	53	46	41	69	25	429	73	55	51	70	42	44	40	37	40	29	53	42	31	28	31	39	62	42	32	158	27	66	54	17	22	49	51	20	19	26	54	29	15	50	45	68	44	40	32	42	52	40	73	73	46	52	45	33	63	14	21	39	32	64	9	42	29	34	86	28	41	23	27	38	26	50	32	24	39	30	32	20	61	63
C[T>A]G	25	63	57	52	51	1705	211	356	32	105	200	89	78	46	41	56	37	44	86	55	92	36	54	1104	37	37	947	75	124	518	68	55	429	33	1089	146	5657	88	79	60	48	76	64	71	86	51	29	157	981	196	438	840	333	1028	1054	116	61	1692	274	538	631	3926	2743	285	69	76	356	155	1780	578	69	34	56	51	85	32	1268	74	42	53	74	60	44	61	71	67	68	102	24	54	78	41	53	59	17	34	54	42	33	52	15	55	43	46	107	32	74	41	34	39	78	46	51	61	74	50	50	29	44	45	63	78	55	30	33	32	31	58	79	299	457	1085	1034	450	107	12	27	46	21	45	58	55	61	49	71	39	42	21	32	72	94	15	36	20	80	58	60	33	40	20	25	47	55	63	73	57	53	46	90	84	39	50	30	45	38	17	93	66	53	47	56	92	61	67	36	46	40	36	69	85	43	40	28	42	36	87	111	69	60	69	82	61	66	43	61	67	11	81	42	32	23	35	44	32	55	80	57	91	33	52	35	84	49	51	72	85	52	18	75	14	24	103	32	54	51	48	25	25	60	40	47	26	39	74	29	71	33	33	48	39	47	24	40	27	48	48	40	80	42	38	60	93	59	5581	394	493	1447	1507	1299	123	60	77	71	120	54	40	27	43	68	26	543	90	1289	534	152	161	64	39	47	48	36	60	86	66	51	77	58	65	64	32	28	62	32	21	108	28	47	30	86	74	35	59	111	399	226	29	43	2977	390	58	22	196	26	48	52	39	99	39	51	58	37	21	72	51	33	33	63	58	17	23	32	52	49	52	54	94	53	32	48	47	61	40	54	46	35	54	73	57	677	78	39	43	56	22	94	97	63	169	41	27	67	55	70	64	47	54	81	108	48	60	48	38	46	49	40	78	38	18	46	53	42	10	34	1211	40	61	211	31	39	29	46	53	60	47	49	51	133	72	38	38	49	19	75	56	31	61	58	24	50	62	61	40	24	47	25	35	56	25	20	11	39	24	34	11	56	45	39	39	63	48	12	62	23	74	20	54	47	21	57	38	39	45	62	54	44	37	50	44	48	49	154	43	56	38	56	77	24	54	36	92	33	42	55	49	75	46	57	54	49	30	107	86	45	70	26	54	43	43	29	25	29	78	51	101	70	55	51	53	21	68	22	35	26	46	45	67	35	10	58	95	48	63	249	38	20	69	48	29	48	36	59	72	70	52	48	50	51	72	54	24	68	56	49	35	73	88	37	30	60	16	24	84	43	34	93	68	41	26	77	52	50	44	40	41	39	73	40	39	85	72	65	70	113	52	62	28	63	36	72	32	71	36	33	31	60	32	31	71	40	66	31	62	82	59	39	34	50	45	36	39	59	43	41	27	61	52	41	35	38	51	56	31	65	41	35	33	34	31	46	19	36	84	24	67	27	129	60	49	55	36	97	21	41	42	52	22	18	55	48	41	64	79	51	83	9	40	73	30	30	91	32	50	76	33	50	37	49	53	44	71	80	40	72	70	43	19	83	61	57	71	75	95	28	652	50	19	93	65	44	11	47	73	65	47	70	36	51	15	44	50	80	42	16	34	65	52	64	50	60	43	46	59	65	41	37	85	51	75	45	52	59	53	44	54	40	47	50	50	56	26	60	79	38	47	57	80	27	60	98	30	29	16	1012	4275	286	821	1361	95	1722	146	1368	198	2616	2465	25	65	39	38	35	19	64	41	52	21	26	59	52	37	37	29	95	51	22	23	44	21	75	87	42	51	64	49	42	53	59	61	44	36	32	21	19	42	38	69	35	42	71	42	74	58	56	50	67	35	29	34	152	28	76	46	51	72	56	25	48	70	45	43	36	124	69	33	79	44	12	56	35	30	41	40	32	36	39	26	71	22	22	48	32	34	45	65	46	34	32	40	29	86	53	28	51	500	55	42	61	71	51	75	50	56	41	50	47	63	56	21	77	52	35	33	46	44	63	60	40	59	60	48	33	42	57	21	37	68	38	36	16	46	46	42	44	152	59	87	44	47	58	51	86	52	46	51	55	86	30	39	80	53	63	56	69	61	31	30	65	82	59	36	41	66	54	49	102	947	1269	292	1009	200	62	106	78	57	80	51	39	94	30	1180	74	58	49	63	67	52	74	82	57	35	68	36	60	37	38	54	84	37	30	387	27	64	59	28	51	73	63	23	37	45	34	31	28	80	59	59	61	43	45	76	70	85	72	48	51	69	84	47	122	13	40	50	28	62	18	56	50	41	78	33	40	22	26	59	36	52	32	26	66	32	46	17	68	66
C[T>A]T	24	78	41	47	38	739	124	163	47	166	111	90	84	57	28	60	43	42	91	49	92	38	84	453	30	31	409	69	96	265	65	31	185	40	396	81	2131	65	58	56	35	72	65	78	62	29	45	97	461	117	224	337	154	417	502	73	56	681	129	266	287	1419	1061	154	64	40	141	97	728	271	72	36	51	53	92	42	469	77	50	90	61	59	57	52	95	83	74	75	26	50	70	64	40	70	30	43	63	53	39	51	12	74	43	39	86	32	52	38	36	23	68	35	63	71	74	38	56	24	48	46	56	97	46	31	36	43	51	43	80	140	224	468	482	193	69	7	22	44	18	53	38	52	67	61	53	55	47	18	28	63	116	21	30	18	75	68	40	39	37	15	25	41	65	46	67	46	59	53	69	84	27	46	27	33	32	18	86	91	64	93	69	84	65	52	31	39	53	39	66	73	40	52	22	51	44	43	67	72	55	72	76	65	58	40	60	60	7	77	49	38	33	22	50	47	53	78	61	68	38	50	47	77	44	31	86	56	57	26	74	7	26	89	38	50	48	43	24	19	67	45	41	39	48	83	28	80	34	28	73	44	51	15	46	36	48	38	42	90	43	28	73	111	43	2050	196	235	569	609	508	78	82	56	57	108	53	47	25	32	59	50	257	73	1271	246	130	102	49	38	56	41	46	68	77	61	63	80	56	32	81	41	30	61	49	25	88	35	31	30	79	57	33	58	105	172	118	29	22	1041	205	52	37	131	26	52	39	43	102	39	43	50	34	16	71	60	37	39	73	59	47	38	41	53	50	47	56	120	68	30	44	38	81	60	49	71	33	64	62	58	312	62	37	38	51	27	53	78	68	113	48	33	80	59	68	59	42	47	89	96	59	58	52	41	38	72	64	76	49	14	52	47	51	12	54	511	46	44	110	25	26	21	64	65	77	50	42	46	88	92	40	41	43	24	65	60	21	62	66	25	35	87	86	38	23	50	32	27	82	25	19	19	43	28	30	24	49	53	36	36	66	48	16	58	19	80	21	58	54	39	43	29	40	35	42	77	42	34	62	37	41	30	90	62	61	45	69	69	35	44	40	86	45	41	47	48	68	50	74	44	45	31	121	59	44	83	39	47	50	32	31	18	34	75	40	68	68	54	66	41	24	56	34	35	36	51	27	61	48	28	96	93	26	43	121	45	22	76	50	19	39	52	55	59	82	65	56	34	58	52	65	39	73	77	36	30	69	74	57	36	43	27	29	120	51	45	96	72	55	20	59	46	53	43	45	41	48	90	50	62	57	93	59	52	107	68	91	39	85	49	92	42	65	32	40	33	66	45	47	56	38	73	38	64	61	62	33	38	59	42	43	40	66	62	39	21	58	73	34	52	44	78	56	48	70	42	35	33	23	36	45	17	39	75	27	59	37	84	90	45	66	36	98	22	35	33	51	37	18	53	50	53	54	82	40	60	20	47	53	24	45	102	47	62	74	40	56	54	39	55	51	58	82	36	60	97	42	22	66	65	64	66	58	78	26	302	40	18	94	69	64	14	64	59	50	51	99	35	55	19	62	54	78	53	20	55	58	48	58	40	66	50	54	57	39	35	41	104	56	56	55	34	38	56	42	45	53	48	73	40	51	25	59	65	42	57	75	73	40	55	88	51	44	20	401	1569	138	295	583	70	667	74	611	116	1041	989	32	72	47	34	44	22	67	30	63	54	33	59	62	53	37	30	78	56	37	26	56	21	83	98	31	43	66	54	65	88	52	52	43	41	38	30	14	48	41	66	35	35	93	29	82	42	60	40	60	25	39	36	69	32	75	51	60	63	40	44	17	50	41	42	31	52	62	49	76	32	12	41	53	28	48	76	30	28	38	37	60	19	23	51	42	37	39	75	45	27	33	25	26	72	63	50	48	202	55	53	56	58	62	71	58	63	35	30	60	79	73	38	52	54	20	36	47	36	46	52	37	53	64	55	40	50	58	25	30	63	36	37	26	44	21	31	37	171	51	58	56	58	46	73	90	44	47	55	48	72	44	45	70	48	60	47	64	77	35	27	54	95	56	36	27	69	46	34	66	396	519	138	396	150	47	88	54	51	68	61	40	77	26	504	91	63	49	66	60	44	54	65	58	46	65	30	37	36	39	47	63	37	40	182	48	79	53	19	38	61	72	17	24	29	32	37	17	61	49	84	51	31	45	59	63	58	80	56	46	51	55	31	66	19	27	47	36	59	18	49	52	32	72	29	47	25	19	71	31	71	41	33	63	33	39	32	73	74
G[T>A]A	22	28	18	17	27	794	98	137	17	79	144	47	46	22	24	19	16	30	47	32	59	18	23	487	18	20	302	41	60	202	30	21	135	23	415	56	1877	50	45	36	20	45	42	46	49	31	31	73	534	84	207	256	134	488	400	49	22	649	121	265	302	1371	966	123	25	33	162	56	667	211	45	20	45	26	29	17	420	37	25	34	25	33	28	21	34	32	34	46	13	12	42	21	22	19	11	13	30	16	20	22	3	28	14	18	46	20	26	18	15	21	44	13	29	29	37	20	22	9	27	16	24	43	19	10	16	23	19	27	51	186	224	427	539	120	57	8	8	23	8	15	31	22	30	33	26	32	23	10	17	44	58	4	16	9	33	33	25	20	22	8	4	18	33	27	29	17	21	26	49	46	18	21	22	27	15	10	46	45	23	38	23	56	31	37	23	14	34	18	31	28	25	27	8	19	25	27	54	37	23	37	35	32	24	10	17	26	3	53	18	13	9	18	27	12	26	37	33	34	10	22	22	29	18	20	31	28	23	8	29	3	12	44	18	29	28	14	10	9	25	25	26	11	22	28	21	42	12	24	22	26	28	11	30	18	34	26	17	44	23	25	30	53	19	2048	185	200	752	548	448	52	40	22	35	54	10	17	14	19	40	25	269	44	591	194	81	99	31	22	26	18	20	31	37	32	27	34	22	19	45	14	7	21	24	9	54	16	21	16	42	28	14	24	65	171	82	15	14	1074	172	27	16	145	15	24	30	14	47	18	24	16	22	10	30	27	11	16	39	23	29	13	20	22	17	25	22	50	26	12	20	10	25	25	23	38	14	28	32	31	350	62	14	32	25	7	47	57	30	65	27	19	40	28	36	33	22	24	44	52	27	27	28	13	25	30	24	27	17	10	24	33	28	4	14	404	24	28	88	13	15	11	22	32	27	29	22	22	52	31	17	21	26	7	30	28	11	32	18	11	16	29	30	21	18	25	14	17	27	16	4	12	22	12	15	9	33	23	17	17	25	25	12	28	5	28	10	38	24	14	26	21	16	28	21	36	19	15	31	20	32	8	75	28	27	24	28	22	13	28	18	44	32	19	17	17	31	26	35	21	19	20	45	53	23	37	16	29	24	16	8	7	12	25	9	71	47	19	31	17	16	45	9	5	15	33	7	38	18	12	41	49	13	29	93	21	12	36	21	14	17	28	23	35	28	26	18	21	31	28	20	15	36	35	14	14	33	48	15	12	34	12	11	42	28	11	45	37	20	12	27	25	27	23	38	16	20	43	24	23	40	39	33	25	40	19	45	23	35	15	33	15	27	18	15	13	32	18	16	21	17	35	19	37	27	29	10	14	29	15	23	19	32	24	15	10	25	38	17	16	13	33	34	21	32	11	14	12	24	21	26	13	26	38	11	44	21	50	40	32	29	14	46	6	16	18	21	19	11	23	15	27	34	29	20	35	9	20	28	10	12	36	19	23	44	21	17	20	18	31	23	26	45	21	21	41	18	7	36	25	33	38	35	42	8	180	12	6	24	33	28	2	44	28	22	25	41	9	17	16	24	21	34	28	10	16	25	24	29	28	33	17	25	31	23	27	12	48	33	40	23	29	28	22	18	21	28	24	23	24	23	17	30	30	11	32	30	39	20	28	61	17	21	6	373	1412	133	274	533	36	522	94	550	123	968	818	12	39	18	18	14	12	14	19	36	23	12	27	34	15	23	17	49	34	14	12	31	4	45	79	20	22	18	31	27	28	30	21	12	22	11	3	5	17	20	34	10	25	31	20	47	26	24	11	24	9	10	15	37	8	32	18	31	28	35	22	24	25	26	23	16	53	32	22	29	12	7	28	21	18	24	30	15	14	17	10	30	14	12	20	14	16	15	32	28	12	21	15	14	47	29	10	18	156	27	24	26	29	26	24	14	37	16	19	27	39	32	18	37	25	14	18	11	9	20	30	17	11	35	26	12	19	32	9	17	45	19	23	9	17	23	18	28	81	25	35	16	31	16	32	45	24	23	27	38	45	17	19	31	26	31	31	32	41	22	10	23	56	35	23	17	42	24	15	44	290	501	160	319	87	28	50	32	29	36	29	21	34	11	507	44	23	30	23	33	35	37	40	31	11	21	9	20	17	15	17	27	9	14	149	12	25	15	5	23	24	27	6	9	17	9	14	6	27	19	28	32	18	19	36	27	28	35	14	21	22	27	8	49	10	8	23	19	25	5	25	24	14	23	18	23	15	12	16	16	21	17	11	21	19	23	16	23	28
G[T>A]C	9	25	13	16	23	114	18	32	14	57	28	37	34	18	10	27	10	20	31	18	34	8	23	81	14	13	68	15	28	60	23	19	52	14	81	17	334	26	18	14	12	31	20	32	18	20	16	30	104	25	43	56	56	91	111	28	19	140	27	57	61	235	182	69	22	18	29	24	122	42	30	7	18	14	31	17	96	19	22	22	16	22	22	19	37	31	26	28	10	17	41	19	15	22	11	15	22	12	18	14	9	23	13	14	29	11	21	12	9	17	37	9	29	20	27	13	29	9	24	11	20	45	27	9	13	19	13	16	24	39	37	61	84	44	27	3	9	19	10	20	18	25	26	12	26	21	14	5	10	26	36	10	7	3	19	29	17	19	14	3	7	10	16	16	25	23	25	20	29	29	9	20	12	19	7	7	41	30	18	32	31	31	26	27	9	16	17	15	25	30	12	14	8	21	13	17	19	22	24	26	26	20	12	19	23	16	4	38	15	8	8	13	24	15	22	16	28	41	17	24	18	20	16	15	19	14	31	9	20	3	15	38	10	17	17	13	12	9	18	14	24	12	15	28	16	26	10	4	15	13	21	9	15	17	18	24	13	26	28	12	24	45	20	312	29	53	90	109	91	21	18	13	25	34	14	19	8	6	28	23	54	23	323	42	55	33	18	22	21	16	15	22	23	31	28	29	31	22	20	12	10	29	12	17	48	12	27	13	35	23	13	18	27	39	25	13	13	188	44	22	13	36	7	24	12	12	25	20	18	23	17	7	30	29	9	19	31	23	21	19	17	16	17	24	16	53	30	12	18	11	28	13	28	25	18	23	21	13	71	30	12	13	16	11	25	19	30	26	13	14	24	25	25	15	19	26	31	41	14	15	29	17	27	15	19	26	17	5	18	15	11	6	7	103	15	16	23	13	20	11	12	23	18	24	21	16	25	31	15	20	15	4	40	21	12	23	25	9	9	25	34	12	8	27	6	11	20	5	4	4	10	9	6	7	16	11	24	8	16	16	4	29	9	32	3	17	13	13	18	15	10	12	14	19	19	11	16	23	17	20	24	23	23	11	28	26	13	21	13	31	16	15	18	23	23	14	29	21	21	10	50	30	18	29	17	31	14	15	15	9	11	36	14	62	14	24	16	22	14	27	12	12	10	23	10	30	15	6	37	24	13	28	40	18	5	26	14	15	13	13	33	28	31	20	14	17	18	21	17	9	20	28	14	11	26	37	18	14	19	8	7	30	15	11	23	29	22	10	15	16	19	18	16	11	12	28	18	20	22	22	18	13	34	14	34	12	29	15	19	12	23	13	7	8	24	9	11	28	14	37	11	29	20	16	16	14	17	12	24	8	15	18	27	12	26	25	13	20	10	22	16	16	25	14	14	15	16	18	17	7	20	24	6	25	13	13	30	11	24	20	26	9	20	13	14	12	8	14	15	9	24	33	18	11	12	15	25	10	14	30	17	23	32	15	17	14	18	15	17	18	32	14	24	42	17	8	24	21	23	29	10	25	14	51	13	7	33	27	25	12	23	24	23	18	46	19	20	5	23	19	28	12	5	14	18	18	25	21	18	23	23	19	21	10	16	32	15	21	23	12	9	18	7	19	15	12	17	13	18	17	22	22	12	16	20	21	10	14	32	12	18	9	69	255	22	56	107	20	109	25	95	35	167	167	9	23	9	10	14	7	16	9	15	19	7	17	19	6	15	10	30	25	11	11	17	8	22	92	13	15	17	17	18	23	30	19	13	7	12	4	8	11	18	30	11	11	22	14	27	20	17	14	17	8	10	14	11	14	22	17	24	13	9	14	8	28	20	14	8	19	33	11	25	11	12	19	18	13	13	17	18	10	17	4	21	12	15	27	16	17	13	23	12	18	15	12	9	29	23	19	18	34	12	16	19	18	16	20	13	19	17	15	21	23	29	11	14	20	10	13	9	12	20	14	11	12	24	12	10	19	20	9	8	26	16	13	4	15	10	17	17	52	19	30	9	17	8	22	28	16	18	15	24	28	17	10	38	15	21	24	29	21	12	13	20	41	24	11	12	30	16	12	16	65	144	39	61	29	19	31	15	9	29	18	22	23	8	123	39	18	21	21	27	11	16	30	25	7	17	10	21	11	16	21	15	12	12	68	15	38	27	9	18	25	20	8	15	15	26	8	7	23	14	19	23	36	15	25	20	20	31	32	21	18	12	9	18	11	14	21	18	39	3	18	14	19	39	14	19	10	20	14	12	23	8	7	21	10	17	7	24	23
G[T>A]G	15	39	28	27	18	289	57	65	16	65	62	51	46	25	14	38	22	25	45	26	42	24	33	144	19	23	177	31	46	73	37	19	106	17	182	50	757	31	39	41	21	36	39	40	26	29	23	44	172	51	104	180	117	181	188	41	28	407	57	111	145	708	475	94	34	22	85	45	229	98	32	11	27	24	43	28	298	30	26	44	22	30	28	22	44	39	47	34	16	23	23	34	30	27	19	26	27	26	21	18	8	33	48	22	43	19	29	29	25	26	57	22	32	25	24	22	28	11	21	18	24	56	30	28	13	23	25	28	40	78	106	207	171	64	40	12	21	16	11	23	24	33	42	17	26	32	24	9	15	36	54	15	13	10	35	26	31	18	16	8	15	14	36	23	32	24	33	29	38	48	24	23	15	24	17	11	35	46	30	45	33	49	26	28	23	15	34	23	31	31	19	24	15	21	19	31	39	27	28	34	50	24	37	24	33	41	3	45	27	8	11	14	28	17	28	36	31	38	13	19	22	48	32	16	33	28	23	17	27	9	17	53	16	35	30	20	17	20	37	20	23	13	25	41	16	26	15	5	22	22	23	8	25	12	26	28	25	39	21	24	35	57	25	981	62	118	281	208	302	35	41	21	30	43	14	28	12	11	36	25	77	38	477	116	47	47	37	33	36	19	17	39	31	42	32	51	35	42	43	17	16	36	25	15	55	20	23	15	46	27	17	20	32	61	55	17	11	395	82	25	20	69	11	20	29	21	46	25	24	31	26	11	26	22	11	31	31	31	16	19	26	22	19	24	27	51	48	13	11	17	26	29	33	22	18	34	27	24	91	43	11	15	12	12	29	27	50	44	24	13	32	36	33	32	22	32	35	61	33	29	34	18	17	28	26	44	24	8	25	27	23	5	15	212	16	30	28	4	20	20	20	36	34	32	27	24	58	33	18	23	20	16	37	38	12	20	27	14	16	41	39	16	14	24	13	15	35	9	7	10	30	10	10	17	29	27	18	14	28	28	7	31	5	32	15	30	29	14	23	22	22	14	15	33	27	14	32	22	29	14	35	28	34	16	43	31	16	17	14	48	27	21	35	19	36	19	46	24	24	19	70	26	27	39	17	31	22	20	13	10	18	35	27	67	46	27	27	21	12	36	21	13	14	36	12	41	21	14	48	60	17	20	63	18	14	27	20	19	21	20	20	33	26	23	25	23	38	43	26	22	33	34	28	27	33	50	24	20	32	12	14	40	29	13	54	33	14	17	19	31	45	34	22	17	11	44	24	25	43	33	32	32	62	24	39	18	49	16	47	15	20	15	13	12	41	20	13	35	33	28	16	30	27	38	13	12	23	26	26	18	27	25	35	12	52	32	20	22	27	45	27	29	26	15	10	13	23	29	23	9	26	28	17	27	15	33	31	32	26	12	40	10	19	21	27	21	14	28	23	31	36	38	24	24	7	16	36	16	10	64	21	31	40	18	20	30	24	31	34	30	52	24	46	37	28	10	44	42	32	29	44	28	10	158	23	7	42	41	26	9	37	31	34	29	48	33	31	18	34	26	26	16	14	19	26	40	28	19	35	31	25	25	25	24	15	36	18	34	30	27	32	28	19	27	17	21	21	21	28	19	28	51	16	29	36	36	15	30	48	14	22	7	180	921	82	140	182	40	349	30	175	47	455	460	16	32	23	21	25	13	16	19	35	24	17	29	22	18	17	6	33	26	14	6	41	9	38	57	21	17	28	34	22	39	20	34	30	15	16	8	9	19	14	42	13	20	39	18	32	28	28	26	35	19	11	22	40	21	44	16	34	26	20	12	20	47	33	16	15	30	27	13	28	16	8	25	23	18	34	26	21	15	25	16	39	13	8	20	15	15	20	27	35	8	21	17	11	50	26	22	26	193	26	22	30	32	27	43	28	30	17	22	22	23	27	12	27	27	12	20	13	17	32	18	17	23	41	25	18	36	26	12	15	32	19	25	14	24	20	23	22	85	20	37	19	26	17	32	30	25	36	33	35	41	19	18	34	20	35	36	46	39	12	14	30	39	46	25	19	20	23	24	18	228	222	60	222	49	31	44	25	24	33	24	18	52	9	209	52	21	33	33	46	38	25	34	29	17	22	11	19	15	20	23	35	21	17	75	14	36	23	11	22	35	24	9	7	12	22	15	9	31	22	30	30	17	18	35	29	25	46	25	29	27	34	11	32	11	13	25	22	25	5	25	24	23	37	16	25	13	11	16	18	30	20	15	30	22	25	10	39	32
G[T>A]T	13	34	23	19	23	126	35	38	24	75	51	63	41	26	16	24	30	26	41	35	66	25	33	85	34	22	89	27	31	64	32	17	65	6	75	39	337	39	21	30	13	44	29	38	30	25	16	21	94	52	55	75	53	93	125	41	24	147	58	67	68	249	192	67	28	14	55	28	117	56	31	19	19	25	41	29	106	49	26	51	25	21	28	35	38	36	38	35	17	18	43	23	35	23	13	16	26	14	25	21	5	41	20	32	38	13	34	16	13	21	48	22	30	42	46	28	24	14	19	26	25	46	36	26	17	27	26	25	43	55	58	96	100	49	30	4	14	30	11	36	38	38	39	23	34	24	29	8	19	36	56	10	15	7	30	42	26	23	24	8	12	14	28	27	34	24	27	22	40	56	18	26	14	32	12	6	42	40	29	41	29	61	35	37	20	17	18	19	44	31	21	28	12	24	20	26	23	36	21	37	50	37	41	11	18	38	5	43	20	17	7	17	41	19	39	32	30	33	20	22	29	42	20	28	41	17	37	8	39	7	14	48	21	23	27	12	11	12	28	25	35	17	33	45	24	41	17	19	38	14	23	16	25	26	33	29	32	41	26	17	38	56	19	336	40	36	120	93	97	20	30	26	34	50	12	24	12	14	38	23	67	45	642	64	59	27	37	28	34	19	19	33	31	28	37	49	30	29	38	23	16	38	25	18	41	15	16	17	57	37	24	21	45	40	39	21	9	186	63	34	15	56	10	31	26	22	33	25	20	36	18	9	48	24	26	15	36	24	25	22	27	20	23	33	27	72	35	22	28	22	41	21	28	34	21	38	33	29	73	33	14	15	18	11	29	21	30	35	24	16	40	16	25	34	24	36	37	63	27	21	30	10	19	31	23	37	16	14	23	34	37	5	19	93	19	24	34	13	15	14	21	45	40	29	26	23	43	31	16	23	29	17	33	43	16	27	39	23	14	33	50	27	22	31	11	10	40	9	5	10	26	20	15	12	27	30	22	16	37	29	7	29	7	57	15	38	43	19	28	21	21	15	26	36	22	23	28	28	28	23	24	42	39	21	42	36	22	20	20	49	27	28	33	36	29	23	48	24	32	17	96	47	32	35	9	30	23	20	16	6	11	41	13	68	41	26	35	34	22	21	14	10	27	28	8	41	17	11	39	50	20	17	41	11	11	31	20	16	19	21	20	36	39	23	25	25	21	47	36	22	33	43	15	23	32	47	26	12	24	13	14	51	25	24	53	38	31	14	25	39	33	33	21	25	18	43	18	26	34	47	33	19	54	38	46	14	32	29	54	27	29	25	18	9	34	23	12	48	19	46	21	30	36	33	14	25	41	36	28	17	33	26	32	9	33	33	24	31	22	59	28	22	45	22	12	28	23	31	24	8	30	30	21	36	23	34	49	22	41	19	55	10	13	21	19	21	15	31	25	26	40	41	24	15	14	40	25	18	9	62	26	35	44	27	28	24	24	24	24	43	52	19	37	54	29	19	45	59	29	36	34	34	17	58	24	16	44	32	22	10	38	44	34	26	57	21	19	6	26	32	35	21	8	22	28	33	27	27	29	35	16	26	17	22	18	50	24	45	25	29	34	21	13	27	26	33	30	19	34	18	44	39	21	35	30	34	17	27	64	19	20	10	89	289	34	73	96	39	107	20	99	32	179	196	23	45	26	13	14	7	16	12	41	21	12	21	32	26	13	13	57	30	16	17	38	12	42	73	21	30	29	32	22	45	38	23	17	20	21	5	13	21	16	39	20	18	40	18	43	28	29	23	32	21	12	16	31	19	40	18	35	33	21	20	14	36	26	22	21	24	33	14	32	11	7	22	25	18	28	37	23	16	23	18	33	19	19	19	20	18	12	27	19	11	27	30	14	45	25	23	28	46	34	25	33	32	19	30	20	31	22	18	27	29	49	21	22	34	18	24	14	16	21	20	15	28	30	31	20	19	32	11	16	30	23	32	11	14	17	16	29	93	14	32	21	26	22	38	37	31	21	22	37	59	27	19	40	25	30	35	39	39	23	9	22	62	31	27	17	39	20	19	20	95	178	44	69	52	28	50	22	24	40	30	26	43	9	129	41	33	32	42	30	37	30	38	28	23	21	10	19	12	19	27	34	13	18	62	15	26	21	6	14	22	28	12	13	21	23	30	13	29	22	28	21	18	20	40	22	21	45	34	19	25	19	11	24	10	10	29	17	42	5	20	23	21	28	21	27	21	9	28	17	43	15	16	17	11	26	15	41	30
T[T>A]A	43	78	67	49	49	1511	210	265	62	191	344	123	84	64	38	77	34	53	111	51	122	36	78	1243	47	43	708	105	129	600	72	42	289	48	922	108	3701	136	67	91	45	86	99	117	109	48	62	172	1212	176	353	485	238	1051	1041	152	69	1187	254	644	614	2517	1663	294	101	76	251	127	1569	505	96	28	73	77	107	51	654	121	54	81	125	81	75	74	95	90	82	129	42	43	99	42	56	71	31	55	65	67	69	68	25	100	58	40	91	56	67	49	48	39	129	57	70	95	77	44	81	20	64	61	52	122	59	38	47	38	46	57	100	428	500	811	1300	330	126	25	33	77	26	62	83	65	85	71	74	63	71	25	25	86	135	25	33	16	78	76	68	53	45	12	32	45	92	47	94	69	67	62	108	122	30	61	32	46	41	22	90	111	55	111	85	127	71	65	31	40	74	52	77	74	44	51	30	58	63	57	101	91	64	90	92	85	81	46	65	57	9	109	59	29	16	41	74	59	82	103	50	90	35	69	62	96	66	49	81	71	99	37	70	14	49	129	41	50	74	37	27	29	53	63	51	30	49	107	56	106	42	41	74	38	63	23	78	35	71	48	65	116	49	68	90	128	59	3503	488	444	1616	1246	722	139	95	74	64	123	56	64	38	36	73	62	716	128	1085	390	185	210	66	47	72	35	59	85	80	69	90	79	72	62	88	50	43	105	54	24	103	45	55	42	127	68	46	58	143	407	173	37	40	2441	364	83	45	355	35	44	63	55	128	56	50	68	45	42	78	70	42	56	79	73	60	41	53	52	39	69	51	157	79	27	66	28	61	60	50	53	40	83	90	67	901	165	38	77	53	27	82	163	81	184	65	50	89	70	74	62	58	73	111	103	57	71	75	44	55	49	42	88	51	19	61	72	60	19	43	736	52	53	191	26	47	20	63	61	83	63	64	36	85	104	35	39	51	36	79	77	28	86	70	41	52	60	112	31	24	75	36	41	67	34	24	24	45	30	29	22	59	43	55	38	59	38	17	64	26	98	26	69	68	40	51	45	44	44	67	75	72	41	67	49	45	47	149	68	98	33	72	78	57	67	37	125	47	40	50	70	81	52	80	49	60	40	164	93	86	68	44	62	52	37	26	26	16	88	55	156	101	66	68	56	36	87	28	41	31	58	32	83	43	36	82	100	33	62	155	50	36	100	50	30	45	57	69	66	79	78	54	39	60	92	56	37	72	73	48	39	69	101	75	43	63	17	45	76	47	44	97	81	59	26	60	52	48	72	54	48	39	85	38	72	91	119	67	63	109	66	91	48	90	50	101	39	74	43	43	39	77	44	44	76	44	80	48	90	96	80	29	52	59	59	47	49	91	62	43	26	62	77	37	51	53	80	66	63	64	42	34	38	35	67	47	17	59	78	31	82	41	105	98	71	76	43	114	18	51	51	59	46	25	69	60	48	76	93	52	76	25	47	58	33	33	112	45	70	126	78	49	49	70	78	67	109	88	47	74	96	72	20	78	90	81	87	57	132	29	386	39	26	109	74	71	18	87	91	70	40	102	55	75	22	68	57	92	41	29	48	67	73	65	65	72	59	68	72	76	46	48	116	57	76	59	39	57	76	35	56	40	72	81	48	71	41	58	96	43	75	66	105	45	63	99	49	49	31	786	2461	249	499	1381	74	912	157	1260	268	1852	1623	33	74	52	48	46	42	35	41	66	29	48	71	76	42	49	33	104	62	31	27	80	17	118	196	44	39	61	70	81	93	68	43	54	45	35	17	18	38	42	62	31	32	91	37	81	50	63	44	70	36	31	46	93	40	92	53	55	65	39	37	28	66	49	49	52	119	99	44	63	30	16	61	53	44	59	70	37	15	34	40	81	20	28	57	64	35	45	75	52	32	37	39	30	128	64	51	59	213	57	50	80	79	53	74	53	73	47	36	60	81	87	28	61	72	17	31	30	25	73	55	40	50	74	53	43	57	75	30	38	90	54	63	30	52	41	48	80	159	54	100	59	58	35	73	96	54	59	66	66	98	53	41	94	48	76	72	100	62	47	36	79	105	89	49	31	92	66	45	83	507	1116	450	448	174	61	116	70	68	67	56	51	112	27	1090	106	81	65	65	85	59	61	80	86	60	50	31	36	37	38	35	76	27	20	511	33	64	53	19	48	69	66	19	21	28	32	42	40	47	54	80	81	45	34	71	49	66	100	44	44	54	58	23	85	21	25	51	33	58	11	55	56	35	81	33	39	26	40	38	38	72	52	22	60	40	63	31	59	78
T[T>A]C	19	61	76	35	56	349	79	81	50	163	111	125	74	52	39	57	37	60	72	43	111	31	57	273	44	28	192	35	70	156	55	39	128	37	194	46	851	81	47	58	32	85	70	84	40	33	37	62	233	76	102	152	106	213	284	75	39	350	99	153	132	658	497	108	48	48	92	59	317	113	76	27	47	57	101	31	217	84	38	80	46	77	61	63	89	72	82	73	30	31	80	35	44	52	33	36	60	34	49	49	7	77	34	35	71	36	49	33	29	39	78	37	69	55	65	35	54	23	46	48	47	98	66	36	31	36	37	39	73	110	93	225	255	109	86	11	23	40	12	48	62	56	71	38	53	48	65	27	27	64	112	18	27	16	55	76	52	35	39	13	19	32	59	58	69	53	70	45	76	93	30	37	39	41	26	23	84	88	47	86	58	89	49	67	32	39	61	28	63	76	33	43	22	65	34	27	41	54	57	65	61	69	53	37	35	59	5	108	36	30	22	31	51	41	50	85	48	64	27	43	40	85	68	51	84	31	67	19	69	9	34	85	39	41	46	28	30	20	50	44	35	29	26	83	46	50	21	28	43	29	55	20	44	35	60	54	44	75	43	42	73	123	52	857	68	120	269	275	207	65	76	54	66	121	34	45	17	17	46	37	139	62	786	135	116	65	57	49	80	39	47	66	70	71	35	77	55	50	93	38	31	63	42	15	105	19	42	19	110	85	23	20	63	88	71	20	21	535	124	79	27	78	22	38	37	39	97	34	29	48	46	15	70	58	47	44	61	60	26	19	55	55	26	48	49	101	66	29	38	43	62	59	55	55	39	61	61	60	158	46	27	29	48	20	45	53	75	72	57	18	79	47	66	63	46	75	108	92	52	57	71	28	38	57	28	90	40	14	60	61	38	10	50	216	38	41	68	24	18	25	38	45	69	53	48	43	62	67	28	39	65	23	83	79	23	57	75	30	44	76	91	31	19	37	20	35	60	22	13	19	45	25	15	23	44	41	35	34	57	47	15	62	21	88	13	66	66	35	57	58	22	42	49	57	43	33	69	39	45	33	54	43	56	37	58	63	42	33	35	98	42	30	34	42	80	39	77	34	46	34	132	72	60	67	39	49	45	28	26	14	30	60	34	81	60	65	58	51	23	84	24	25	31	54	30	56	32	22	80	83	32	33	69	24	23	75	24	27	34	43	62	76	57	46	42	41	63	70	54	22	66	67	30	31	72	96	77	41	55	22	32	82	44	44	77	76	42	19	42	44	57	46	46	41	31	57	34	47	62	64	73	62	82	38	73	24	64	43	79	36	51	39	30	20	69	22	36	64	28	54	20	62	66	66	35	40	44	39	39	32	66	47	35	16	43	63	20	43	27	72	53	32	66	28	27	31	34	48	36	11	39	62	24	79	30	44	77	28	37	31	79	7	28	23	47	36	20	52	39	52	79	95	43	40	26	38	46	14	27	82	40	51	112	52	42	28	50	57	47	66	91	42	64	94	63	11	84	78	76	66	62	50	8	121	45	11	93	47	57	10	84	77	54	34	107	40	49	17	42	37	64	45	23	42	36	49	59	45	56	44	50	65	53	38	41	91	46	57	46	27	50	62	30	35	38	50	73	34	56	28	57	73	43	59	46	69	37	46	104	29	46	17	196	672	92	163	241	44	286	55	259	83	419	384	22	40	45	37	49	16	22	20	59	29	31	60	64	35	29	37	89	46	22	24	43	21	99	115	32	44	50	72	49	56	59	55	32	42	27	4	8	32	30	74	19	17	85	24	62	49	42	35	49	35	31	30	45	28	75	50	49	58	28	42	25	59	34	39	44	43	65	44	61	25	8	53	44	24	42	35	25	24	29	30	66	19	25	49	33	26	45	67	35	31	32	29	27	95	63	36	47	88	53	47	71	68	49	54	49	52	42	43	39	72	76	27	44	58	17	26	19	34	65	63	29	50	76	55	31	34	54	16	21	81	46	49	23	34	28	42	53	167	60	94	31	55	22	41	90	46	47	58	60	68	32	31	79	51	70	50	84	60	30	29	60	97	58	54	24	72	53	40	47	148	287	85	180	82	40	91	40	58	76	42	52	84	23	277	109	57	59	66	58	52	44	65	63	34	40	23	42	25	35	57	65	19	27	138	43	89	65	14	54	78	48	19	22	30	53	28	13	46	44	65	75	62	41	72	35	47	69	92	60	58	37	11	42	17	14	40	33	74	7	40	41	44	84	26	43	29	25	42	30	46	33	18	42	26	41	20	61	64
T[T>A]G	18	38	40	40	38	877	147	202	32	127	183	87	66	42	32	56	40	34	79	40	77	33	45	666	18	32	437	46	79	296	41	42	222	31	565	77	2598	60	39	48	23	65	63	60	57	42	41	91	627	121	227	365	178	577	615	68	38	821	181	334	366	1785	1301	134	60	48	227	95	860	298	47	22	42	38	63	18	549	61	43	52	43	43	47	40	67	59	73	71	23	33	48	28	35	38	21	26	44	34	32	27	12	58	35	30	76	26	33	30	25	35	71	43	45	53	50	35	43	15	40	38	31	85	35	16	28	31	41	39	59	211	301	543	647	238	78	9	18	38	13	49	44	42	49	29	41	49	41	18	22	48	70	16	18	9	52	65	34	30	31	3	19	29	41	37	38	46	54	38	59	75	27	33	32	38	25	11	55	70	30	61	35	70	49	50	23	37	44	23	60	58	23	26	11	29	40	42	52	58	38	65	48	59	42	36	35	59	8	79	35	24	11	30	39	30	40	52	47	52	22	35	32	73	51	32	42	54	46	20	49	5	28	55	28	36	50	23	16	15	48	32	35	25	31	74	29	47	20	25	50	27	40	18	40	17	43	32	26	60	34	43	54	114	25	2595	279	296	901	809	640	87	59	49	53	75	40	30	16	17	53	23	383	72	667	272	112	138	48	27	57	24	26	58	52	45	44	61	48	49	61	39	22	58	29	20	65	22	27	20	73	53	25	35	73	239	125	25	40	1500	234	43	28	179	18	35	33	31	67	31	37	30	36	16	50	35	24	29	52	49	27	25	29	30	26	40	51	66	39	18	25	32	42	37	24	44	29	44	52	48	446	68	32	44	50	19	65	73	60	108	35	22	46	38	46	52	43	37	60	68	42	47	47	32	30	43	37	70	39	13	32	33	42	6	33	544	29	40	134	21	23	19	33	42	46	38	30	27	75	52	25	21	34	19	59	50	29	53	44	28	25	57	62	22	28	35	20	25	45	20	10	11	24	16	25	16	41	28	32	19	51	23	16	38	18	67	18	51	35	27	38	36	23	37	22	44	39	18	53	34	36	33	105	35	53	20	65	35	21	27	33	71	32	33	41	35	57	36	58	31	33	22	86	57	34	50	25	54	41	24	23	22	18	45	33	67	65	53	41	38	19	55	23	25	15	37	23	65	31	24	54	62	26	50	127	26	16	53	27	20	29	28	53	53	38	52	31	39	37	62	27	20	47	56	32	14	56	78	31	26	40	23	11	45	27	27	68	51	35	19	44	36	28	45	29	27	24	46	31	32	62	63	47	36	85	33	51	31	58	37	60	38	46	25	23	24	53	26	29	60	28	45	22	48	54	51	25	31	44	42	33	28	52	45	32	19	53	52	28	40	28	50	44	25	45	24	30	27	24	45	35	16	34	55	21	43	30	84	56	40	36	29	83	13	28	28	30	22	16	29	41	29	39	70	28	48	16	27	35	24	24	60	20	24	67	41	38	27	30	50	29	48	47	31	39	61	48	13	59	66	50	50	56	76	14	297	26	20	70	47	29	11	62	53	26	27	64	46	44	11	24	30	59	25	19	31	39	44	49	35	51	30	32	52	37	31	21	79	44	49	41	22	47	36	27	38	29	51	50	28	31	18	34	66	32	50	41	67	24	33	83	39	38	14	528	1939	199	383	744	53	850	98	725	165	1236	1102	21	55	33	20	37	21	31	24	26	25	31	34	38	31	39	18	79	36	19	18	38	13	72	59	23	31	39	34	48	39	40	39	36	27	19	13	11	24	32	61	23	27	53	26	46	27	43	29	43	36	21	24	66	28	65	28	57	43	29	17	22	49	34	30	27	88	39	21	55	35	9	40	43	35	33	45	25	17	28	19	52	16	24	35	28	27	31	48	36	20	36	40	30	61	40	28	43	240	54	17	48	51	37	45	45	46	29	32	33	47	39	25	46	47	21	33	12	22	41	33	27	35	60	28	23	45	38	22	21	58	31	30	16	29	45	36	43	96	36	61	35	32	21	32	71	30	37	40	41	34	28	38	50	36	52	43	60	45	22	18	39	76	45	48	19	57	39	29	50	409	634	214	422	136	46	75	50	41	52	38	33	56	16	647	86	46	30	41	47	47	40	46	38	26	33	20	31	22	32	27	51	24	30	241	20	61	39	19	28	55	41	10	15	27	29	20	17	37	37	52	48	33	23	50	53	42	59	33	33	47	56	20	59	17	21	23	27	50	6	30	36	32	38	20	32	16	22	33	23	45	31	20	32	29	33	13	44	49
T[T>A]T	51	156	101	78	96	682	153	192	104	375	232	204	175	141	80	117	97	94	201	89	214	64	121	473	73	73	350	71	120	315	105	94	238	75	374	99	1494	132	84	94	77	126	129	164	97	89	96	130	564	161	245	277	165	473	548	149	99	609	205	329	295	1042	769	228	107	86	196	142	641	236	166	49	115	127	194	103	393	169	119	159	100	131	132	121	170	166	159	175	49	74	124	77	65	102	29	59	134	68	73	80	26	124	60	53	116	57	102	76	65	83	182	80	99	141	136	69	115	36	101	97	72	224	83	68	71	90	92	95	150	289	241	386	530	187	155	16	51	93	25	85	97	111	137	85	106	116	127	51	58	138	222	55	64	38	124	170	83	74	75	28	45	83	114	86	127	97	126	94	213	203	59	92	71	70	49	28	161	193	102	174	117	190	80	132	68	86	123	56	144	152	87	62	53	105	90	64	106	98	72	129	154	125	127	71	111	111	13	215	74	59	31	53	88	59	113	165	118	150	50	92	78	181	127	75	138	71	122	44	168	28	52	197	62	107	95	67	58	38	119	101	90	58	57	183	53	115	71	51	129	71	93	44	97	54	123	93	61	173	94	69	145	218	118	1326	188	216	596	492	337	145	150	88	143	239	72	78	38	54	107	82	296	162	1665	219	247	149	122	81	169	71	89	110	175	113	126	138	120	114	147	84	50	128	70	44	165	59	100	54	245	144	54	62	120	187	149	70	53	906	245	117	50	202	46	77	93	74	190	60	113	75	77	50	118	122	78	85	147	105	57	64	79	89	66	108	99	192	121	57	63	54	105	88	86	123	50	116	107	103	369	116	82	45	87	29	105	100	152	137	122	51	154	123	110	117	105	133	166	166	100	96	106	57	62	99	63	142	81	49	89	134	83	10	76	270	61	77	147	57	41	40	78	106	121	121	75	78	148	114	52	57	91	46	137	159	32	116	163	59	83	133	172	61	40	104	50	61	114	49	17	41	69	33	42	46	83	72	66	65	111	88	35	99	43	155	34	118	127	71	92	66	72	70	98	153	82	48	109	76	71	43	111	124	161	81	117	118	61	75	78	199	82	85	71	82	149	95	149	119	100	74	210	179	98	128	89	108	96	72	46	41	46	131	73	172	135	94	130	116	48	116	51	67	57	107	49	150	60	31	175	182	57	79	120	61	31	123	49	40	69	67	121	120	119	113	93	82	130	158	118	50	132	134	66	66	147	169	94	76	102	60	64	168	73	70	165	147	92	41	91	98	113	108	99	62	85	111	84	98	138	172	113	112	184	84	178	59	141	83	148	79	107	70	61	49	140	56	70	127	58	123	40	119	125	116	57	74	90	95	99	74	135	114	101	34	115	137	75	85	86	180	91	73	126	52	70	65	66	100	123	29	85	126	51	122	86	73	137	64	109	69	151	39	47	78	92	66	48	88	80	74	124	139	77	89	38	77	117	39	40	227	77	81	221	113	96	86	104	105	104	129	158	68	109	197	102	31	174	174	125	125	105	119	30	197	78	39	165	111	105	24	168	144	89	101	178	79	106	38	64	88	140	64	37	70	71	90	115	105	148	74	111	115	98	65	74	157	108	144	102	59	104	127	48	88	80	116	161	57	94	72	115	181	73	131	113	192	83	97	213	73	80	32	348	1059	185	234	532	65	408	105	494	174	763	705	57	156	77	58	81	38	58	63	112	58	66	107	141	67	72	60	238	117	54	67	132	25	186	197	49	88	125	119	129	138	118	85	93	81	49	26	21	67	64	165	68	65	140	75	152	95	79	92	105	60	47	61	87	67	172	65	106	103	60	45	42	148	83	57	76	83	94	72	128	46	32	88	89	65	70	100	59	35	76	54	117	41	39	76	69	67	78	106	71	41	65	81	39	179	111	74	76	109	129	76	97	116	96	92	96	121	78	64	87	145	123	73	91	114	43	61	44	64	96	82	65	79	134	90	69	77	119	28	53	140	78	93	33	74	41	79	84	219	76	146	53	86	45	89	162	82	111	137	105	153	67	64	156	82	120	97	183	114	75	53	72	203	143	92	67	152	84	60	70	236	591	171	286	161	93	141	92	95	156	126	121	156	49	538	211	100	124	164	89	109	95	128	116	57	86	35	56	42	70	75	94	46	43	265	44	112	69	27	69	88	130	41	51	51	49	51	29	81	74	113	90	45	95	116	98	80	162	98	68	93	83	33	80	26	28	64	82	106	17	75	64	56	72	45	78	55	44	60	38	86	53	31	62	49	63	41	103	137
A[T>C]A	50	107	105	84	75	664	143	174	89	196	261	169	107	88	84	105	71	72	126	101	185	100	136	463	72	73	437	94	140	389	119	80	277	65	263	94	1396	166	79	106	55	111	94	133	124	106	97	190	734	192	295	187	160	590	465	157	116	761	208	326	300	1028	721	362	97	99	206	93	540	243	168	57	113	106	174	80	366	140	100	156	136	106	91	95	139	125	129	142	49	52	128	76	86	92	42	65	99	67	96	93	52	126	109	80	126	42	98	75	49	77	153	88	107	148	104	64	107	44	109	59	75	178	114	62	60	61	67	108	152	336	251	343	967	214	121	29	51	128	36	97	84	85	135	96	107	106	128	42	51	103	174	41	65	28	132	134	96	96	74	43	44	88	108	72	110	92	92	91	143	167	52	91	81	80	104	23	156	141	95	156	122	143	100	78	62	70	101	75	143	115	59	102	54	89	64	66	127	110	124	126	126	126	130	98	110	96	21	147	95	68	48	82	98	56	80	159	98	142	57	119	93	159	89	71	125	82	138	41	120	20	48	178	58	71	94	74	54	44	84	112	110	81	83	144	68	164	63	66	95	75	87	43	88	60	95	78	85	145	80	78	155	258	88	1072	199	316	837	394	234	174	114	86	140	166	110	85	49	47	103	99	320	161	547	304	239	197	124	99	115	85	84	141	99	133	141	127	117	105	139	57	64	135	92	97	226	67	67	69	176	123	40	63	182	329	155	69	60	732	263	115	75	366	41	88	88	75	187	88	85	110	78	30	112	103	52	115	169	136	227	70	79	68	71	111	93	199	120	51	88	58	123	97	104	118	68	115	105	97	467	137	76	75	92	74	108	184	148	145	75	56	116	116	102	128	87	142	158	164	118	134	119	77	77	120	80	121	115	44	118	110	120	29	50	317	78	138	188	59	66	65	98	100	149	79	100	97	121	141	52	110	93	41	147	132	61	115	97	74	88	130	167	78	50	97	38	41	117	70	48	41	94	65	59	36	79	50	67	56	141	95	36	111	37	147	40	141	114	49	115	77	49	67	102	121	95	61	112	111	100	48	164	91	138	61	119	117	67	92	61	160	85	63	90	115	123	85	139	104	86	62	248	140	132	123	43	127	78	57	50	31	60	128	79	502	128	119	110	94	58	149	54	54	68	95	69	117	68	59	129	166	45	119	123	75	53	164	82	69	99	80	93	105	121	131	105	91	98	150	91	67	116	119	103	84	116	155	77	83	97	64	71	109	94	78	131	136	97	44	105	109	100	110	98	86	76	109	84	109	148	176	149	136	154	116	137	54	117	73	153	65	95	53	53	59	111	60	63	102	83	129	57	113	143	120	57	69	109	97	92	57	121	81	77	47	88	127	65	89	67	112	71	101	126	98	63	51	48	63	63	49	82	139	44	162	82	87	146	111	120	64	161	38	67	74	81	71	32	135	99	62	91	145	117	130	39	96	124	62	84	151	75	83	103	86	71	71	107	138	93	83	133	109	108	158	102	29	150	125	145	91	116	164	33	300	93	48	175	136	104	41	117	125	87	86	141	80	93	29	86	96	128	69	33	91	104	95	97	83	160	99	98	119	105	63	89	129	99	116	96	73	120	99	69	91	110	112	139	88	139	60	117	152	51	147	173	156	39	95	196	69	113	39	324	822	237	237	334	106	339	163	700	158	415	482	51	154	104	49	80	50	86	85	115	76	76	100	136	77	82	44	171	92	76	40	109	30	158	662	76	77	99	100	96	125	128	86	104	63	51	46	28	78	74	178	40	51	122	65	103	124	108	86	106	34	53	78	102	58	142	109	104	108	77	97	51	158	87	88	57	172	133	59	130	75	31	112	92	65	105	86	63	53	89	69	165	49	72	92	79	87	71	138	102	66	107	87	64	182	88	98	91	141	99	107	142	132	81	144	90	97	83	77	92	157	156	45	128	111	94	79	66	61	121	112	70	94	118	86	66	77	145	59	65	117	84	91	50	92	129	67	94	208	76	168	88	90	98	94	172	109	104	100	122	161	67	73	141	121	130	92	138	128	51	63	105	157	121	83	58	140	90	63	78	391	954	302	251	131	95	154	122	101	126	72	74	160	66	486	172	105	93	116	119	94	81	114	115	103	142	74	148	84	105	120	197	124	117	395	174	319	211	38	125	156	178	47	45	148	213	73	82	139	184	188	166	218	142	158	232	168	217	244	145	234	170	113	108	51	67	99	101	215	42	128	155	194	233	67	130	59	85	88	118	120	92	63	142	98	80	52	183	146
A[T>C]C	18	35	32	29	31	46	27	27	29	66	35	63	34	28	25	30	16	22	40	29	41	24	25	32	20	22	50	23	43	49	36	26	50	15	22	28	55	58	28	26	18	36	40	54	25	32	30	38	68	47	34	18	42	47	67	51	19	77	45	38	44	49	70	82	19	23	32	33	36	36	56	17	40	28	54	31	50	47	21	50	46	37	35	32	41	49	60	43	21	21	34	36	22	36	12	27	35	25	31	29	12	38	30	17	48	14	32	27	29	18	65	21	34	47	40	36	27	29	34	23	26	54	35	16	19	24	20	35	46	28	24	33	69	43	43	6	23	43	20	26	30	37	42	32	44	32	41	13	13	36	72	11	15	12	41	52	39	28	19	11	22	21	35	29	31	35	31	26	39	59	25	40	20	24	35	8	37	39	19	41	42	48	46	35	21	27	31	26	47	36	14	28	11	38	18	20	32	25	32	42	45	44	33	24	28	27	5	48	35	20	12	27	26	28	34	42	24	55	22	37	27	55	31	19	47	16	44	14	27	3	24	63	19	25	36	13	12	19	28	29	34	26	20	44	25	47	20	14	28	30	31	16	25	24	57	31	34	53	27	20	47	92	25	60	11	81	50	16	27	35	37	25	44	37	20	24	14	17	35	33	32	39	470	39	63	29	36	39	40	33	35	52	27	42	38	56	39	42	50	23	21	44	26	19	65	18	27	15	69	59	9	11	43	47	44	23	9	57	48	40	22	47	9	32	34	22	38	30	25	27	20	9	37	35	21	28	55	59	54	13	20	24	25	37	35	79	55	20	26	22	51	28	40	37	22	45	38	34	43	28	22	12	36	14	19	27	51	34	22	20	47	44	41	46	30	42	59	47	44	40	38	26	31	31	34	46	29	9	39	26	37	12	27	26	16	42	37	15	23	21	33	47	52	27	26	40	53	59	25	29	38	20	52	36	25	37	28	17	34	41	43	31	18	35	20	19	41	16	11	14	30	12	11	10	22	15	25	11	41	20	13	45	14	49	9	34	38	20	32	32	19	21	33	40	22	18	43	30	19	17	27	20	38	28	38	31	20	30	16	56	20	24	21	34	36	38	38	27	27	24	89	41	37	30	13	43	23	29	11	15	15	50	33	125	56	43	29	27	12	50	18	12	19	29	16	30	23	18	43	71	17	29	21	29	11	62	29	21	29	25	44	45	37	41	26	28	33	44	26	21	41	43	39	16	32	44	30	20	32	21	22	47	30	28	52	48	24	11	38	32	24	46	38	19	20	30	22	21	47	56	53	45	59	45	40	15	36	24	62	23	38	21	13	24	42	16	26	34	20	51	19	36	53	33	18	29	20	37	41	20	27	26	19	12	35	32	32	34	23	28	21	33	46	32	22	22	15	22	29	5	24	49	21	59	13	44	57	36	32	28	79	8	20	23	43	32	14	42	29	17	45	80	27	41	22	29	31	21	41	58	33	38	37	29	28	25	40	47	24	40	55	30	42	48	32	7	44	45	37	36	22	49	11	30	22	14	42	35	22	12	41	36	28	45	55	27	28	14	29	34	43	24	15	35	26	32	25	21	59	31	41	27	29	26	22	44	29	40	34	19	27	37	26	21	24	34	40	21	42	18	37	37	16	55	48	53	16	23	48	28	29	11	46	58	40	17	35	25	43	27	38	37	25	62	25	51	22	13	22	16	40	30	34	24	21	31	54	22	31	14	46	24	19	10	31	6	41	156	21	28	35	38	22	41	48	33	36	21	15	7	4	35	20	61	22	19	50	19	22	37	22	27	17	13	8	23	25	17	49	22	25	28	23	23	18	50	29	42	21	30	36	16	47	21	10	26	38	28	37	23	23	16	25	24	44	12	25	22	15	24	25	41	31	20	37	21	16	68	33	25	26	17	31	25	57	52	24	52	26	32	36	27	27	51	38	21	43	29	28	25	22	20	33	49	16	28	49	31	22	24	64	22	24	42	14	32	12	21	10	29	38	87	29	53	34	30	50	33	56	31	27	37	36	57	29	31	48	45	32	24	30	32	21	17	42	59	33	17	20	37	33	20	12	25	159	24	27	22	23	59	25	44	50	36	25	34	20	79	72	43	23	44	55	40	20	36	45	50	59	37	77	29	27	60	83	55	73	166	78	206	100	16	73	61	86	22	25	68	119	21	23	68	76	93	68	124	83	94	124	81	112	168	71	114	78	63	43	21	28	33	36	126	12	51	74	135	148	34	47	19	37	31	56	52	36	15	65	39	33	29	99	63
A[T>C]G	38	78	92	55	69	197	91	82	48	164	123	174	113	69	66	70	44	55	104	75	112	59	93	155	51	37	184	65	115	155	77	55	138	53	111	73	411	111	50	82	49	96	89	106	70	64	51	117	244	135	125	70	84	205	216	106	56	300	124	162	122	324	266	196	62	62	101	52	165	111	130	44	95	73	161	57	129	110	57	127	91	60	67	80	113	100	112	129	33	44	88	64	53	60	39	58	62	48	57	76	34	85	78	49	107	34	79	58	51	47	117	80	79	96	95	46	81	33	69	48	64	116	101	56	42	60	54	86	121	107	94	107	311	104	109	18	29	85	30	62	66	79	92	65	82	76	79	38	39	64	166	28	37	25	82	104	91	55	53	28	26	67	83	80	86	82	73	71	106	128	54	71	58	57	89	21	103	142	77	103	98	132	87	96	42	70	85	57	126	111	65	58	54	68	57	41	60	64	83	91	102	108	121	73	92	74	15	118	77	38	28	68	86	54	60	152	63	156	46	82	55	143	53	46	83	58	99	43	90	12	60	123	42	79	92	62	47	30	90	94	92	54	58	105	52	107	41	59	60	53	77	25	44	43	88	65	58	102	59	60	109	149	77	337	70	160	213	140	95	112	76	80	97	113	81	76	33	33	76	59	113	66	362	105	143	115	91	72	74	76	82	102	82	112	72	110	108	118	136	35	50	96	57	114	174	41	54	44	136	99	33	46	97	117	96	58	30	263	136	74	35	155	46	72	52	54	123	57	66	69	62	34	87	72	49	94	135	78	143	70	60	69	56	87	69	151	97	44	45	67	105	52	86	104	51	114	77	61	146	69	55	43	62	62	52	71	79	107	55	47	97	101	117	76	65	86	115	139	84	95	84	64	55	74	64	91	82	38	92	83	86	17	49	120	61	133	93	32	50	59	49	80	95	64	62	81	82	112	58	63	54	28	114	66	57	109	80	53	57	105	114	43	36	65	44	42	101	44	29	27	59	33	28	29	60	36	54	53	94	55	30	82	29	92	22	82	68	50	89	63	44	46	79	94	61	65	64	63	69	51	72	59	85	37	98	98	59	65	38	117	55	65	73	71	105	81	75	83	65	54	188	92	70	101	38	148	71	64	33	33	47	89	64	335	118	82	70	70	39	87	36	43	43	69	30	75	60	44	80	132	45	68	66	49	39	121	70	47	90	51	62	85	84	91	80	81	77	120	66	50	86	82	85	43	84	135	56	54	87	39	42	79	62	72	119	107	72	40	117	72	70	81	61	79	43	96	78	81	106	134	118	123	168	84	129	44	108	55	120	57	102	34	38	31	100	35	28	89	53	93	32	89	123	90	50	58	62	70	86	39	87	81	52	32	83	89	56	91	52	93	68	79	100	75	27	60	34	54	73	36	77	97	45	123	44	70	106	64	96	54	117	39	50	70	76	51	39	97	61	39	116	164	149	99	31	59	90	37	77	103	57	67	72	68	55	48	85	100	68	47	93	70	103	91	93	30	137	96	119	73	81	94	16	128	77	41	143	79	73	25	104	83	66	85	111	69	73	30	55	112	98	55	25	63	94	76	90	63	147	85	71	104	74	33	59	103	94	96	78	77	81	87	47	83	84	108	109	76	140	43	87	143	36	115	111	127	34	76	173	50	120	46	130	243	99	105	118	52	146	65	218	98	133	165	37	99	83	51	78	29	104	63	89	52	45	91	107	54	57	31	115	59	58	32	74	28	136	415	56	77	75	79	69	91	85	55	82	43	41	22	27	60	56	111	41	59	67	65	62	101	87	88	77	40	34	52	73	52	105	77	86	91	77	61	27	137	74	56	59	100	84	49	115	71	20	58	67	41	53	67	48	48	54	51	121	37	52	80	50	54	58	98	73	58	72	58	49	138	85	68	81	83	69	66	110	116	73	128	75	73	57	74	86	120	102	37	107	70	60	59	52	59	75	83	41	73	120	59	71	62	98	51	61	84	49	68	35	79	68	63	88	168	67	139	48	87	88	65	129	65	75	67	98	102	59	55	87	82	86	90	92	138	37	46	87	136	109	61	52	120	77	39	65	165	491	90	111	65	59	92	70	109	99	53	61	114	45	217	147	67	66	87	105	93	51	64	76	73	106	80	123	64	79	80	141	98	86	228	115	254	150	29	93	91	135	42	55	113	132	59	65	163	144	120	116	151	117	141	170	159	167	148	113	178	121	105	74	48	51	67	68	167	32	91	112	161	210	85	99	43	54	47	98	106	72	46	121	67	70	38	145	127
A[T>C]T	37	112	96	71	70	153	77	74	90	185	124	189	120	83	78	96	59	65	144	97	164	68	98	98	55	68	183	76	91	145	109	67	130	45	82	77	193	114	64	84	48	113	71	137	69	88	71	90	152	127	107	56	115	161	196	142	78	190	130	118	94	199	178	208	94	64	76	52	120	84	137	68	77	86	131	79	102	112	103	147	125	102	90	109	148	125	129	153	35	62	110	73	74	86	45	78	90	72	87	104	39	95	90	84	126	35	100	59	51	78	152	66	97	134	116	56	98	37	65	64	79	166	109	56	53	52	66	88	126	120	92	83	217	110	88	14	41	106	45	66	81	90	123	88	86	96	95	41	39	97	177	28	63	19	122	109	94	95	46	27	34	71	104	94	120	83	96	64	130	142	59	77	76	66	85	34	141	149	73	119	135	136	110	98	50	61	121	64	119	116	64	74	62	96	74	52	77	99	101	145	118	103	123	74	86	117	16	161	87	69	40	69	77	54	78	126	59	139	60	109	92	158	80	77	122	64	118	40	98	19	41	160	34	60	95	71	53	47	99	87	108	63	61	130	61	185	61	57	81	67	90	29	65	59	94	72	86	116	92	73	164	186	86	181	23	146	165	96	63	101	96	57	136	145	94	73	39	45	72	59	109	104	470	80	189	100	126	89	86	62	76	109	98	128	127	133	110	110	129	68	69	122	72	82	187	60	53	58	165	110	36	39	113	138	100	46	41	156	132	105	61	132	40	81	65	89	152	90	92	93	80	26	103	88	53	95	110	115	140	104	72	83	59	89	87	177	121	35	89	69	121	70	106	113	65	98	91	84	119	63	58	35	55	48	77	73	136	119	76	52	145	117	115	115	91	104	170	151	128	103	116	65	73	111	73	107	93	38	96	105	90	29	68	111	68	108	85	46	69	65	94	94	117	72	77	84	102	134	67	97	75	40	164	94	59	110	96	61	78	113	169	66	46	69	49	43	114	54	31	33	76	29	35	28	87	44	70	72	115	73	33	130	28	132	36	103	98	48	93	78	72	60	80	116	94	72	112	72	89	48	82	82	127	56	96	101	62	98	50	153	75	71	75	89	127	88	105	91	95	58	204	124	113	103	50	113	71	64	49	29	40	132	92	290	125	103	96	93	53	117	43	52	69	77	51	109	72	54	131	167	42	96	74	80	42	148	65	60	83	89	86	83	96	92	85	80	89	127	88	58	101	118	82	68	80	140	59	74	99	51	60	102	86	86	119	128	92	51	113	92	107	106	92	73	55	116	78	99	128	182	145	112	150	74	140	54	101	79	138	56	87	57	41	52	107	56	52	114	66	145	54	109	124	126	46	69	86	93	71	54	116	78	67	45	80	99	73	105	53	121	104	82	90	102	47	56	42	52	83	31	76	109	50	142	71	50	119	69	103	54	144	35	63	100	83	69	33	106	89	64	104	139	88	93	33	75	93	45	66	138	61	95	105	64	77	60	93	132	100	88	148	106	104	112	82	36	110	127	124	100	104	88	30	114	93	54	138	123	92	35	97	93	107	72	143	61	94	24	81	102	95	69	26	57	81	65	92	65	140	94	92	95	88	67	61	138	111	101	103	78	87	91	61	71	105	115	114	71	122	57	99	119	66	111	107	138	43	77	152	67	80	36	118	110	104	92	117	74	107	87	125	116	81	148	45	110	88	59	87	31	87	66	93	74	60	131	109	58	71	49	117	91	52	50	104	25	125	374	62	78	97	68	98	122	109	73	73	64	40	27	32	68	69	150	50	67	126	68	100	110	81	71	107	42	45	75	76	68	109	104	91	93	58	71	39	166	76	87	57	81	97	55	138	76	17	81	64	69	75	81	68	35	82	64	121	50	55	98	58	63	73	123	98	56	85	61	58	148	83	86	67	49	105	80	142	106	87	109	91	127	62	80	77	141	124	41	92	95	80	69	45	67	85	102	64	78	99	94	65	71	115	27	43	111	78	68	48	66	44	78	82	219	71	129	72	80	64	96	114	80	94	79	98	162	71	69	125	113	134	101	112	112	45	43	95	169	115	85	58	125	90	64	50	83	398	77	106	63	83	122	81	115	116	66	67	141	50	157	176	103	88	103	109	93	58	109	112	102	137	69	100	76	89	113	165	75	115	222	122	179	162	24	99	117	163	32	40	123	155	69	71	116	139	153	127	159	97	141	162	137	175	161	131	182	123	84	97	36	71	95	89	190	27	110	112	160	180	87	98	61	68	74	94	104	86	49	141	83	91	59	162	146
C[T>C]A	26	66	50	38	50	160	55	63	48	120	74	98	76	55	57	69	35	33	61	56	103	44	51	110	38	29	130	47	74	123	52	45	91	22	87	41	302	85	41	54	38	77	70	73	38	50	43	80	147	101	94	54	53	156	147	73	51	231	101	99	113	265	181	193	46	45	65	56	135	69	97	18	67	52	98	42	114	90	47	93	64	45	61	73	73	80	96	68	22	29	54	23	34	50	26	35	67	35	48	40	17	69	54	33	77	36	57	36	45	48	92	44	70	79	54	38	57	34	50	47	26	100	54	32	34	39	46	41	75	81	64	103	186	70	75	14	28	55	25	35	42	41	82	58	60	56	63	26	35	50	134	23	37	9	68	72	64	47	41	12	24	35	58	41	66	61	63	60	96	114	27	40	41	44	55	21	95	105	45	81	51	95	44	71	27	49	81	47	70	64	32	32	23	56	40	24	51	48	51	72	56	68	50	56	50	56	5	104	43	30	25	48	49	32	38	92	55	91	33	46	51	86	48	51	59	35	75	24	80	8	27	93	30	43	50	37	39	26	53	46	66	21	38	89	42	87	30	38	48	27	70	28	37	49	45	46	36	87	37	52	58	136	58	229	50	132	171	91	73	61	61	36	71	111	45	44	28	35	47	47	80	74	252	89	141	77	79	42	80	41	52	66	82	73	58	72	71	42	59	36	34	66	45	38	106	41	30	25	120	66	21	20	55	91	67	32	22	204	114	65	37	84	22	56	50	31	104	46	42	53	21	24	74	60	37	60	77	69	161	37	53	44	28	52	58	101	54	26	47	31	70	30	64	62	41	77	50	47	88	37	33	40	50	28	46	34	58	64	49	34	90	50	95	67	48	60	106	108	52	67	51	48	57	48	49	77	41	26	42	51	63	7	42	83	55	80	75	27	47	40	57	42	49	55	55	67	64	85	33	40	47	27	65	61	24	60	77	34	55	82	112	15	26	38	21	26	65	25	16	21	28	19	17	22	43	32	44	29	45	55	16	56	17	67	21	63	61	32	55	46	44	41	51	68	39	43	83	58	48	46	47	38	68	33	54	56	27	55	28	101	38	42	51	44	72	72	80	49	43	26	151	73	59	63	46	60	52	34	30	24	27	72	49	324	93	52	48	48	30	65	20	30	25	41	30	66	24	25	76	91	19	37	45	31	20	116	69	21	52	40	47	60	73	73	49	48	77	60	36	44	69	71	48	28	83	75	46	30	62	37	36	64	34	51	84	70	44	22	71	47	39	48	41	51	33	67	40	42	83	87	73	107	103	57	65	31	65	47	103	34	46	28	32	32	58	32	29	61	38	67	22	65	83	64	43	51	49	59	46	40	66	66	43	14	47	66	31	52	36	60	38	43	55	40	25	36	26	48	48	31	38	87	27	76	37	49	82	50	70	27	102	18	37	60	44	39	31	64	43	40	81	117	35	85	26	38	40	22	59	94	31	37	89	53	32	38	68	101	57	51	102	39	50	71	48	20	99	82	66	63	47	75	18	66	43	19	124	71	58	18	68	67	52	35	92	47	55	22	39	52	78	34	13	31	52	43	67	47	70	49	48	62	64	35	32	83	34	65	41	32	61	62	25	58	41	53	59	41	55	37	65	78	35	83	73	99	33	52	92	52	50	26	119	196	67	78	98	40	118	51	162	73	126	134	26	63	42	38	47	20	67	48	52	34	27	69	87	35	41	37	81	49	31	21	57	19	71	397	28	37	49	55	56	68	81	60	55	33	27	19	18	33	28	81	46	25	86	52	51	52	44	60	51	22	21	28	33	46	102	47	75	66	38	34	25	91	49	65	40	57	64	30	86	35	17	48	59	24	41	44	38	25	37	44	100	19	34	58	32	37	34	65	50	49	56	38	25	98	59	31	51	49	62	51	93	99	54	90	64	52	41	67	70	109	85	37	59	48	32	41	40	41	57	47	43	53	115	39	39	45	84	23	31	63	46	50	22	45	39	20	50	144	34	94	39	53	69	58	127	51	56	58	70	87	47	45	73	75	55	52	77	58	41	39	61	84	55	39	23	68	53	37	43	102	475	70	92	53	32	72	43	62	63	50	44	74	35	164	97	57	46	77	67	76	33	69	52	43	52	39	65	34	38	57	112	60	40	110	45	108	67	21	56	84	77	38	33	33	61	50	45	87	78	92	80	60	48	74	100	76	118	67	63	76	75	38	46	27	26	51	41	78	12	43	50	79	109	54	28	32	30	36	49	59	45	23	78	52	41	29	101	85
C[T>C]C	19	21	31	25	35	59	31	19	33	79	68	53	51	29	40	41	18	31	48	33	55	33	43	35	20	16	58	27	35	50	48	24	55	25	35	25	90	49	22	26	28	41	37	57	31	27	25	43	59	75	51	27	44	73	82	49	39	84	56	47	36	58	67	86	40	25	32	29	41	24	54	24	30	34	58	40	55	65	28	83	57	38	36	55	50	47	66	51	12	23	50	33	27	34	15	11	57	28	43	44	13	52	36	23	47	24	35	32	21	39	47	33	52	54	43	18	36	25	33	22	27	51	43	19	24	25	31	41	67	59	26	35	65	54	54	9	10	63	18	23	28	29	61	46	46	35	54	12	20	39	81	11	28	13	38	48	40	35	18	14	18	20	22	28	34	51	38	41	58	68	23	31	28	15	35	23	51	67	44	56	46	66	38	31	23	20	33	33	48	34	31	45	26	30	27	12	37	37	38	47	44	43	36	31	42	38	4	56	32	18	20	45	39	31	29	53	35	62	13	39	21	50	38	24	52	28	54	19	40	8	31	64	23	26	41	32	24	17	32	28	33	20	43	52	20	48	18	21	33	34	46	14	34	21	40	25	44	56	38	30	42	101	34	80	5	55	50	40	35	42	51	27	38	63	27	29	11	27	33	27	40	28	413	25	68	37	39	25	33	34	38	45	54	47	23	82	57	53	40	22	23	45	42	22	64	27	29	14	54	55	16	12	47	55	38	20	19	58	60	33	24	42	15	41	36	30	71	32	30	37	34	18	43	37	21	37	55	43	64	29	30	27	21	51	58	88	55	21	29	19	41	28	46	42	32	51	37	35	41	26	21	18	38	25	26	20	42	32	36	17	62	35	74	49	29	69	55	60	56	43	32	36	45	31	29	44	23	18	31	35	41	8	32	41	36	49	38	21	24	18	46	34	63	39	33	38	54	53	17	29	33	15	50	43	22	37	41	27	24	62	70	24	19	33	26	18	48	16	10	19	32	25	10	21	33	22	26	19	48	37	10	43	14	52	15	29	39	21	36	32	18	30	35	51	34	37	43	48	30	17	32	36	40	27	55	33	32	30	15	65	33	33	30	34	45	34	69	28	32	30	132	41	46	38	16	42	36	26	24	14	11	66	48	153	73	34	34	43	15	34	16	22	28	29	20	41	31	11	55	66	12	33	38	21	18	69	36	23	38	34	38	44	44	33	21	37	36	40	45	23	53	55	36	23	50	55	40	30	36	22	25	42	27	33	53	51	29	18	46	39	34	42	33	38	26	41	32	32	44	74	45	74	48	31	55	18	36	33	76	29	44	22	20	15	42	28	16	48	28	56	23	39	54	49	28	35	29	40	29	33	45	37	30	15	39	44	25	29	22	40	29	24	52	24	24	25	19	25	33	25	31	45	18	56	20	26	54	29	41	16	109	14	18	41	34	25	14	42	23	17	44	79	34	42	13	26	37	18	38	55	18	34	49	36	33	19	43	61	38	30	72	23	54	47	36	12	63	61	32	26	36	57	20	38	36	11	67	30	31	6	56	53	32	31	67	30	36	18	40	38	41	18	2	25	43	25	35	36	49	37	36	40	48	27	24	47	31	40	45	18	32	36	22	33	33	41	53	22	39	22	42	28	22	46	45	49	15	30	56	36	31	21	53	48	32	34	46	28	42	36	57	32	33	67	19	39	37	22	28	11	40	37	36	28	14	34	44	25	29	18	54	38	19	19	35	9	46	169	24	28	37	31	27	42	54	34	39	20	20	11	9	20	30	67	21	17	50	33	48	41	34	31	51	14	22	28	32	30	51	33	35	48	29	44	20	64	21	40	28	38	39	33	60	18	7	28	37	20	28	28	31	17	34	30	56	13	28	37	25	34	19	38	41	29	30	43	28	73	34	39	27	22	40	40	63	51	41	55	47	46	33	24	38	73	48	17	61	30	19	27	31	29	32	40	16	24	49	34	32	36	56	28	24	36	37	24	17	22	18	21	36	134	34	51	25	46	36	36	58	37	38	37	48	83	32	27	54	55	29	39	52	41	24	18	53	68	36	29	15	53	37	21	23	44	205	26	57	37	23	56	30	38	40	31	22	40	41	64	57	45	36	63	38	34	22	45	34	48	63	31	54	24	45	42	82	37	38	105	55	115	88	21	47	56	65	13	25	51	80	26	24	40	79	54	57	83	38	65	78	67	66	90	61	76	74	45	35	20	33	27	40	93	15	44	53	85	95	25	40	19	20	26	39	51	40	14	59	34	32	26	69	49
C[T>C]G	15	40	53	35	62	101	47	49	31	109	84	82	68	41	43	46	25	46	54	32	87	33	40	81	29	33	74	33	72	89	49	42	74	32	67	45	115	69	28	61	39	69	65	67	32	56	38	58	84	98	57	47	44	89	144	77	43	111	65	58	60	104	108	194	34	36	55	66	73	38	83	22	59	55	100	46	74	76	40	103	78	53	51	68	86	48	77	73	32	33	54	27	36	44	17	35	57	46	49	42	22	56	50	31	76	32	45	32	35	46	62	36	70	81	58	36	55	30	41	38	45	60	65	19	46	39	30	51	90	62	33	55	85	95	44	14	17	65	18	40	44	46	64	38	71	46	71	23	25	50	118	26	29	20	72	90	63	37	32	14	17	28	52	48	51	63	58	43	58	108	37	50	43	40	58	17	55	90	37	70	41	78	40	64	22	44	58	44	55	68	34	37	25	40	34	28	57	46	40	55	69	61	58	49	41	51	15	79	41	22	24	46	43	38	41	71	57	87	30	44	30	81	39	32	65	38	62	29	51	6	36	84	20	48	52	30	28	17	53	50	47	38	36	73	32	89	36	42	53	30	59	18	45	37	63	50	35	93	32	31	64	115	46	110	23	101	75	49	31	61	61	48	56	89	44	34	18	36	42	47	53	70	231	65	95	65	47	34	44	62	42	75	64	66	55	65	52	48	88	20	40	49	71	55	97	33	40	23	82	62	25	8	48	69	37	28	17	114	100	59	27	92	32	68	51	36	86	37	58	42	30	18	73	47	33	62	79	71	174	28	32	32	28	50	50	93	44	18	49	32	56	47	42	58	44	67	46	48	67	33	33	20	40	37	33	31	59	53	36	42	69	47	71	47	41	63	85	66	64	61	52	59	48	44	56	60	35	22	59	45	55	6	49	51	49	86	42	18	52	40	45	30	57	41	45	67	57	75	29	35	45	24	69	42	27	75	55	23	36	79	89	34	19	24	31	21	68	24	12	27	38	25	19	25	50	20	30	31	49	39	13	56	24	66	20	52	57	33	55	41	36	31	52	70	40	37	65	50	38	34	54	19	66	44	59	49	40	45	27	101	38	61	50	58	68	41	84	46	53	26	152	69	48	69	25	46	49	35	28	25	28	75	54	327	97	47	51	49	18	62	26	21	34	54	28	68	33	27	58	97	27	43	31	37	19	96	69	24	64	42	42	58	54	56	42	60	59	66	38	26	55	62	71	31	54	75	43	39	45	30	32	56	39	39	72	73	44	30	82	54	41	59	60	36	31	46	44	44	73	84	45	86	77	61	79	22	74	44	99	34	50	26	20	23	48	28	24	63	46	70	22	45	74	63	28	38	49	42	41	39	57	62	39	23	39	50	46	47	37	57	44	47	63	38	32	44	22	32	47	21	40	82	25	63	37	39	77	46	53	21	116	17	30	52	51	29	29	50	37	35	70	135	51	59	19	40	60	33	62	89	29	58	64	38	39	41	68	67	44	53	84	43	54	66	54	18	89	72	62	40	50	63	18	62	56	29	101	51	52	23	66	58	43	53	76	31	58	23	45	65	54	25	10	41	51	42	44	39	63	51	43	65	58	37	43	64	50	57	35	32	49	56	29	44	47	59	41	43	75	29	56	73	40	78	62	47	26	39	80	42	56	24	79	88	61	54	45	35	101	35	74	55	55	95	38	55	56	17	37	28	54	52	52	27	29	44	60	39	24	17	59	46	22	25	63	16	64	392	26	42	37	53	46	49	79	47	56	29	23	8	9	33	25	102	38	27	67	29	63	55	57	44	57	21	21	36	39	38	75	67	57	59	27	40	22	68	34	58	34	52	62	35	70	29	13	44	69	25	37	37	28	27	46	34	102	25	30	47	32	43	35	74	56	30	52	50	23	95	55	43	50	34	42	40	82	89	50	85	65	42	31	46	67	96	73	31	92	54	26	36	40	57	60	51	16	38	73	48	50	34	83	34	32	49	36	47	21	38	34	37	54	115	43	88	45	56	68	54	77	45	56	66	62	72	45	45	67	73	46	46	76	80	23	22	53	70	65	42	29	70	40	34	47	66	409	51	78	34	35	68	33	52	53	32	33	66	25	119	111	51	51	64	60	65	31	52	47	43	61	49	68	52	36	61	94	42	26	104	41	77	73	28	44	75	57	33	29	41	71	33	46	87	64	84	97	60	50	76	73	66	118	68	49	61	83	50	47	23	38	55	39	65	26	50	52	67	116	48	48	38	34	42	31	55	57	35	74	45	37	27	90	69
C[T>C]T	22	74	60	46	46	90	55	40	49	110	74	98	81	42	43	57	28	35	59	51	88	43	57	58	26	30	95	34	58	82	62	24	71	32	48	29	125	63	26	45	22	70	64	48	40	54	26	56	90	89	48	35	61	131	122	58	38	122	80	63	49	89	106	151	49	32	56	45	65	45	90	23	67	50	114	47	67	86	44	103	92	51	47	68	86	59	74	86	25	45	76	52	41	45	17	38	57	38	43	34	19	61	38	44	71	31	50	45	36	37	67	32	41	90	54	31	45	31	38	47	46	116	55	23	36	31	40	53	91	69	46	57	101	76	50	11	26	67	20	41	45	45	56	49	46	60	64	28	24	41	135	20	34	14	60	86	47	51	43	10	15	45	47	50	70	58	70	44	76	84	37	50	34	42	38	18	57	94	37	78	71	94	60	64	32	31	61	48	61	58	34	34	35	61	48	18	50	46	56	68	74	65	51	50	54	72	9	106	35	34	15	37	46	32	33	94	59	72	29	53	49	103	42	34	69	31	96	25	59	7	31	86	34	35	51	33	30	21	49	59	44	43	40	98	29	104	28	29	49	45	55	24	58	37	60	43	44	82	36	50	67	131	44	102	11	92	70	56	44	60	67	25	59	110	30	47	19	43	58	54	61	66	241	53	129	41	53	44	60	54	40	66	66	81	57	75	51	72	74	37	31	54	40	26	92	30	23	24	104	67	15	26	49	49	46	32	26	87	89	70	30	64	25	48	32	42	97	38	54	42	36	24	71	50	44	60	68	84	119	25	50	37	32	67	59	141	55	25	55	23	67	54	76	52	44	71	63	46	68	45	25	33	53	30	40	31	63	64	58	22	61	50	84	73	48	55	86	92	53	58	54	41	47	49	38	72	43	19	56	51	62	8	33	66	26	89	43	29	36	34	49	48	68	50	42	79	76	96	24	37	55	20	77	73	29	56	60	27	32	92	90	48	35	39	17	36	63	29	14	21	36	24	22	25	41	27	43	33	62	42	14	60	13	104	19	39	56	36	50	36	25	46	44	78	38	41	70	59	30	34	50	44	64	34	69	59	31	42	40	109	29	41	53	37	68	53	68	40	40	34	186	73	56	66	27	42	64	36	26	36	26	64	57	247	106	44	59	71	19	62	19	24	29	39	22	69	30	25	68	86	21	44	31	37	27	98	71	19	49	40	43	67	75	81	42	55	80	57	36	34	64	68	39	39	72	81	45	39	69	24	39	56	45	46	80	69	60	27	85	46	37	48	45	48	38	68	41	34	67	111	56	92	90	54	89	23	78	41	90	38	44	27	20	17	72	31	27	73	27	68	27	72	84	53	31	53	48	44	44	42	51	46	26	20	47	63	38	50	47	63	54	38	65	32	29	34	32	38	36	29	43	62	24	80	42	36	85	45	58	27	122	19	31	43	36	37	26	64	35	34	58	134	48	56	29	44	43	31	59	95	32	60	65	40	43	33	56	77	44	66	89	35	55	50	57	9	95	90	50	43	47	89	19	65	58	26	88	63	54	26	65	50	39	28	89	41	61	20	35	48	67	29	14	34	49	42	56	42	66	49	52	61	56	47	56	78	41	73	46	32	58	57	29	40	46	65	63	41	54	33	54	65	37	69	71	83	30	55	70	34	42	19	59	84	58	51	71	42	68	37	53	69	42	85	39	81	41	48	45	25	61	54	53	28	24	53	81	53	34	23	61	43	20	28	56	22	73	314	35	43	45	52	60	44	75	51	64	24	27	20	16	28	33	95	30	20	82	42	51	58	55	59	67	22	25	42	30	34	74	54	50	79	24	43	14	94	41	50	29	56	67	35	45	26	15	58	54	26	35	51	40	28	36	38	83	27	38	53	37	34	37	80	40	32	52	37	29	105	57	35	42	30	72	46	87	75	40	79	61	39	36	48	47	106	61	37	80	44	29	38	41	33	51	50	27	44	85	44	44	41	107	19	41	53	49	43	21	39	26	47	55	158	33	99	47	42	46	57	86	53	44	63	65	86	29	34	72	64	57	43	78	66	38	27	56	80	57	43	21	82	62	30	36	42	321	49	58	34	41	71	41	41	65	41	37	79	20	110	107	53	52	72	60	62	22	60	66	49	68	44	61	33	45	84	90	63	49	136	64	151	114	21	71	85	96	19	38	68	97	34	46	79	87	93	88	91	75	91	112	65	118	111	72	88	80	63	56	29	45	36	35	105	14	61	79	85	113	41	48	42	40	39	45	68	33	27	94	46	47	32	96	74
G[T>C]A	26	69	44	51	42	110	41	38	38	106	73	82	77	50	28	53	27	43	66	50	73	27	56	70	44	32	76	40	59	82	54	28	67	31	62	43	181	83	31	45	30	58	46	83	32	32	39	54	99	74	70	42	67	93	126	75	52	165	81	81	70	125	98	432	48	33	48	48	65	54	84	22	62	56	65	30	75	76	47	79	67	47	35	56	76	66	81	66	22	31	53	30	30	47	15	30	50	35	48	50	21	62	49	41	56	27	64	27	29	28	91	37	56	69	65	35	54	17	45	40	42	86	40	29	43	43	40	51	82	93	48	64	169	67	66	14	15	89	21	40	28	37	71	61	54	44	60	18	21	60	88	22	28	18	67	64	58	43	39	26	19	37	42	41	61	41	55	35	86	89	27	25	33	36	33	8	69	90	47	58	39	86	61	61	25	34	63	50	59	80	40	26	36	42	41	28	47	52	55	79	64	50	86	35	51	48	7	74	50	30	14	54	51	36	48	73	40	86	20	48	38	84	53	34	47	29	72	20	55	14	23	75	30	44	48	39	17	16	55	50	46	32	30	76	39	87	35	33	28	32	57	14	47	35	37	44	48	89	39	40	61	111	44	120	31	72	129	66	41	70	59	29	67	85	45	42	15	21	50	48	61	53	193	76	92	45	62	44	51	28	58	71	50	74	60	76	70	47	66	36	31	74	45	36	97	23	33	28	93	59	23	21	61	73	63	21	19	139	60	41	35	67	18	46	35	39	87	37	55	42	34	17	63	41	23	39	69	58	294	43	41	29	47	51	38	121	65	27	52	33	60	57	46	59	45	54	47	37	73	46	25	28	33	40	46	40	85	62	46	29	66	57	61	69	41	60	82	82	63	49	56	23	36	52	38	78	49	20	71	57	58	21	33	63	55	57	51	26	36	30	47	44	64	46	51	34	62	85	44	32	49	24	75	64	31	50	54	39	30	74	85	26	22	39	15	20	69	32	16	13	27	21	17	17	28	27	38	25	79	47	18	73	16	66	15	50	55	26	41	38	27	33	53	69	56	25	42	44	44	29	46	33	58	25	49	58	42	43	38	72	34	40	40	33	79	41	60	40	40	38	138	61	74	38	39	45	43	34	23	16	25	71	52	688	61	49	49	47	32	71	23	23	27	52	19	65	39	29	74	96	18	38	40	28	21	83	19	28	47	36	41	50	77	61	42	51	56	63	56	38	62	57	48	27	48	71	35	24	53	26	35	62	46	37	59	75	47	26	51	51	44	54	42	50	31	48	39	55	58	85	66	47	60	51	83	31	54	34	75	37	52	44	32	20	44	30	25	57	31	60	32	65	66	63	22	32	46	37	33	30	65	31	37	18	64	63	38	51	35	71	48	50	51	40	22	18	33	42	34	17	29	64	26	87	32	33	86	53	63	24	100	22	30	32	40	41	23	66	47	24	66	69	45	50	24	39	62	20	29	92	40	53	49	30	48	31	52	68	46	60	93	40	36	66	55	11	77	69	54	51	51	58	16	67	37	19	85	61	58	19	56	43	53	43	74	42	39	21	46	48	54	30	10	33	53	39	55	36	64	45	47	48	59	40	36	60	41	54	52	31	63	58	23	51	42	49	69	47	78	34	51	83	37	70	74	83	26	44	103	42	32	15	68	112	57	58	66	40	73	63	101	44	57	98	22	70	56	22	33	27	37	44	38	38	35	56	62	47	30	22	66	34	29	22	64	10	72	829	38	46	46	37	54	41	72	37	50	32	20	9	8	30	32	96	24	22	62	36	51	45	36	34	61	28	28	29	49	36	62	38	64	48	30	40	22	60	26	39	26	42	47	35	67	32	12	43	39	31	34	48	28	27	33	44	87	29	30	51	26	30	31	58	50	36	39	25	28	80	53	37	43	37	44	39	68	64	46	61	30	56	42	35	65	79	66	34	53	57	37	23	28	30	47	41	35	42	66	48	25	35	55	22	19	59	27	32	17	34	23	55	47	131	24	78	39	55	25	62	83	33	58	53	56	69	39	39	64	62	56	42	55	54	24	29	66	75	58	37	22	73	49	36	23	69	793	49	46	48	37	70	51	55	52	30	48	76	38	106	85	41	36	49	62	40	28	55	49	73	82	29	74	42	42	79	93	54	77	173	102	193	114	14	74	85	77	20	29	73	117	31	40	49	102	83	74	120	61	100	105	74	105	130	82	123	74	43	59	17	36	44	43	113	11	72	62	136	135	43	60	29	37	42	59	71	45	17	81	39	28	20	118	92
G[T>C]C	7	26	23	16	19	51	24	24	19	60	26	36	15	28	18	20	11	19	30	22	34	19	25	17	11	13	41	22	23	38	23	16	31	15	25	22	53	28	19	18	13	28	20	23	16	13	16	33	28	35	18	16	37	42	37	26	17	60	36	28	32	40	54	102	21	19	21	17	33	23	43	19	25	11	42	24	26	34	20	28	33	29	15	26	43	26	28	29	15	19	36	19	21	18	9	13	21	23	29	29	12	29	24	29	35	9	14	22	14	18	44	22	20	37	28	22	15	5	18	28	15	35	28	18	16	13	19	28	35	24	13	28	52	21	45	7	10	45	14	16	24	15	38	34	17	25	27	10	4	22	54	12	16	8	29	34	31	14	19	10	10	17	25	25	35	19	24	26	32	38	10	26	20	11	16	9	42	41	20	31	24	41	34	34	19	9	20	19	33	26	19	16	12	23	12	22	16	24	36	52	22	34	30	32	23	33	6	30	30	10	11	12	15	14	22	37	13	47	18	25	23	42	20	13	30	16	38	4	36	6	13	33	12	17	26	14	10	12	26	23	31	18	24	22	12	61	8	11	21	31	16	13	11	28	16	15	21	42	16	19	30	55	25	46	4	36	48	24	18	34	26	24	25	38	14	30	11	7	23	20	26	32	204	22	44	23	30	14	19	18	17	32	22	34	20	42	26	26	30	15	16	37	23	20	63	12	13	14	53	23	10	15	23	36	25	17	15	50	32	36	17	25	11	11	16	20	37	25	20	21	14	10	39	28	17	18	37	29	62	14	20	14	14	20	20	58	27	9	19	8	33	24	34	20	20	33	30	14	28	18	8	9	23	15	18	25	25	27	23	10	39	17	29	33	19	15	40	36	32	29	31	16	19	29	17	16	21	7	31	34	32	10	21	29	21	38	38	9	17	13	16	23	43	24	26	22	28	50	18	16	22	15	35	24	20	25	29	13	20	17	34	14	16	19	14	7	43	11	10	7	27	8	10	5	24	14	20	13	47	19	10	35	13	35	6	24	30	6	22	25	12	12	23	43	20	14	17	28	21	10	17	18	28	18	32	21	18	12	14	41	20	21	16	34	29	26	30	15	22	13	86	28	32	23	11	20	17	14	9	14	9	43	25	145	19	37	17	25	13	24	7	20	19	29	12	17	9	10	27	37	8	21	24	23	9	40	17	14	22	14	17	20	24	31	24	30	32	31	29	14	23	28	21	15	25	29	15	22	25	17	20	31	31	15	32	36	21	9	32	21	28	25	16	17	13	24	12	25	24	49	26	42	33	27	31	10	20	12	41	24	23	14	15	18	32	24	13	32	16	38	14	34	26	23	14	13	25	28	27	18	28	15	20	10	25	24	23	23	18	31	20	18	34	16	16	13	11	15	24	9	15	27	12	25	12	10	34	18	29	12	39	5	17	21	28	23	8	18	15	19	25	28	25	28	12	15	23	16	16	39	15	23	29	15	15	19	29	37	27	30	50	22	25	28	15	8	24	33	31	19	27	34	6	25	30	13	33	27	25	10	33	32	31	16	44	16	30	5	14	27	30	12	8	19	26	19	18	10	35	28	24	22	26	24	20	28	16	21	27	21	22	24	8	16	22	32	35	26	29	16	26	17	10	34	44	36	10	20	42	15	20	15	27	36	26	23	35	12	24	33	32	24	15	40	11	24	20	17	20	10	20	23	17	20	17	12	26	16	18	10	35	22	10	8	30	13	25	213	19	15	17	14	29	30	28	18	22	12	7	10	6	14	18	38	13	7	39	16	15	24	24	22	23	14	6	15	25	20	21	27	16	23	25	20	8	42	17	17	16	22	21	19	34	25	8	10	18	20	24	16	22	9	18	21	38	8	20	14	15	19	19	33	24	17	23	16	23	34	28	17	8	28	20	29	44	30	16	31	33	29	23	16	20	43	36	9	27	18	13	19	11	15	27	25	25	20	19	30	17	22	30	14	11	28	18	20	8	19	15	16	23	72	16	32	16	14	18	27	24	26	26	24	23	45	15	15	30	31	23	16	24	21	10	20	31	27	37	17	15	40	38	23	20	20	209	13	21	36	19	43	17	33	36	23	22	35	8	46	42	33	18	23	38	20	11	33	29	48	43	25	50	21	20	32	64	40	46	107	67	123	60	9	57	46	62	15	19	47	66	11	25	37	50	50	52	87	37	55	75	45	61	77	35	105	67	35	22	19	10	21	43	78	8	30	41	84	105	19	46	19	19	15	42	39	19	11	49	28	26	11	56	54
G[T>C]G	7	26	36	33	23	65	35	28	26	71	45	61	35	30	20	40	22	19	40	29	51	26	39	36	24	25	54	31	47	53	57	33	31	16	27	19	77	35	19	37	30	40	39	41	25	29	30	42	39	45	45	22	27	63	69	43	29	87	51	42	41	55	71	214	30	17	43	28	33	31	47	20	36	42	46	19	52	33	30	48	51	32	31	25	56	43	50	46	14	27	42	25	31	35	15	27	28	29	33	31	17	43	23	32	36	16	32	27	22	20	56	22	34	56	30	21	27	13	32	26	21	53	44	17	34	21	31	35	54	39	27	38	65	29	48	4	14	54	9	24	18	24	40	36	42	42	41	7	17	36	61	7	21	14	46	52	35	23	24	12	12	24	34	29	37	36	34	23	51	63	23	38	20	22	23	9	46	56	39	54	26	37	39	37	21	21	20	30	42	36	29	26	27	47	22	19	32	28	42	48	46	40	49	23	39	41	6	50	30	16	12	29	41	21	30	44	25	66	26	40	24	56	33	19	35	21	46	9	35	10	18	59	14	21	26	23	18	20	40	31	35	19	23	44	25	69	24	21	28	29	41	13	25	22	23	28	31	47	26	26	54	89	30	67	5	47	61	32	27	27	43	39	34	50	30	36	14	19	39	22	51	43	151	33	87	36	40	33	39	28	29	48	28	45	36	52	46	40	51	27	19	50	23	28	73	24	15	20	55	49	7	16	37	50	23	17	16	63	48	36	23	50	15	26	28	28	55	33	35	30	30	11	44	36	19	29	55	40	169	25	29	26	20	37	27	85	36	10	23	21	37	25	41	36	36	27	40	35	43	22	21	16	30	15	33	30	43	32	28	20	57	36	62	49	31	45	68	62	30	37	39	25	31	44	27	31	29	12	49	32	34	6	35	41	40	57	33	9	33	22	27	33	50	31	46	36	39	78	31	17	24	16	51	41	14	48	42	21	29	41	63	22	10	26	23	21	46	21	10	8	28	14	13	9	32	26	32	26	50	30	15	47	13	44	13	52	37	23	36	32	19	14	42	57	27	19	43	36	38	17	29	24	46	19	38	24	31	32	18	58	24	29	20	35	47	39	40	33	36	30	100	42	40	41	12	51	25	27	21	12	17	46	30	373	48	33	26	29	18	42	23	15	28	27	8	43	16	13	43	46	20	27	30	29	26	57	22	18	47	22	19	40	38	51	27	33	52	45	24	24	36	48	31	20	30	56	31	24	32	22	21	38	31	28	54	47	26	15	50	32	34	33	22	24	24	32	21	29	51	80	62	63	55	42	42	20	28	27	81	25	45	23	21	20	41	24	16	37	30	49	21	39	49	39	23	30	29	30	26	18	33	16	22	14	34	35	26	36	19	41	28	37	49	35	18	17	9	23	32	13	30	54	14	55	28	25	56	37	43	16	62	8	17	23	23	16	13	40	29	23	45	46	35	29	11	28	30	17	31	44	28	37	31	26	31	25	42	41	43	51	55	30	38	49	40	7	62	39	44	28	38	43	18	43	33	16	61	43	46	9	52	27	39	36	58	31	46	12	33	37	42	21	8	22	32	36	55	26	55	30	35	49	38	20	25	59	41	31	31	27	29	31	27	36	36	31	44	29	56	15	42	69	12	52	52	46	12	25	53	28	39	14	45	67	26	27	43	25	51	28	54	26	39	66	14	54	48	17	33	13	26	36	38	29	22	43	31	26	21	16	40	37	18	11	32	15	51	402	16	27	30	32	28	48	44	19	35	23	12	4	4	27	26	57	25	25	51	12	27	33	31	32	26	8	10	25	18	23	53	23	40	44	26	36	16	55	23	31	19	45	50	14	40	29	10	30	35	27	23	30	19	12	29	23	65	15	24	32	20	21	23	42	43	37	38	24	23	73	27	32	32	26	26	29	43	34	41	43	22	40	32	22	31	49	42	14	34	35	23	19	26	25	39	39	25	32	50	30	29	33	57	23	17	36	19	20	13	31	44	19	34	99	32	46	35	39	31	40	53	27	25	48	40	50	31	24	47	41	35	44	48	49	14	25	58	62	51	30	21	46	36	21	25	51	453	30	41	33	20	48	30	36	42	27	24	50	28	78	52	35	28	43	37	32	26	35	34	43	58	28	53	17	27	41	54	24	35	86	53	118	54	11	63	60	66	21	21	46	69	21	27	49	52	69	60	70	40	63	70	73	67	76	44	89	61	38	34	19	25	28	31	61	16	41	47	84	81	36	29	21	27	30	33	52	31	15	49	45	35	23	71	69
G[T>C]T	17	62	46	36	28	67	39	29	39	106	59	80	48	50	29	39	19	42	60	45	73	27	45	37	28	34	62	37	41	69	54	30	61	27	30	31	73	65	43	56	23	42	28	54	45	35	30	49	68	69	44	26	47	59	84	82	53	83	59	67	55	78	75	244	38	24	51	35	53	41	79	27	35	36	68	46	51	54	39	59	65	42	40	39	62	62	53	53	17	31	45	56	36	45	26	35	30	36	41	50	36	55	51	48	65	22	52	36	22	43	73	41	36	61	56	32	49	17	41	27	33	63	53	33	36	19	23	36	73	65	29	44	103	42	55	7	19	58	24	39	46	45	48	71	46	55	43	15	28	46	72	19	27	13	60	47	52	45	29	24	23	48	50	45	45	29	33	52	77	66	29	26	30	33	24	9	64	59	50	67	66	68	53	44	25	34	40	32	65	50	36	30	37	39	37	31	43	45	47	83	61	57	54	31	30	68	11	68	40	23	25	37	44	36	49	70	48	62	22	59	45	65	43	33	71	42	71	31	61	3	19	69	20	34	49	37	23	22	42	54	51	32	38	46	27	122	23	37	33	42	42	13	45	36	44	26	41	66	35	50	70	88	41	61	13	56	69	47	28	41	46	27	60	64	37	51	27	26	50	44	47	56	198	49	90	45	69	59	32	42	36	58	47	62	65	90	59	46	47	29	39	60	39	24	79	24	44	25	90	49	24	13	73	56	59	20	17	60	70	52	36	55	25	32	32	44	70	50	43	47	39	18	63	42	22	49	52	54	180	42	43	43	47	53	43	92	57	27	43	27	58	43	48	48	34	51	59	42	48	27	26	17	33	26	38	38	74	53	40	20	54	55	72	44	60	39	81	73	45	49	71	26	39	62	42	61	38	14	53	51	49	23	38	45	33	54	46	23	43	30	44	57	72	41	60	38	55	95	29	33	26	15	54	49	23	47	58	28	39	53	75	28	19	24	25	26	50	25	23	31	52	24	13	27	26	25	35	28	94	49	16	56	11	73	20	46	48	27	44	36	35	27	51	54	58	29	46	37	45	27	35	40	47	21	50	59	33	53	36	54	45	29	47	42	57	38	51	39	40	35	139	38	65	40	23	49	44	24	29	13	25	57	50	362	53	49	39	47	18	69	32	28	32	58	28	42	33	23	55	64	10	42	44	34	19	62	42	29	46	47	28	51	62	60	37	48	43	74	56	31	48	54	50	31	57	59	39	43	45	25	35	58	45	50	57	62	40	28	44	44	33	58	43	46	32	77	40	39	57	102	66	53	73	43	48	26	42	32	63	36	47	29	26	46	54	27	28	58	37	60	34	56	65	42	18	42	47	50	48	28	53	39	27	32	46	42	44	42	32	46	48	41	56	42	20	32	31	25	30	13	35	46	24	71	32	39	77	45	78	23	86	15	35	44	44	27	15	52	49	34	50	38	46	53	20	36	57	23	27	76	40	49	34	33	30	43	54	49	40	45	89	35	49	78	52	19	55	65	63	35	49	66	16	50	50	26	72	66	50	18	46	50	52	45	56	24	47	16	34	53	63	28	12	37	35	49	45	31	66	51	54	41	34	35	41	70	46	39	35	43	44	47	28	34	38	41	53	31	77	28	44	53	23	56	42	60	20	41	72	28	41	22	58	54	46	41	60	38	49	39	58	45	40	75	20	51	46	29	42	22	28	43	43	34	33	47	48	39	41	22	48	47	31	14	46	15	62	562	26	35	46	39	43	75	59	26	37	21	16	22	21	25	39	77	28	20	59	40	39	41	51	23	58	30	18	32	56	34	62	47	46	44	33	34	13	76	37	34	44	46	47	28	60	15	9	42	34	26	42	50	40	19	38	25	64	19	27	41	32	33	24	54	46	27	50	43	22	72	39	41	30	39	42	47	57	48	48	50	41	53	39	38	51	63	74	17	44	38	38	28	20	35	46	65	27	35	41	47	48	37	52	12	23	44	41	36	22	43	13	44	24	130	32	66	31	33	25	52	69	37	39	52	51	81	45	40	71	60	69	48	39	50	24	24	60	65	51	46	21	51	61	26	28	43	510	29	50	35	44	69	54	68	59	40	38	55	47	81	86	62	49	56	62	48	31	61	46	47	78	20	72	29	29	56	87	46	54	112	65	124	80	14	78	61	77	15	33	63	82	33	49	53	61	69	65	98	57	67	83	57	67	101	59	91	65	41	50	19	21	44	43	82	16	43	57	97	97	37	58	32	33	37	53	58	45	19	60	50	34	28	91	74
T[T>C]A	25	84	74	56	57	274	89	78	65	175	159	150	92	65	51	63	44	56	101	60	147	55	63	198	58	47	180	49	100	184	85	52	121	39	130	64	543	104	57	77	43	82	70	74	64	61	57	101	364	124	132	95	87	279	221	111	73	372	124	173	138	361	281	401	68	44	98	66	195	131	102	50	78	69	134	55	166	89	60	124	83	84	95	83	121	116	120	91	28	45	85	37	48	70	28	53	74	43	74	76	27	89	66	59	109	43	53	47	50	43	106	54	61	98	95	54	73	31	57	41	61	116	65	36	49	56	53	74	99	170	124	149	410	111	102	13	24	78	21	58	49	54	95	63	90	70	82	43	29	68	157	35	39	23	72	119	67	55	46	20	30	48	73	60	80	58	90	68	117	128	31	59	57	49	63	25	100	138	58	99	76	110	85	83	38	45	63	56	78	84	42	41	57	60	60	29	56	71	58	105	76	88	79	53	69	66	13	111	53	30	27	47	51	53	51	109	59	98	32	71	58	110	67	52	86	49	99	31	94	14	37	128	48	50	62	44	35	32	79	50	62	39	45	127	41	106	55	44	71	48	76	29	63	36	72	63	59	95	60	49	90	164	68	398	98	155	387	168	92	117	72	46	90	134	67	57	26	31	78	57	149	108	351	125	173	115	95	61	87	47	70	91	82	101	79	109	64	61	78	55	38	79	55	33	139	34	46	19	133	82	51	25	104	140	91	38	36	318	134	77	29	171	30	68	55	59	134	54	58	63	73	34	72	72	37	73	87	78	278	40	74	59	34	85	67	159	70	35	57	48	63	53	74	62	41	90	75	59	211	94	53	49	61	41	61	73	94	95	58	29	108	76	89	75	67	69	125	97	78	86	80	39	59	56	46	85	62	28	64	78	54	17	44	136	60	75	81	38	43	43	58	54	67	95	56	74	84	91	41	43	52	31	89	77	47	87	91	48	57	86	137	47	42	55	39	40	84	33	23	21	45	24	24	31	54	32	44	32	85	59	26	70	27	108	16	72	73	50	74	73	26	43	57	102	49	48	95	64	52	38	83	52	88	43	64	93	53	61	37	133	53	59	52	66	125	66	106	69	56	51	178	94	80	73	52	77	59	45	32	34	34	96	61	652	108	59	69	73	43	76	35	41	43	46	34	100	38	32	98	115	29	57	55	45	26	104	51	23	64	46	78	84	70	89	62	62	79	99	62	43	69	74	70	33	95	109	77	45	97	40	49	82	51	60	96	106	63	31	64	65	61	62	74	69	41	83	36	76	109	122	84	95	100	68	114	34	69	59	116	44	66	42	33	29	88	28	31	81	36	88	38	78	90	84	43	64	62	52	55	38	80	59	42	25	60	91	42	75	46	78	64	52	79	29	35	43	38	47	51	19	59	77	42	80	28	56	129	57	91	40	112	14	34	49	81	55	34	106	59	46	95	134	63	73	21	49	75	30	34	108	43	65	108	50	51	34	88	98	65	86	146	62	71	91	75	18	99	100	71	91	60	88	24	121	62	31	130	95	69	18	101	73	56	68	109	57	82	12	61	75	107	53	18	48	67	69	62	64	91	78	83	81	72	45	65	103	64	82	52	35	74	86	27	77	52	83	103	50	99	45	75	104	40	91	64	134	30	64	118	51	65	19	162	301	114	112	140	51	153	76	287	90	181	242	35	96	70	49	62	24	71	57	61	37	31	98	81	46	45	44	110	59	53	32	91	18	112	841	54	40	55	74	81	81	80	57	56	35	39	17	13	42	44	97	38	35	75	52	79	66	61	73	66	38	30	41	55	35	107	46	62	80	43	49	36	96	54	63	51	69	70	57	95	50	20	78	57	28	63	53	44	28	53	45	140	28	42	62	39	43	37	92	62	54	54	45	43	121	70	50	42	60	76	63	106	108	56	68	63	70	48	41	67	129	107	48	80	68	45	51	27	51	68	73	35	52	99	67	51	52	75	32	37	80	73	69	16	51	47	53	79	194	51	102	47	65	46	62	126	70	87	66	91	84	60	47	87	77	77	64	99	88	40	46	72	118	78	49	32	109	58	34	57	156	900	141	138	64	51	95	51	73	75	56	58	96	37	265	141	77	54	101	75	88	60	79	83	80	81	52	125	55	66	104	138	69	97	292	143	334	181	19	116	112	130	31	52	133	161	33	37	70	122	147	118	198	133	148	156	114	144	205	126	226	149	70	85	38	52	63	75	163	12	101	136	232	211	41	87	36	41	52	59	96	61	14	108	57	51	24	143	129
T[T>C]C	15	39	30	23	29	65	26	28	38	82	59	66	45	34	24	37	22	29	38	26	99	25	37	33	27	22	56	31	38	61	24	23	57	17	36	31	83	41	15	31	21	32	25	50	29	37	25	38	68	59	34	18	54	72	64	39	41	78	41	42	38	60	65	142	40	24	47	31	29	30	76	18	35	31	51	38	35	46	26	57	73	34	47	33	54	44	50	51	15	20	41	27	29	28	11	21	33	39	55	48	16	65	35	32	44	11	24	28	15	27	61	38	43	48	31	25	35	19	22	22	26	56	54	12	26	15	20	27	74	42	30	42	73	56	52	9	9	84	14	30	42	41	44	40	48	36	39	15	16	47	79	7	17	9	35	41	28	20	20	17	9	32	26	37	38	39	42	30	44	58	19	42	20	16	32	12	49	58	25	41	44	52	67	45	28	23	41	28	63	45	25	20	20	37	24	13	35	51	56	54	36	45	56	33	28	44	6	67	23	24	9	34	29	32	30	52	28	57	13	36	45	41	25	33	51	26	77	12	54	8	20	54	22	22	30	24	20	12	35	26	24	22	35	37	22	71	30	16	30	33	39	24	27	35	33	33	47	58	33	31	51	92	38	61	9	51	53	38	18	41	39	20	35	58	22	37	20	11	29	30	51	51	474	33	59	34	55	27	32	25	28	50	35	54	42	88	51	35	39	15	29	56	19	20	66	27	28	19	48	53	21	13	45	50	29	9	12	69	48	39	37	31	17	30	24	35	74	39	46	54	22	16	42	48	23	31	53	54	79	18	30	25	28	43	39	111	42	19	47	21	40	36	40	42	35	35	53	38	43	22	13	19	31	17	23	30	43	33	42	21	44	42	35	53	33	44	45	55	47	48	37	24	33	43	22	31	32	13	64	39	36	10	36	36	46	57	28	12	14	25	39	31	51	40	40	30	44	79	20	23	32	15	52	37	14	43	52	19	44	43	61	24	16	29	24	15	36	30	17	14	29	24	6	11	31	23	30	19	33	19	11	53	20	50	6	34	46	17	26	45	17	26	26	47	40	25	32	39	37	17	26	33	36	23	51	46	30	29	17	67	34	25	26	51	63	35	50	23	30	25	134	49	31	40	18	48	32	20	16	12	17	45	33	224	55	30	35	40	16	55	15	19	23	21	22	31	18	22	48	50	17	26	27	25	17	47	25	26	37	21	26	44	41	44	43	31	37	44	45	18	41	67	36	11	47	44	37	34	39	19	30	41	35	32	42	39	35	13	31	25	30	33	30	25	17	34	34	27	46	80	38	48	54	41	60	21	35	21	77	36	23	16	22	17	39	19	15	68	24	54	20	51	69	41	19	34	36	38	29	12	50	28	30	13	35	37	29	35	24	46	45	26	51	28	16	26	14	23	23	8	26	50	15	48	15	30	64	39	48	15	69	9	29	34	36	29	10	34	27	12	45	46	31	27	7	24	31	19	26	74	27	40	47	23	33	22	43	46	29	52	103	29	38	53	30	15	47	52	43	45	23	73	12	37	24	13	76	42	39	11	33	61	38	20	67	18	44	17	43	45	35	28	10	36	37	23	46	25	56	43	42	33	32	21	42	55	37	39	40	30	30	45	15	30	19	56	43	18	60	18	30	41	22	42	55	54	14	33	63	32	38	12	42	55	32	26	36	27	51	42	52	37	38	71	14	42	36	21	28	16	17	31	44	27	24	38	43	42	27	22	68	38	17	14	32	12	62	287	16	32	31	38	39	39	47	20	34	12	17	12	15	30	16	59	22	20	65	14	45	33	34	36	45	15	10	25	21	18	56	29	45	34	28	24	19	46	28	26	35	29	54	21	51	18	10	27	38	22	23	33	17	13	35	21	71	16	33	35	23	22	30	63	43	14	39	30	32	82	42	27	19	22	36	32	53	43	49	44	20	36	34	37	25	58	69	28	30	33	19	16	24	28	32	36	28	30	45	25	37	19	49	12	18	35	26	41	10	25	19	21	32	160	23	54	34	36	21	56	57	34	36	40	47	59	38	31	80	58	59	28	48	36	23	18	72	58	47	31	21	64	39	28	16	23	261	31	49	32	21	59	23	33	45	36	22	71	23	73	68	46	24	47	32	48	31	33	41	48	47	24	68	22	39	45	70	48	58	137	76	179	96	5	61	67	74	9	32	72	111	15	25	42	50	64	67	105	50	67	83	58	87	119	63	118	74	33	37	40	15	29	61	125	6	33	63	122	87	19	45	28	28	30	54	50	25	14	57	24	28	16	85	74
T[T>C]G	18	34	38	29	34	71	29	31	29	62	66	75	37	29	27	39	32	35	31	28	69	24	37	75	16	25	75	31	48	72	46	26	65	23	47	27	149	42	26	36	10	44	33	53	20	42	19	67	84	67	41	34	39	82	95	50	35	106	53	61	48	112	97	233	36	24	50	35	52	48	53	29	38	35	70	23	59	54	31	74	55	46	32	40	49	54	46	37	19	22	59	23	21	35	19	20	35	19	32	39	11	54	32	31	50	22	24	21	21	19	61	30	53	58	39	27	31	17	27	23	31	55	57	20	24	22	30	49	68	61	34	50	141	58	51	9	18	52	16	30	38	28	55	35	40	43	52	21	12	38	69	13	21	14	56	55	27	29	25	9	13	30	35	31	47	39	35	29	41	63	19	27	29	32	23	7	43	51	29	42	41	64	43	41	24	24	28	24	42	37	32	19	25	30	26	20	36	32	33	44	48	58	65	22	32	31	8	44	33	22	14	23	43	21	27	68	34	60	25	33	31	60	37	35	42	27	54	11	50	4	17	63	14	36	38	40	21	13	38	40	34	17	26	62	20	60	22	22	31	24	45	25	33	18	30	35	36	51	29	25	50	81	31	100	25	66	119	59	31	38	47	25	52	69	26	34	15	9	36	32	45	44	181	57	67	35	44	25	49	18	28	49	37	56	32	63	46	48	56	20	33	57	29	28	83	20	20	21	74	47	9	22	40	54	56	17	15	111	46	40	22	74	19	26	35	28	68	33	36	28	29	16	46	33	21	47	47	40	120	28	30	28	25	40	30	83	39	14	22	24	35	24	43	28	32	62	37	38	44	26	20	16	27	22	37	30	37	36	38	14	56	41	51	44	28	47	76	52	45	50	30	28	31	23	31	45	38	12	48	44	33	9	33	36	30	56	36	15	37	18	36	37	51	32	39	38	34	47	22	28	31	18	59	48	16	53	49	19	26	46	62	21	21	25	13	14	38	20	11	15	28	13	11	22	35	9	26	15	42	29	9	46	9	43	17	32	30	19	37	27	20	24	24	45	31	25	39	32	34	20	36	26	33	21	41	37	23	32	23	51	28	36	31	37	50	33	55	40	25	27	109	31	40	35	21	49	30	27	27	6	15	38	32	262	66	25	36	38	19	53	17	19	19	52	14	43	18	22	48	59	20	24	28	30	22	53	26	19	32	23	28	53	41	51	27	32	48	45	31	20	34	50	39	20	53	50	32	26	29	22	25	43	24	23	45	42	29	20	45	26	35	36	35	29	14	27	24	28	49	64	59	65	40	39	49	23	37	30	67	22	40	28	27	17	34	23	14	38	27	40	13	35	47	44	17	17	38	31	36	19	36	35	29	16	39	28	22	38	27	33	45	26	60	25	10	13	17	22	30	15	24	42	15	57	27	30	47	38	46	15	65	12	33	33	24	33	14	28	32	23	41	64	49	32	13	32	48	13	27	62	22	33	32	20	27	15	45	51	23	35	72	25	45	51	39	10	60	39	59	46	45	51	13	63	29	16	57	42	29	19	46	37	42	24	68	23	34	11	21	56	31	18	16	24	41	29	38	19	47	35	35	43	46	24	28	48	30	38	32	27	36	31	12	34	34	40	39	21	52	16	34	43	16	52	35	57	19	33	59	26	39	13	53	83	41	41	46	20	57	37	89	37	52	83	24	50	33	17	22	13	30	34	39	22	28	43	48	32	22	21	55	29	19	17	34	10	48	317	23	34	36	34	34	45	49	28	28	23	18	13	9	22	18	54	19	13	53	32	34	38	30	37	34	23	19	24	23	18	49	32	39	38	21	22	11	52	32	37	27	30	45	20	45	24	14	31	30	19	23	37	26	14	28	23	68	13	21	22	23	22	31	57	41	35	34	25	21	56	32	22	26	15	38	29	53	41	38	44	30	23	28	30	45	61	47	17	43	27	34	25	16	21	38	32	18	30	38	32	27	23	55	20	23	38	30	33	18	31	34	25	35	108	31	61	37	39	26	24	71	27	34	28	42	45	43	29	52	46	50	46	45	60	22	26	34	60	49	26	16	51	39	17	33	52	362	44	70	36	21	55	28	39	34	25	30	49	27	84	59	45	41	48	35	32	25	32	38	43	45	28	69	33	32	40	62	43	31	129	65	143	80	7	56	55	71	25	24	61	92	17	12	51	74	68	69	96	52	61	96	59	67	83	44	94	67	47	36	24	16	38	41	71	3	47	56	81	81	23	44	14	30	35	38	36	38	9	52	25	40	16	72	40
T[T>C]T	29	75	57	42	62	93	55	49	58	138	64	102	72	44	54	54	42	46	69	56	113	39	51	71	54	35	86	51	60	98	77	43	98	27	57	52	127	80	42	55	33	82	49	79	41	54	49	65	115	68	52	31	75	127	143	96	49	141	87	76	68	102	107	290	68	32	70	49	94	63	88	37	68	70	104	53	79	97	58	113	75	65	58	66	92	79	75	83	28	33	75	46	41	63	25	37	52	46	54	68	30	84	62	35	84	29	57	51	42	60	86	48	53	81	72	37	65	30	58	52	46	109	74	23	47	38	45	39	108	85	44	61	122	58	70	13	30	100	18	46	45	51	83	78	52	67	57	13	30	64	114	23	34	17	79	70	74	45	42	17	25	49	50	57	79	53	68	53	79	89	35	58	42	36	42	19	85	89	53	80	72	90	88	67	36	42	63	49	76	63	35	39	37	58	41	31	49	68	81	78	79	74	78	41	57	78	5	106	45	31	11	47	72	44	70	82	56	69	37	39	49	108	61	54	82	39	95	24	93	8	22	90	33	55	55	48	24	34	50	63	69	40	53	80	44	121	33	30	64	31	50	30	67	36	52	56	55	94	44	48	91	142	49	116	11	84	90	65	39	83	77	49	73	103	65	49	28	32	59	50	77	62	290	59	119	50	81	59	63	53	53	81	59	79	97	82	85	66	71	37	50	72	49	36	116	24	35	32	104	80	24	29	64	71	63	37	19	109	77	63	54	89	25	56	39	43	103	50	60	67	44	26	65	62	25	60	104	78	235	36	50	35	29	59	51	146	78	28	50	32	59	66	67	68	45	66	56	59	70	40	37	29	42	42	51	51	69	65	55	32	97	80	79	52	51	70	110	106	78	59	69	30	60	58	45	70	54	25	62	47	62	11	51	64	43	64	60	29	38	38	59	49	93	54	46	65	75	106	38	49	49	28	87	65	37	69	53	40	60	70	87	37	23	46	35	26	71	35	12	30	32	28	14	21	58	30	57	38	82	54	27	66	21	74	18	52	77	30	64	55	28	41	46	87	61	42	64	45	61	42	50	53	71	42	74	82	34	53	33	90	51	52	30	55	85	38	84	59	66	43	198	85	62	50	34	57	43	37	21	21	37	99	51	548	78	67	52	62	29	73	37	32	50	35	23	75	26	31	87	102	31	50	49	40	23	84	40	35	44	53	47	67	75	64	60	52	68	81	54	28	66	89	52	48	77	99	55	49	62	30	45	72	72	57	79	98	63	22	61	51	49	68	61	43	35	57	42	60	75	107	69	90	85	65	90	30	81	39	121	35	74	39	29	38	72	40	34	80	50	97	38	68	87	62	35	49	56	57	60	42	85	54	33	21	77	69	45	59	54	86	52	54	61	53	31	51	30	33	42	29	39	72	31	67	32	40	83	46	75	49	111	18	41	44	53	48	27	68	57	49	64	86	56	68	16	35	54	25	34	96	46	53	82	44	43	49	71	68	62	54	109	45	51	82	60	16	73	107	77	63	56	82	19	79	73	18	109	71	55	16	76	57	67	50	125	41	58	16	50	65	73	43	15	43	63	50	79	43	86	75	51	59	52	49	55	103	72	71	60	40	66	67	43	55	69	65	65	31	70	35	70	93	36	88	70	100	42	58	92	45	39	14	72	94	64	56	76	45	59	50	81	62	58	115	27	60	51	44	50	26	35	54	60	38	34	50	82	56	46	32	87	50	22	24	53	22	79	683	46	36	56	51	51	71	82	38	67	28	28	12	16	49	30	105	32	29	89	39	66	57	47	42	54	33	16	38	32	49	88	50	56	47	27	30	18	104	40	58	48	50	68	46	92	43	25	55	59	37	45	49	32	15	58	26	90	34	36	45	32	40	44	74	63	36	43	41	30	101	58	47	53	32	60	49	93	81	54	93	58	56	45	42	64	98	86	42	63	62	54	47	32	28	66	59	32	44	70	49	64	53	77	30	23	63	49	60	25	53	26	54	57	170	40	83	48	66	54	69	119	67	50	49	66	112	47	46	84	85	85	61	81	56	36	23	74	83	83	50	34	97	62	25	48	68	737	62	72	48	49	88	44	70	78	35	36	62	43	121	116	62	56	69	65	51	36	70	73	80	68	31	76	46	54	85	104	73	72	205	102	269	148	15	97	90	126	26	35	102	132	32	48	77	122	100	114	163	76	102	110	97	117	138	87	168	104	60	56	27	33	52	60	143	12	74	82	144	162	39	88	29	37	44	70	84	40	26	101	54	53	24	112	104
A[T>G]A	17	47	37	25	33	142	48	55	27	91	62	74	43	31	30	33	31	25	54	49	67	18	26	109	26	20	97	31	38	76	34	29	63	17	84	22	257	44	24	42	19	38	29	52	28	26	22	38	121	52	46	31	45	89	137	36	40	125	66	73	66	156	148	73	36	29	44	44	137	51	49	22	37	40	47	22	68	48	29	45	40	33	37	32	62	59	59	55	12	25	39	24	23	36	14	23	30	26	33	40	13	38	37	28	59	14	25	26	22	25	64	25	39	51	37	20	34	8	31	20	22	66	24	22	20	34	20	25	55	89	86	77	154	52	55	10	16	43	14	14	24	36	48	30	34	40	37	16	17	26	61	12	21	8	42	46	30	24	20	7	13	26	33	24	35	26	45	52	63	56	24	19	18	23	16	14	54	53	30	42	44	44	30	40	22	29	39	25	39	53	19	23	16	34	25	14	27	35	35	73	44	37	35	29	34	40	4	56	31	9	7	24	37	27	24	44	32	53	26	41	17	43	36	28	36	29	49	15	36	9	16	65	17	22	28	14	17	17	41	35	30	29	22	36	34	40	20	13	15	24	37	12	33	21	31	30	37	70	30	34	61	75	38	221	28	65	142	98	38	47	41	31	46	63	42	29	17	19	29	33	79	58	208	45	66	48	33	33	34	18	29	24	30	49	60	44	58	24	34	23	18	42	19	17	66	17	22	12	75	45	18	12	44	72	44	21	14	210	58	40	19	71	16	29	28	27	57	25	30	39	26	15	48	33	17	29	40	29	17	21	28	23	34	34	32	66	40	21	35	17	33	26	29	36	16	36	30	34	110	30	24	17	31	26	30	35	41	45	22	19	33	42	44	38	29	40	67	61	38	33	38	28	27	40	18	51	33	13	63	46	29	8	15	29	25	30	29	7	17	22	29	32	29	26	28	25	28	41	23	15	23	20	57	40	29	36	35	24	26	45	66	21	22	22	21	19	48	12	11	26	22	14	8	17	16	21	34	18	30	21	6	38	10	44	12	30	25	21	23	19	24	19	19	34	36	16	34	36	31	27	41	33	55	18	29	25	20	24	25	44	24	10	19	39	53	26	43	28	30	25	63	31	30	26	20	37	26	24	17	15	14	39	41	33	42	30	39	40	10	30	21	22	17	28	22	44	20	13	35	49	23	29	38	25	12	35	19	14	33	25	31	26	31	43	34	35	41	60	29	16	39	32	37	13	38	46	32	23	31	18	20	42	37	34	37	46	43	16	36	37	28	35	35	20	14	45	22	31	35	37	46	36	59	22	49	18	36	23	50	20	30	21	11	11	36	23	19	40	17	39	13	30	44	45	14	31	31	36	35	25	41	21	31	13	27	36	20	42	23	33	24	42	34	25	18	25	16	24	23	19	22	46	24	52	21	18	58	19	46	34	41	9	16	31	30	18	8	33	28	24	51	34	33	28	12	25	30	24	19	53	24	32	32	32	33	22	47	35	38	44	44	28	33	54	41	10	49	42	42	26	42	38	16	34	33	20	61	57	30	10	43	39	34	33	60	19	33	9	27	48	50	32	9	31	26	31	32	26	61	34	33	34	26	30	23	48	56	30	29	30	37	38	15	34	32	50	60	26	23	26	34	60	15	36	36	51	15	33	59	22	30	7	98	154	50	44	132	24	66	34	90	47	122	114	22	56	36	16	18	27	15	28	33	17	22	24	39	31	28	17	52	33	24	10	31	6	61	52	17	21	28	33	27	43	37	27	22	14	9	13	10	20	31	49	27	16	42	12	21	24	28	20	43	18	9	29	26	10	41	27	29	41	26	18	15	45	30	23	21	31	36	12	39	21	12	44	21	19	26	27	21	10	28	27	35	10	16	32	20	20	23	39	36	24	26	14	23	74	41	14	36	22	47	29	26	53	31	29	21	38	22	28	34	53	62	14	32	31	13	14	12	24	31	26	18	21	52	38	25	27	37	13	9	46	33	22	11	22	19	22	25	68	20	55	23	33	14	27	50	24	28	42	33	37	26	28	43	33	25	39	36	38	21	8	29	63	36	33	17	37	31	20	24	75	92	58	50	33	28	47	34	44	32	25	34	48	14	98	68	42	21	36	36	41	22	46	38	28	33	13	26	18	22	24	44	14	17	82	17	32	21	4	29	48	37	8	6	26	17	18	14	22	23	37	31	14	15	31	26	29	46	18	17	36	17	14	34	4	13	38	27	36	4	40	23	15	27	19	18	14	12	25	26	32	21	6	18	20	19	15	28	33
A[T>G]C	7	51	27	17	37	57	25	33	33	83	34	65	33	34	25	52	22	23	59	29	45	20	31	31	20	17	35	19	28	40	38	29	41	22	14	16	56	31	22	31	22	39	20	62	21	30	14	18	38	30	30	18	32	45	73	24	19	68	51	38	31	40	54	66	31	24	27	27	33	22	43	20	44	34	50	19	35	29	23	57	19	35	34	33	43	45	62	51	12	16	24	11	14	23	9	16	28	9	27	18	4	34	39	16	36	18	25	11	14	30	59	24	31	48	26	20	23	6	44	19	17	71	17	16	16	38	19	36	45	48	22	30	65	31	42	8	11	29	8	27	12	21	44	20	27	35	34	13	13	33	57	11	15	7	25	54	23	18	18	0	11	14	32	25	28	23	38	34	65	51	23	25	17	20	7	8	59	64	23	51	40	36	30	43	21	24	37	23	41	42	12	17	12	45	29	14	23	30	29	44	40	32	24	24	35	31	2	63	24	9	6	17	23	16	19	58	28	48	16	23	21	59	37	18	36	14	41	11	33	5	16	35	18	30	22	18	14	23	28	36	36	21	15	41	19	32	19	18	19	13	33	7	22	20	25	25	27	59	26	22	56	64	29	28	7	36	46	25	21	49	28	30	39	52	27	21	4	13	28	21	19	52	118	21	63	23	31	25	36	17	27	27	41	28	17	33	40	28	50	22	11	18	26	12	65	18	28	15	75	31	13	9	17	28	30	19	5	31	50	29	11	51	9	26	25	19	48	27	19	14	24	14	29	32	24	27	42	35	16	15	20	25	13	25	25	34	47	9	30	16	32	28	20	28	16	28	30	14	22	15	14	11	20	14	23	31	56	30	22	13	27	43	42	35	29	27	60	51	30	24	30	14	18	37	15	42	22	15	42	31	22	4	16	8	10	15	23	11	11	13	9	21	29	25	25	24	20	31	18	24	23	11	49	46	21	31	37	20	30	29	56	16	12	22	14	13	22	12	6	10	20	6	11	11	25	9	28	19	30	24	6	31	7	34	8	33	26	27	23	17	23	18	30	38	26	7	37	22	16	20	18	21	45	11	33	34	25	25	17	51	16	19	18	29	49	20	42	33	23	17	58	28	25	15	32	29	22	25	11	16	7	34	27	27	30	49	28	27	19	36	10	21	11	17	20	43	18	4	57	34	10	31	19	18	8	29	11	7	23	26	31	28	22	26	29	31	30	51	20	17	36	22	20	8	31	39	18	19	25	12	19	34	26	20	28	35	19	13	24	26	20	30	30	27	14	29	21	34	44	45	46	27	44	24	38	11	39	28	43	21	23	12	8	14	48	7	18	30	11	34	8	32	32	35	16	26	25	20	27	16	31	16	21	7	33	41	11	35	14	34	24	30	23	15	30	15	21	17	22	7	27	41	9	43	16	10	41	14	33	27	36	15	17	15	28	16	12	28	18	23	49	35	28	15	12	20	32	11	11	43	27	24	39	27	22	29	39	32	38	29	40	22	26	46	31	7	49	51	46	40	25	29	9	22	27	9	59	51	24	9	37	44	23	21	42	16	25	11	27	17	25	15	8	19	25	17	32	19	51	22	22	45	24	20	15	44	36	23	23	13	33	45	18	21	15	47	38	19	31	23	22	49	17	50	38	56	21	22	54	19	23	9	34	44	33	26	31	21	43	30	25	30	18	33	12	46	25	22	20	7	8	25	27	20	15	26	35	16	27	10	57	34	15	8	32	6	47	32	11	23	38	22	40	27	39	17	26	17	12	4	5	24	19	50	11	6	42	13	29	32	31	25	28	7	11	11	17	16	44	23	19	32	17	14	6	53	22	18	14	24	31	15	32	15	5	23	20	19	22	27	8	10	36	10	27	11	14	16	17	14	17	39	23	19	22	25	15	41	24	16	21	10	29	27	26	29	28	22	30	32	20	17	20	40	44	22	30	23	9	15	8	19	23	24	15	23	49	36	14	21	51	9	11	42	23	26	16	18	5	17	25	37	22	47	11	36	13	25	46	22	41	22	39	41	15	24	39	20	30	34	46	34	11	17	35	50	39	20	19	33	25	19	18	31	51	17	40	21	23	34	28	19	53	19	33	37	10	56	66	39	27	40	32	29	21	31	44	13	20	16	16	6	21	34	31	10	11	32	10	29	15	10	19	22	42	10	7	16	12	14	13	22	24	24	30	19	21	27	21	22	37	20	17	36	14	9	17	5	12	15	21	30	3	19	23	13	18	19	19	20	15	10	19	25	10	9	19	15	22	9	37	32
A[T>G]G	15	51	30	22	33	89	39	46	29	76	50	59	53	40	31	40	24	34	54	34	48	31	37	53	33	23	47	29	34	54	42	26	50	25	56	25	150	39	30	29	20	39	32	58	40	32	20	30	74	31	52	20	42	85	95	46	18	100	62	73	58	97	97	60	22	31	41	38	62	40	44	20	26	28	59	28	51	45	32	51	32	47	42	35	50	49	58	52	17	31	32	23	17	37	15	27	45	28	36	28	15	40	46	29	42	21	26	25	24	27	66	25	41	63	41	16	19	10	48	17	18	88	39	27	25	40	24	36	46	67	47	48	88	48	43	9	16	39	16	22	14	31	53	27	32	41	37	18	15	35	65	22	18	11	31	54	43	31	19	6	14	25	35	33	50	36	39	26	57	67	24	27	29	21	21	10	54	52	28	52	30	51	25	38	24	33	37	26	53	58	15	35	16	39	41	16	21	41	46	42	46	38	41	26	32	37	7	64	37	12	13	26	23	31	30	61	50	47	23	31	26	53	43	24	42	18	35	21	34	9	16	40	21	28	35	39	16	23	40	35	39	18	26	48	17	29	19	20	32	35	35	16	29	19	32	30	23	49	33	35	41	84	36	139	15	64	77	58	42	48	47	32	49	65	23	23	12	15	31	20	49	40	400	29	71	47	27	27	38	31	39	46	43	38	27	55	57	45	61	21	21	42	31	17	61	20	30	18	75	52	17	24	36	46	37	26	17	89	58	33	24	55	13	38	31	25	54	31	25	41	32	14	43	44	17	39	45	28	16	33	36	26	30	39	22	56	48	15	20	18	33	23	33	36	21	50	35	26	55	21	24	33	28	17	30	26	41	48	20	17	36	41	47	51	46	33	70	56	35	51	37	19	18	41	29	38	27	9	30	41	27	1	24	29	29	26	44	14	16	26	35	33	22	25	35	19	35	41	24	21	30	20	68	57	23	48	46	14	20	45	46	31	17	31	13	19	35	19	7	12	30	23	12	11	33	27	28	15	28	28	10	46	17	46	12	36	41	31	42	31	28	26	34	59	34	8	45	31	31	27	29	32	46	16	32	35	20	30	19	65	28	25	22	27	49	27	41	35	31	24	56	41	32	32	27	34	30	25	26	16	20	34	30	45	51	34	50	31	17	36	15	30	18	35	17	46	21	14	51	46	12	30	38	27	10	38	24	20	33	26	26	49	36	43	47	26	41	71	19	20	43	43	27	18	50	50	35	33	43	18	19	44	34	22	38	45	23	14	38	34	23	37	32	23	22	41	29	33	50	55	48	41	43	25	58	20	43	30	45	23	29	27	22	15	47	15	33	33	17	44	21	45	58	43	19	24	31	21	35	32	53	31	43	14	40	42	21	32	19	38	22	38	42	20	17	26	24	21	32	8	26	47	11	55	29	12	52	21	30	25	51	12	22	28	35	26	14	29	19	20	42	33	37	39	11	20	40	17	16	55	23	21	45	36	29	31	39	42	27	36	44	23	31	64	38	16	54	32	44	35	45	30	14	38	25	18	55	38	21	15	44	37	33	27	47	25	38	19	30	30	45	20	12	29	28	26	35	39	62	35	27	40	28	23	23	55	43	36	30	24	47	48	26	31	24	56	53	18	34	16	36	49	22	45	37	57	20	31	64	24	38	11	65	96	41	36	79	31	44	43	53	43	70	96	18	43	30	24	31	11	20	18	37	29	29	37	48	35	29	22	62	46	23	9	46	8	51	60	25	30	25	35	33	44	47	33	29	21	13	12	11	21	19	55	18	20	48	28	41	30	19	32	30	25	17	22	22	27	53	28	42	44	19	20	14	46	26	18	21	35	33	25	59	23	10	31	24	28	27	26	27	13	25	14	37	13	16	35	28	12	16	40	24	20	25	30	23	49	39	36	31	18	32	27	48	45	26	30	26	38	17	24	48	53	51	20	32	20	10	20	14	29	34	34	18	26	63	38	36	38	47	20	16	54	29	28	19	23	15	23	42	73	27	68	20	38	18	37	55	26	37	40	39	45	21	21	45	29	45	37	53	40	25	17	28	61	43	29	16	41	25	19	23	46	79	37	56	38	33	46	36	42	48	33	41	51	19	77	72	31	33	45	31	27	29	38	48	22	28	10	24	17	34	29	39	17	24	57	9	25	24	11	37	59	29	14	13	20	30	15	15	39	22	36	40	24	23	46	50	31	41	20	44	34	25	9	32	15	9	18	27	32	8	27	27	17	21	30	21	19	26	30	30	29	23	13	20	18	23	8	31	44
A[T>G]T	40	115	86	63	88	149	54	58	88	257	97	162	122	87	71	93	79	56	150	87	138	52	91	79	59	48	83	65	61	102	82	58	124	59	45	54	102	95	56	68	54	114	71	120	46	83	71	57	114	86	79	45	74	102	196	88	45	168	123	95	80	77	105	98	49	60	63	71	70	57	97	40	105	84	157	47	97	98	76	140	45	84	89	104	140	98	135	123	34	41	74	38	66	77	29	42	66	32	50	61	12	85	98	51	82	45	54	50	39	54	160	44	82	113	78	52	63	23	95	69	51	196	54	50	60	76	61	87	119	128	63	82	172	74	97	23	35	58	22	50	52	67	145	45	66	87	114	34	32	65	175	51	34	22	78	134	82	44	36	9	24	31	87	57	96	42	89	71	162	166	45	53	48	53	38	23	128	141	55	112	89	96	95	88	65	59	113	43	103	126	53	36	37	59	71	31	49	35	63	121	80	110	75	49	83	88	11	179	64	54	25	47	70	44	50	122	71	100	47	79	43	134	95	75	55	27	94	24	105	19	43	120	40	64	79	46	37	36	78	69	70	36	37	96	64	71	41	29	65	33	75	32	55	38	51	62	67	134	68	55	110	175	89	83	26	94	107	73	35	109	84	60	117	141	64	42	18	29	54	50	78	137	280	66	170	66	64	60	120	47	73	43	92	72	62	65	110	77	112	48	44	60	54	33	156	45	67	39	175	92	32	32	52	102	91	55	30	86	99	58	31	96	35	56	64	39	121	51	57	45	67	24	83	89	27	75	122	73	42	42	62	58	53	69	66	110	81	45	37	54	46	44	47	71	38	90	71	63	86	58	42	38	63	24	51	72	107	80	68	39	86	77	100	74	79	72	139	95	87	76	74	27	37	87	44	111	67	31	69	83	70	12	42	42	40	58	58	24	43	27	45	44	52	59	39	46	57	69	47	49	55	35	145	129	40	71	103	43	66	80	132	50	37	64	23	24	82	43	19	26	49	23	19	23	51	51	49	65	70	54	12	87	24	95	18	80	71	64	79	49	56	65	79	71	70	42	107	56	38	56	63	49	99	49	86	100	49	59	44	151	57	49	29	71	132	53	100	79	74	37	126	109	73	78	61	99	61	52	31	25	33	92	56	68	77	80	89	66	38	104	28	47	19	61	43	111	44	33	109	100	37	75	56	37	25	70	30	31	64	37	63	92	68	86	65	81	95	126	53	36	73	89	59	26	77	107	74	65	69	30	42	102	63	52	63	103	61	12	68	63	66	73	57	55	24	76	85	59	111	145	124	72	118	59	124	26	115	58	111	48	63	51	38	38	112	34	46	75	34	105	19	86	105	91	36	61	78	56	50	65	83	59	71	20	76	91	28	86	54	90	46	76	78	43	45	31	44	71	49	10	68	93	28	105	39	25	151	38	83	54	101	36	30	48	59	67	26	66	37	54	109	107	57	39	30	45	63	32	23	102	56	44	96	80	51	48	82	117	84	77	105	48	70	115	93	14	127	115	107	108	67	72	20	60	63	28	127	92	74	22	95	100	52	62	116	63	59	36	38	68	93	53	36	54	55	62	80	61	123	62	67	85	64	57	45	101	90	88	64	37	105	96	39	74	60	97	135	38	61	47	76	117	48	114	90	133	45	80	157	49	67	27	99	87	67	73	79	51	76	59	50	96	63	84	48	107	62	52	49	32	32	30	73	44	44	78	86	62	67	43	142	66	43	36	68	22	135	102	40	64	82	71	81	58	102	37	77	47	24	8	19	46	42	108	39	33	84	46	65	59	68	70	77	32	29	45	55	35	102	39	84	73	22	36	17	106	59	43	49	60	73	54	89	29	25	66	46	53	42	76	32	19	66	39	79	43	37	87	55	32	55	95	70	35	50	41	43	132	86	49	54	23	79	81	103	88	58	58	75	86	55	35	62	115	105	47	62	46	29	51	31	55	72	70	40	54	130	70	33	57	99	22	33	108	63	50	18	60	18	62	61	107	65	129	37	66	32	67	114	54	78	81	75	92	29	61	71	63	71	67	109	98	45	36	65	114	123	57	47	106	56	52	45	44	120	49	76	74	55	95	65	72	114	70	89	111	23	141	159	67	73	105	73	77	57	75	97	50	64	31	26	22	58	68	84	42	35	77	25	56	45	9	48	78	97	15	32	28	33	28	21	45	32	63	80	51	48	56	72	76	105	50	51	85	49	15	49	14	17	37	72	65	10	51	42	38	51	37	66	39	51	36	39	61	35	17	28	44	53	30	85	89
C[T>G]A	3	12	18	16	13	74	33	22	16	48	31	34	11	7	7	26	14	11	20	18	32	13	19	69	21	12	42	21	20	62	10	14	39	5	49	13	199	25	15	21	5	18	13	24	14	17	8	27	59	18	28	35	26	73	76	27	9	78	36	54	43	123	95	27	20	13	27	19	76	31	26	3	18	17	24	12	48	11	15	25	29	14	15	5	15	20	28	23	9	6	21	9	10	8	4	14	11	13	16	15	12	17	12	11	23	8	16	12	10	7	32	12	13	22	13	5	11	4	15	15	12	27	20	8	11	14	8	22	20	42	41	49	75	38	22	4	7	24	8	19	11	11	22	13	18	15	16	8	6	18	23	8	6	5	16	22	15	9	10	6	4	11	12	12	20	14	22	22	26	36	8	10	12	13	13	4	19	26	8	13	26	17	10	18	11	9	15	12	22	19	9	10	7	13	12	4	19	15	12	22	14	13	19	9	14	15	1	31	18	11	7	10	15	16	11	24	13	25	5	12	16	20	13	11	10	13	30	10	17	2	7	35	7	8	11	11	12	7	18	17	7	7	12	12	11	33	8	8	11	13	13	9	12	5	10	8	7	32	9	16	19	30	14	183	29	46	81	64	33	23	14	13	15	13	13	15	7	6	10	10	60	22	101	38	33	32	22	18	14	14	20	17	17	25	18	24	20	11	7	6	6	16	15	7	33	14	14	9	23	24	6	9	20	43	20	8	6	140	36	23	6	49	6	11	11	6	24	9	11	19	12	7	24	25	9	14	16	16	6	6	13	7	5	14	11	49	18	2	7	5	15	14	11	19	9	11	19	12	59	24	9	5	5	8	21	17	17	24	9	9	10	23	31	19	21	18	37	31	19	14	17	14	13	18	18	12	11	4	17	14	16	4	10	36	10	25	22	8	11	8	17	16	22	9	11	13	12	27	9	9	13	3	28	14	10	23	14	11	11	18	28	11	13	18	7	2	10	12	4	4	12	7	14	7	9	12	9	5	10	12	7	16	5	25	3	17	16	11	18	14	18	14	17	16	15	5	17	21	9	15	23	14	22	9	17	17	12	15	9	25	10	6	10	14	22	13	17	16	16	5	43	18	6	17	11	16	13	12	5	8	8	23	17	30	13	19	20	10	6	14	2	15	12	10	8	20	12	3	13	24	9	13	20	11	10	25	8	14	22	15	13	16	20	16	13	8	14	25	6	14	11	29	11	7	12	17	17	12	14	14	15	14	6	16	25	18	18	9	17	14	12	15	13	13	8	20	12	18	18	30	22	17	20	20	19	8	16	9	16	16	15	13	6	9	18	10	4	21	10	11	7	10	17	25	11	10	13	10	16	12	20	8	18	7	18	9	4	15	16	14	21	11	29	11	10	6	8	12	13	5	15	23	8	26	11	10	25	8	17	7	25	7	11	11	17	8	1	18	9	7	14	16	8	8	5	5	23	8	6	25	11	15	12	26	13	8	30	22	14	19	24	17	22	28	17	7	27	18	20	16	14	11	2	29	15	6	21	22	15	3	12	23	9	11	24	10	18	5	10	32	12	11	4	17	16	11	9	14	30	21	10	14	26	15	14	22	27	11	16	14	23	11	4	15	15	20	28	11	15	14	19	26	9	25	17	15	13	17	26	10	15	6	42	120	37	31	80	16	45	10	77	36	82	89	7	26	16	11	18	3	8	10	13	15	9	11	15	13	12	15	21	16	8	6	21	4	20	30	6	13	18	15	9	12	18	5	13	11	5	4	5	6	17	24	4	8	24	5	18	11	11	6	7	4	8	8	12	6	27	8	22	14	12	7	8	23	20	10	7	15	16	8	24	16	3	9	16	7	14	15	9	3	10	13	27	10	10	11	4	11	6	13	16	8	8	3	10	19	20	9	12	12	20	18	19	20	13	17	15	20	5	5	20	21	20	7	14	13	9	10	12	8	10	13	10	3	27	20	8	14	30	4	11	27	14	21	4	7	10	13	16	51	10	33	11	18	10	18	18	18	9	19	14	30	11	14	22	19	23	25	21	11	12	9	21	31	19	11	11	14	20	11	13	40	71	40	24	18	10	28	11	21	17	12	13	16	8	79	30	14	11	25	20	11	7	13	18	13	17	4	8	7	9	14	32	9	12	45	16	14	10	5	13	24	19	5	6	10	3	7	13	13	16	18	18	6	12	19	11	8	21	14	15	13	14	8	20	4	6	16	10	10	4	5	16	7	19	14	10	6	7	9	11	15	15	9	9	12	8	7	21	24
C[T>G]C	14	32	31	22	31	59	15	18	31	67	27	48	30	33	20	32	20	25	49	34	37	15	18	30	23	15	35	9	31	37	33	23	45	17	24	10	76	30	19	19	11	34	27	53	16	31	16	22	35	27	24	18	23	50	59	20	15	63	42	40	23	59	53	57	15	15	34	17	31	39	37	20	32	19	47	18	34	32	18	33	30	30	26	21	36	33	45	39	13	10	31	21	12	20	6	14	9	10	20	23	11	35	30	17	31	6	21	23	12	14	44	18	24	27	24	11	22	5	21	17	16	50	26	13	13	23	23	24	37	33	30	39	77	18	30	3	9	26	10	14	10	21	36	25	20	30	26	10	7	28	45	6	10	5	25	46	29	16	12	11	11	15	24	26	24	17	34	10	60	49	16	17	14	19	16	8	42	43	31	40	29	35	22	34	16	15	27	11	34	31	15	14	11	21	23	9	21	13	24	42	29	22	19	23	22	27	8	44	17	6	3	17	23	18	23	48	19	30	10	29	30	43	26	16	24	11	28	8	29	8	15	34	15	16	20	17	10	10	24	33	31	12	7	24	14	35	13	10	14	15	20	10	17	7	26	16	15	37	22	21	32	60	20	63	8	28	47	44	19	33	16	16	43	29	22	22	8	10	23	16	33	33	93	25	39	15	23	15	37	14	31	23	16	32	24	26	39	18	26	14	13	16	17	11	46	15	16	7	36	34	11	6	22	38	35	14	10	58	30	20	5	33	7	23	12	16	23	22	27	19	23	9	41	29	16	18	29	24	28	13	18	12	16	26	18	43	27	9	21	14	20	19	22	16	15	30	22	22	39	18	12	11	20	7	22	25	32	32	10	13	29	42	36	29	28	32	63	45	28	22	22	8	17	26	10	33	23	8	26	21	18	5	17	27	13	28	19	12	20	11	22	17	16	25	14	27	25	32	11	23	17	15	40	36	12	30	26	14	20	21	40	13	11	21	11	13	25	15	13	13	19	14	8	3	17	14	20	13	18	22	7	29	8	41	8	19	28	17	22	25	15	22	16	45	20	17	33	23	16	30	19	15	24	11	28	22	17	20	21	41	19	13	14	24	35	17	41	22	15	18	44	37	22	26	14	33	23	21	11	13	15	30	15	38	23	23	25	23	13	23	8	20	8	15	9	32	29	10	32	33	10	16	23	15	11	35	8	14	20	16	21	25	34	27	21	23	30	49	16	17	27	24	22	6	21	24	22	11	19	24	17	28	14	23	32	30	28	9	27	23	17	28	21	15	15	33	17	23	22	38	30	22	41	15	31	9	28	24	42	19	16	18	6	16	25	13	12	33	8	31	8	27	30	24	6	20	27	10	12	13	32	19	24	8	17	24	11	24	20	38	16	14	29	25	18	14	7	28	32	11	19	34	4	41	13	15	48	21	33	16	34	13	16	21	27	18	5	12	20	18	26	19	26	16	10	12	18	13	16	30	15	19	22	24	26	8	31	24	30	19	31	22	28	31	23	2	37	33	26	20	27	19	6	21	18	11	43	36	16	10	42	23	14	22	28	14	16	10	17	23	27	22	8	17	21	11	21	14	33	26	22	33	26	19	22	20	23	22	18	13	32	14	11	19	13	24	35	18	19	10	33	26	19	34	34	32	11	15	63	13	22	7	43	42	21	33	42	16	30	17	38	38	38	54	9	34	14	9	19	7	13	19	26	19	12	21	22	17	18	10	33	28	12	12	27	4	43	51	14	18	27	21	18	19	34	19	16	15	7	4	9	23	11	32	9	11	35	11	19	17	21	19	25	8	8	10	23	16	34	12	41	30	13	22	6	49	18	23	15	17	32	8	30	19	6	25	26	8	24	23	8	12	14	11	39	13	10	25	19	9	17	44	18	10	20	9	19	38	24	13	12	14	23	30	33	22	18	21	29	41	17	8	18	48	45	14	18	13	7	18	7	20	22	29	17	20	38	19	17	14	39	10	15	41	22	23	8	15	5	23	23	66	21	32	12	23	12	15	32	18	24	27	34	19	13	16	31	32	26	25	37	25	15	18	27	45	41	14	12	35	21	9	7	31	69	25	33	29	19	38	20	27	37	24	22	44	10	37	40	28	15	23	18	35	12	12	28	18	13	7	13	14	19	23	39	12	13	38	10	21	17	6	19	30	32	7	9	14	14	14	10	26	22	26	18	14	16	19	26	26	39	17	13	21	14	9	15	8	8	10	17	22	0	16	22	14	28	12	21	15	26	15	20	26	17	7	17	10	20	13	14	37
C[T>G]G	9	30	22	25	22	89	38	43	23	66	51	42	32	27	18	30	14	18	47	24	46	24	28	77	27	18	55	22	23	65	24	18	40	10	68	13	226	39	20	39	20	44	28	41	21	17	18	27	78	39	57	28	39	77	102	34	16	130	58	69	66	152	146	67	23	16	47	25	95	41	37	12	38	21	46	14	66	37	30	37	41	29	13	22	44	29	39	36	9	21	38	23	17	33	11	18	18	17	22	31	10	38	23	22	33	17	27	12	11	20	41	28	22	45	38	11	28	7	33	24	15	40	27	18	17	15	21	23	39	56	44	64	85	37	45	7	12	25	9	16	24	26	37	26	18	24	31	8	13	26	55	7	18	8	28	41	28	23	17	9	7	22	24	18	35	30	28	31	46	59	16	17	22	18	15	12	37	43	18	27	39	30	24	27	12	17	45	30	42	32	14	24	15	25	20	18	26	38	28	35	43	28	39	26	26	26	6	38	19	15	14	17	18	23	15	31	16	46	12	22	21	50	23	19	32	19	39	10	26	6	14	52	6	18	26	22	7	5	35	28	25	20	16	31	19	50	19	15	17	21	28	11	15	22	16	20	20	44	33	21	34	72	22	204	26	40	109	72	49	30	26	19	29	26	20	23	13	4	12	30	63	19	316	57	38	40	25	27	28	10	28	20	22	33	24	35	31	37	41	17	20	28	22	10	54	16	17	15	52	30	8	11	30	52	32	21	10	149	52	28	11	41	17	23	27	17	46	22	24	36	22	20	25	23	14	15	29	25	18	25	15	15	8	26	19	56	40	11	22	11	34	17	26	20	14	23	33	18	77	24	22	15	20	14	22	28	29	35	9	16	33	33	41	26	22	28	53	30	18	20	31	22	14	26	23	42	23	10	27	31	24	3	24	48	16	25	38	16	14	12	22	29	30	21	17	22	21	39	16	22	16	15	41	30	14	21	22	14	25	30	44	23	14	23	10	10	30	22	6	9	18	5	7	15	22	18	21	16	32	18	10	38	12	33	14	29	24	14	20	30	20	17	27	43	23	9	40	27	32	24	40	17	40	19	29	36	26	21	16	44	14	16	13	25	39	21	33	22	23	13	70	35	19	27	12	36	20	24	15	14	9	30	28	46	29	32	19	23	18	32	12	9	17	13	15	30	26	14	28	45	12	21	33	23	8	44	6	11	33	16	21	25	24	25	24	22	38	33	25	12	26	50	33	14	30	33	19	19	25	17	35	31	24	23	34	35	29	21	25	24	20	24	22	17	14	32	21	22	29	42	34	30	50	20	32	18	22	22	53	26	23	15	13	10	37	12	9	36	16	30	18	25	32	35	24	17	18	22	11	24	27	16	22	16	33	29	24	27	16	23	30	30	38	17	8	17	8	22	21	9	21	37	9	34	17	25	48	17	35	20	37	8	19	27	16	22	12	35	16	12	33	28	26	24	5	27	31	12	19	36	19	16	25	23	20	15	39	26	24	18	54	19	26	38	18	11	29	32	31	23	19	23	7	43	29	15	39	29	26	6	42	22	17	12	52	15	18	13	19	27	26	19	6	21	27	33	25	20	40	34	32	25	33	29	27	42	23	24	13	18	29	24	12	19	23	37	33	22	29	17	20	33	12	21	38	38	15	27	48	15	31	12	73	137	51	49	92	27	72	28	94	30	147	106	7	37	25	19	14	8	19	12	22	18	15	23	25	13	26	15	43	25	11	11	24	6	27	51	8	11	30	15	25	35	27	19	27	13	12	6	7	16	21	37	12	16	35	22	18	29	30	27	29	9	9	14	18	12	39	20	32	30	19	15	9	35	17	18	13	16	36	17	35	18	7	30	25	11	15	24	15	11	26	17	39	18	12	26	23	21	14	29	29	18	25	19	17	45	23	21	27	29	22	16	40	34	23	29	21	32	17	16	29	38	31	20	16	25	12	18	11	21	16	23	19	20	40	26	16	22	30	10	12	31	15	23	13	22	16	17	26	75	23	47	20	34	18	33	44	19	17	23	29	34	20	15	41	31	25	20	42	26	21	15	27	35	36	20	16	29	27	18	13	42	116	32	62	33	15	35	22	26	43	17	28	37	12	91	41	31	21	25	28	21	19	25	33	20	35	13	17	14	22	21	31	34	14	43	17	22	19	3	25	34	23	9	6	16	14	14	19	22	25	21	23	16	18	21	18	33	40	28	21	27	23	9	22	11	7	19	21	16	3	22	19	16	25	13	28	10	24	21	14	28	28	6	29	10	19	10	37	32
C[T>G]T	16	61	30	48	44	64	35	28	43	137	38	107	57	46	43	48	34	27	75	50	76	43	62	44	39	26	44	32	54	63	51	32	75	24	32	29	88	52	32	58	13	56	27	74	29	36	34	42	90	47	52	30	48	89	94	56	26	102	77	68	53	74	71	96	33	41	40	38	53	35	69	29	60	52	69	39	56	55	48	81	71	48	47	45	64	76	68	77	22	35	55	40	30	40	18	25	35	25	40	44	23	57	55	39	59	21	38	26	23	31	88	29	49	69	40	25	31	14	60	27	32	94	26	28	34	30	43	63	64	76	47	55	125	33	64	9	30	63	13	46	28	32	64	44	43	62	62	26	16	39	106	17	21	20	49	80	47	42	22	19	22	34	43	44	61	37	47	42	81	105	25	33	32	31	42	19	74	55	41	54	35	55	58	53	27	31	57	37	57	68	35	31	28	42	33	12	42	43	33	56	69	58	44	39	48	46	14	97	42	43	10	30	35	37	30	74	35	78	31	33	34	69	40	50	51	25	87	16	55	3	27	87	20	22	43	37	22	18	41	47	41	17	30	58	32	108	28	24	26	19	38	10	26	20	33	38	41	72	32	34	69	123	53	82	16	48	78	50	31	67	34	31	54	50	39	28	12	17	42	48	61	58	140	24	91	37	41	35	55	32	54	36	34	56	43	51	66	38	55	27	17	46	34	15	107	38	41	24	87	70	15	19	42	73	64	25	15	83	64	48	25	60	25	30	35	29	79	38	33	50	33	14	53	42	22	38	50	51	49	40	39	35	38	41	29	115	59	29	44	22	43	32	33	51	46	46	52	26	55	37	34	26	40	23	34	33	54	52	38	25	53	72	60	41	41	51	100	58	56	49	51	34	28	41	45	48	43	21	35	50	39	12	30	38	27	46	49	27	35	24	46	28	56	37	26	34	35	47	23	36	46	22	82	63	29	55	51	27	39	50	87	17	17	40	24	20	53	29	13	23	32	25	13	17	31	28	39	30	49	37	13	50	13	59	8	44	40	32	28	26	32	33	36	58	45	23	67	69	37	33	40	32	59	24	57	53	42	30	20	87	28	24	20	51	85	42	61	42	39	36	175	60	54	38	32	53	32	40	20	15	20	48	35	71	59	57	40	36	27	47	20	21	31	19	27	49	27	16	63	65	18	37	34	33	21	61	15	23	44	21	45	50	38	64	57	42	61	74	27	22	51	51	42	15	44	45	33	43	37	20	40	69	38	33	47	53	49	21	44	41	34	45	37	35	24	52	34	48	46	90	83	50	59	34	48	21	55	29	70	23	35	31	25	33	43	30	22	53	15	53	22	59	48	49	21	45	39	33	39	21	45	44	35	13	33	41	32	45	36	57	31	42	66	34	19	27	23	33	43	17	30	65	19	82	30	22	74	33	51	35	67	28	33	36	41	33	16	54	31	25	57	62	35	38	19	32	50	27	21	52	36	36	40	38	40	39	91	67	37	53	75	58	47	53	52	17	77	71	55	49	46	44	15	40	60	24	72	76	31	10	68	64	41	40	59	26	48	13	34	39	45	34	11	48	53	42	50	45	75	52	45	54	53	28	35	65	57	44	38	20	51	50	27	35	39	70	66	30	39	28	53	69	37	74	46	70	27	35	99	25	33	19	67	48	47	54	44	25	62	37	45	46	46	80	29	57	51	18	33	22	19	24	42	24	32	37	54	40	36	27	72	32	20	23	48	15	77	74	21	27	60	33	30	53	47	32	34	14	19	8	13	19	37	78	19	25	49	23	34	42	42	36	55	15	25	30	33	30	78	42	52	53	23	24	24	88	31	47	30	31	55	23	64	24	13	50	35	24	27	55	21	17	33	27	43	24	18	37	34	20	33	75	52	29	38	24	30	90	49	36	28	26	48	32	56	63	40	45	44	44	28	34	40	79	78	23	40	26	30	33	27	28	35	36	24	38	76	54	42	43	68	17	19	68	38	41	15	18	8	35	52	123	44	83	32	42	33	52	65	40	39	56	50	69	31	34	57	52	56	47	52	50	33	20	61	85	61	45	13	51	41	36	25	44	97	21	42	38	30	54	39	42	79	34	53	72	22	73	89	47	41	43	63	53	47	36	64	45	41	29	32	24	47	31	53	18	24	51	30	36	32	14	36	49	50	16	16	28	21	18	34	46	43	60	41	28	28	43	54	58	73	37	32	53	32	30	31	29	16	33	29	50	8	28	33	31	45	33	33	34	31	25	34	40	45	16	33	25	38	20	54	59
G[T>G]A	2	4	11	6	6	33	9	17	14	35	18	21	9	11	9	7	9	8	15	11	21	6	8	33	7	8	23	17	14	14	11	4	14	5	32	9	71	12	5	12	7	12	14	20	5	9	7	5	31	16	15	11	13	27	41	12	8	44	19	27	17	54	40	15	8	15	13	13	44	13	18	4	9	11	15	10	34	14	11	14	19	10	7	11	16	15	26	13	3	6	12	9	11	8	4	4	13	6	9	11	3	13	9	6	16	2	8	9	3	9	25	9	10	21	9	3	13	11	17	9	7	25	12	6	4	5	8	8	17	20	21	17	45	16	20	2	8	12	6	5	5	11	23	9	7	7	10	5	2	11	17	5	10	1	5	17	9	3	7	5	3	5	13	8	19	9	5	12	19	25	8	10	2	5	7	6	18	21	12	12	6	6	10	10	8	8	13	8	20	12	6	7	5	11	8	5	14	11	7	13	11	9	15	9	11	16	2	18	9	7	3	5	14	6	12	17	13	16	7	16	7	10	9	3	15	7	12	7	13	1	5	18	1	9	8	5	3	7	14	25	10	7	11	10	7	15	14	7	6	6	7	4	6	6	13	5	8	20	7	12	17	29	9	79	10	18	51	28	11	9	7	14	10	13	10	11	4	1	5	6	30	8	56	16	15	13	14	12	16	5	10	12	11	14	9	17	19	9	14	3	7	12	8	4	26	5	6	3	22	11	7	5	15	19	15	6	6	47	33	9	3	18	5	11	10	7	19	9	9	15	7	1	12	11	2	6	17	14	4	7	5	4	8	9	12	24	11	2	17	5	17	9	6	13	5	13	11	7	24	15	4	4	3	8	13	12	18	11	7	5	10	10	10	13	4	14	19	16	12	6	20	5	9	7	4	9	9	3	14	10	12	1	6	14	4	5	13	3	5	5	13	9	20	9	10	12	11	21	10	8	5	3	12	21	11	12	12	5	7	13	16	8	4	8	4	1	15	0	12	5	5	1	3	4	8	10	6	6	8	6	1	13	2	18	10	10	9	6	5	6	9	4	12	17	11	9	13	5	14	9	12	7	11	4	18	12	8	5	4	25	6	3	3	6	15	6	5	9	4	6	30	13	12	11	9	9	6	9	6	7	7	8	9	6	12	11	7	5	9	11	2	8	5	12	3	11	11	3	9	14	2	11	10	8	2	11	3	7	14	6	6	15	6	16	12	10	6	14	12	6	8	18	12	4	9	12	11	7	5	7	7	12	14	9	12	8	11	2	9	11	10	11	8	10	6	17	10	10	9	21	15	6	12	10	14	3	10	6	18	5	13	12	7	5	11	5	2	14	3	18	5	10	16	9	10	12	7	5	12	11	17	8	9	3	9	16	5	11	4	10	7	13	17	7	4	4	3	8	4	4	4	14	4	17	3	6	13	7	14	12	17	4	5	10	8	7	4	13	5	6	9	4	10	11	6	9	8	1	2	18	12	15	8	7	6	8	14	21	8	9	17	14	14	13	11	1	17	13	12	8	12	20	4	15	6	8	16	12	12	5	15	20	16	8	21	6	10	2	11	11	15	8	2	8	13	9	8	4	14	17	5	12	13	11	9	16	17	11	16	6	9	9	7	7	13	8	11	8	10	8	7	5	4	12	7	17	3	13	22	6	7	3	23	40	22	16	45	6	25	10	33	9	39	42	4	10	6	8	4	4	9	7	7	8	9	7	10	9	10	7	17	9	5	0	15	2	14	19	12	6	14	5	7	11	10	4	6	5	3	8	6	10	9	18	9	6	21	6	5	10	11	6	11	5	1	4	11	6	13	8	11	7	5	5	5	13	6	6	2	8	9	3	18	5	2	10	8	5	12	8	6	1	9	3	10	6	4	3	4	7	2	16	11	4	5	4	6	15	11	8	6	9	12	11	13	18	8	3	8	9	14	0	10	18	15	9	8	6	5	6	7	9	6	13	8	7	10	5	7	19	22	5	5	19	13	8	8	4	7	6	13	32	8	13	6	9	2	9	25	9	11	8	18	15	9	8	14	16	13	9	14	12	4	4	15	20	12	12	3	12	14	3	4	15	35	14	19	13	8	16	9	13	13	6	10	14	4	38	21	13	8	17	4	11	14	8	13	5	8	3	14	3	4	9	12	2	8	16	7	8	7	3	8	14	16	2	2	10	3	4	4	6	9	9	10	3	7	7	6	11	16	8	7	7	10	2	5	6	2	4	8	10	1	5	6	6	5	6	6	7	5	8	5	11	4	2	6	4	9	2	13	12
G[T>G]C	3	15	6	11	5	18	10	3	12	24	7	13	10	10	12	19	11	3	18	14	15	8	8	6	5	8	11	9	9	13	11	10	7	2	5	1	22	9	10	10	5	10	9	14	2	10	10	5	11	11	10	7	7	13	20	8	8	28	10	11	4	15	16	11	6	10	6	4	7	7	9	8	10	5	14	4	10	8	7	21	12	13	9	6	20	13	18	10	2	7	13	6	6	4	4	10	9	3	7	8	3	15	10	5	17	2	16	0	2	6	22	10	6	15	6	7	7	3	6	4	7	14	11	8	5	10	5	10	12	9	3	13	10	6	8	1	3	15	3	8	7	6	9	7	6	16	8	6	4	4	16	2	5	4	9	11	5	6	3	5	2	6	6	5	7	9	9	9	13	20	6	9	5	5	3	6	12	6	8	10	9	16	10	7	5	7	10	9	7	9	6	7	3	12	8	1	4	9	4	10	9	7	9	6	9	8	2	12	12	4	2	5	11	9	8	20	6	15	2	5	6	12	11	3	5	4	9	5	8	1	2	17	10	8	6	2	7	3	7	11	7	6	5	7	3	8	4	7	5	7	6	2	4	9	7	5	11	14	6	8	14	22	9	20	7	8	19	6	4	11	7	4	15	9	7	3	5	1	7	8	6	11	59	10	17	11	5	8	15	5	5	16	9	11	8	10	9	10	5	4	3	7	2	2	24	6	4	3	23	10	2	3	11	14	8	3	4	13	7	5	2	13	3	6	6	9	8	11	7	8	8	5	9	7	6	6	15	11	3	4	3	4	4	8	9	21	12	3	6	3	4	15	3	9	10	9	6	7	6	4	2	5	3	7	9	4	8	8	5	3	9	9	7	5	7	12	18	15	16	6	6	3	1	11	6	11	5	3	15	4	7	2	8	6	10	1	8	2	2	4	10	10	15	9	9	7	7	13	3	11	10	4	23	14	0	9	6	9	10	9	16	6	6	6	3	2	8	4	5	5	5	1	0	4	8	6	5	7	4	5	2	7	4	16	4	11	10	3	6	13	5	10	7	9	13	4	15	8	5	2	8	3	11	4	7	14	4	6	2	13	9	4	4	10	9	7	12	11	7	5	21	7	4	6	4	11	2	10	5	2	4	11	6	15	7	14	11	4	5	4	1	6	7	4	3	5	7	6	10	12	6	4	9	6	4	11	4	4	11	8	4	6	9	6	6	8	8	7	5	7	7	16	4	6	3	15	6	4	7	4	12	9	9	12	6	12	10	1	8	8	6	9	5	8	7	15	8	10	9	11	11	7	11	12	9	3	20	5	17	6	5	8	1	2	9	4	5	11	7	14	3	11	15	8	5	3	11	3	14	5	7	4	7	4	8	6	4	10	7	13	6	11	11	8	4	5	2	5	4	4	4	10	2	17	5	7	19	8	8	7	4	1	9	3	9	6	3	10	6	6	11	4	9	6	4	3	10	3	1	6	6	6	5	2	7	7	9	17	9	12	13	9	13	17	11	2	12	6	17	6	6	13	4	10	10	4	9	11	8	2	10	15	7	7	14	6	9	2	8	12	4	8	2	8	4	9	7	6	12	10	5	2	6	3	9	17	10	2	6	7	3	12	3	4	7	13	9	9	6	6	8	9	5	11	15	6	3	15	14	4	10	3	8	11	7	3	7	1	9	6	13	11	6	9	5	13	4	4	5	4	3	7	5	9	4	8	6	7	10	5	15	9	6	5	11	5	18	13	4	7	7	4	6	8	10	6	8	4	4	0	2	8	10	16	4	4	4	3	7	9	8	6	9	3	3	4	8	8	5	6	10	5	4	2	4	14	8	3	10	5	11	4	11	5	5	10	9	6	5	13	1	1	4	6	10	4	5	10	4	1	9	22	9	4	4	11	7	6	8	6	2	2	10	4	9	14	4	3	4	12	8	11	11	11	15	2	2	8	4	11	3	9	1	11	3	9	13	7	10	5	9	0	1	10	10	10	6	4	2	8	8	27	8	17	6	14	4	11	17	8	12	10	16	13	7	4	15	4	6	9	9	12	5	6	11	12	6	6	7	11	9	5	0	10	18	6	5	12	4	6	4	5	18	7	8	19	1	15	13	8	2	14	6	11	2	13	17	7	5	2	11	2	3	9	9	2	10	7	12	10	8	3	5	15	14	2	0	4	3	5	3	5	7	21	7	7	2	6	10	9	9	3	4	7	8	2	7	1	3	1	9	6	0	7	5	7	8	7	3	7	8	3	8	6	7	1	3	4	4	5	18	10
G[T>G]G	6	10	7	9	10	27	17	13	19	25	16	36	20	15	9	18	8	7	26	16	28	11	16	24	14	9	24	18	24	19	14	9	15	8	33	21	51	13	16	20	6	17	9	22	10	14	10	14	30	21	16	7	13	26	28	24	10	43	24	26	19	41	33	22	12	4	15	16	15	16	23	7	9	7	18	13	23	15	21	17	15	15	7	11	18	10	30	19	5	10	27	5	12	15	6	8	10	17	13	10	11	21	17	13	17	9	17	11	5	12	33	8	7	25	16	8	12	7	17	11	10	23	11	3	8	12	10	17	22	26	15	21	30	11	21	3	3	16	6	11	20	18	17	23	17	16	18	6	14	17	37	9	8	11	22	28	14	6	7	5	6	16	15	11	17	11	14	16	22	27	8	13	16	6	6	7	19	21	11	21	17	21	12	25	8	15	12	12	19	17	12	13	6	14	12	5	17	17	19	20	24	23	18	6	20	11	1	30	16	6	7	9	13	6	8	14	16	19	12	18	10	17	15	10	18	7	19	5	16	2	5	19	8	8	11	9	7	8	14	18	13	13	12	15	4	28	6	11	12	13	14	4	15	13	8	4	7	25	12	17	16	24	14	53	5	19	22	24	15	24	13	16	8	17	22	12	9	7	10	6	24	14	239	13	18	18	18	18	17	11	10	17	12	14	23	33	26	15	18	11	12	9	9	7	24	5	13	12	27	13	15	10	12	20	11	6	7	39	31	13	10	20	6	17	15	11	14	14	9	20	7	5	19	8	11	12	23	13	11	12	16	13	10	17	8	34	20	2	15	4	19	14	10	7	5	12	17	16	14	12	14	6	17	2	10	10	18	13	14	7	24	20	16	17	13	17	29	19	18	19	16	6	8	9	12	13	12	5	12	15	14	5	8	19	21	17	13	6	7	6	14	15	19	6	9	3	18	25	13	10	10	5	16	19	14	24	17	14	13	10	22	10	1	11	2	5	22	3	6	3	17	5	4	3	15	9	14	8	17	8	2	16	7	22	6	12	14	10	17	22	7	11	18	18	15	12	18	20	15	13	15	14	20	5	19	19	17	15	10	22	5	9	9	10	22	11	14	16	15	12	41	23	13	17	7	15	14	18	5	7	9	21	9	14	9	16	16	16	7	21	3	15	5	17	9	19	6	4	17	15	4	9	17	11	9	15	9	5	10	12	10	14	11	21	19	15	21	27	3	9	13	14	9	11	11	19	11	12	14	10	13	21	11	13	22	21	12	13	20	12	16	22	11	9	6	21	12	14	23	25	20	12	33	11	18	9	14	12	20	15	8	5	9	4	16	8	6	13	9	20	9	19	20	17	9	13	12	14	12	11	9	9	24	8	20	19	15	21	10	15	17	15	23	7	5	13	6	3	15	6	14	10	8	20	9	13	19	13	16	10	17	2	8	15	8	14	6	20	7	9	13	15	14	12	6	18	18	8	15	17	16	9	14	11	18	7	15	8	14	12	23	16	22	14	12	3	15	16	20	11	12	20	7	20	15	5	21	16	13	8	18	18	12	16	31	14	14	9	20	16	14	7	3	16	10	16	20	12	18	23	15	22	18	12	12	17	12	18	13	12	23	14	8	14	8	13	11	12	18	13	15	19	8	12	13	13	9	12	21	6	18	4	30	28	20	19	20	8	18	11	29	7	31	29	7	17	16	8	8	5	5	8	17	10	10	17	7	9	14	4	16	9	3	2	18	6	10	16	12	17	19	10	17	17	17	11	9	7	7	7	4	4	5	29	4	5	25	3	13	12	15	10	11	12	6	7	14	13	20	19	14	19	17	9	10	18	10	6	12	17	16	9	26	10	4	11	16	6	16	18	7	7	14	17	15	10	8	15	3	13	17	21	12	9	12	10	12	11	12	9	18	7	19	8	18	21	7	23	8	16	6	7	13	20	25	8	10	13	6	7	3	12	17	14	7	11	25	11	7	11	19	4	9	16	12	12	3	13	6	11	9	49	7	17	13	11	15	20	13	9	5	23	23	15	11	7	24	20	12	12	12	13	10	5	16	17	10	25	6	19	10	11	14	20	34	11	24	19	21	20	11	17	18	10	14	22	10	29	19	11	7	16	16	16	9	21	24	13	15	6	16	5	12	11	16	10	13	21	5	17	9	3	15	23	19	3	4	11	7	3	3	15	11	20	15	10	17	19	19	13	19	18	14	12	20	6	13	3	5	16	8	16	4	11	12	10	11	12	8	6	8	20	10	17	10	14	13	6	10	6	15	19
G[T>G]T	6	23	18	17	11	31	16	14	25	57	23	32	28	9	16	24	14	14	35	17	28	21	22	20	15	16	16	9	17	23	21	12	23	11	13	9	28	21	20	17	12	22	15	28	16	20	13	22	27	11	20	8	29	33	44	38	18	35	26	28	15	29	28	30	17	10	17	11	22	17	25	19	29	20	26	25	33	10	8	26	31	20	28	21	42	36	38	30	8	17	33	17	13	22	13	6	16	9	19	24	10	32	7	14	31	8	16	13	11	12	41	17	12	38	18	9	9	5	21	10	13	51	21	13	13	19	18	15	34	29	11	17	48	13	31	6	8	30	9	18	23	11	35	21	12	26	17	11	4	16	46	10	7	6	21	31	25	16	10	10	11	10	22	14	17	16	18	16	46	29	11	14	11	10	5	9	42	46	21	19	30	18	27	17	11	18	31	15	22	31	15	19	10	18	24	7	12	18	24	23	21	31	24	12	11	25	2	33	16	18	4	19	23	16	18	38	13	21	16	13	17	43	27	13	20	10	20	7	26	2	9	45	11	9	26	13	16	7	23	21	22	13	13	19	15	36	14	9	18	17	17	5	16	11	9	17	22	46	19	13	29	56	20	25	4	22	32	22	6	31	13	19	21	23	19	11	5	7	17	8	28	22	96	14	27	23	17	18	24	6	28	18	10	19	17	21	19	12	20	14	11	18	13	9	33	12	6	4	35	19	7	9	23	29	14	8	11	20	29	13	9	33	6	18	14	14	36	11	20	22	19	7	22	25	9	14	19	18	12	18	21	13	18	11	8	44	29	6	13	9	28	12	12	22	20	16	23	9	25	26	11	7	12	5	18	21	31	23	15	10	27	21	26	34	16	14	30	25	18	25	27	10	11	22	21	17	19	7	38	20	23	4	12	20	15	17	15	8	11	15	13	14	25	16	11	13	24	39	17	17	19	10	37	16	16	35	26	3	15	21	33	14	10	12	10	5	16	6	4	6	10	9	6	7	16	15	10	13	15	8	3	21	3	32	3	20	18	17	19	16	21	14	13	39	16	11	26	18	16	12	15	25	24	9	25	22	14	18	8	35	19	10	4	21	24	26	18	23	18	11	85	28	20	19	19	24	16	18	18	7	12	23	23	43	23	32	19	13	5	14	8	9	10	9	12	17	15	11	36	29	8	13	16	15	9	24	7	11	20	19	23	21	20	27	15	16	16	37	16	9	27	36	11	6	24	19	19	18	14	7	18	33	12	13	17	25	17	10	20	9	16	17	11	9	14	24	12	20	32	34	47	21	30	15	21	3	16	11	24	15	17	16	11	8	17	13	15	21	6	31	4	18	20	13	8	15	14	18	14	15	14	12	14	8	18	22	12	12	14	18	13	17	26	17	11	14	5	22	16	6	17	25	10	27	11	10	37	13	23	17	29	5	8	11	19	14	8	18	15	12	20	17	13	16	4	20	25	13	5	24	12	14	19	17	12	11	34	21	15	14	38	20	19	26	22	5	17	24	22	25	21	20	10	17	13	7	33	20	24	5	31	16	15	24	39	16	24	8	18	32	21	20	5	20	21	17	14	11	32	18	13	20	25	17	15	23	22	16	13	16	19	25	9	16	17	18	20	18	24	7	27	21	14	17	24	31	11	20	33	10	23	5	25	20	19	24	20	16	16	14	21	21	15	21	12	26	12	10	19	7	10	13	8	13	7	20	20	20	9	15	28	14	5	10	26	4	30	51	5	18	18	11	15	21	18	15	9	13	8	3	5	15	12	28	10	8	18	12	11	13	14	7	19	10	2	20	12	11	25	10	26	23	8	11	14	36	16	10	21	9	27	8	23	8	10	9	7	10	17	22	12	8	21	10	25	10	8	18	14	8	15	27	20	9	16	6	14	21	21	11	16	7	23	24	24	26	19	14	15	19	9	11	16	25	24	12	10	14	10	13	7	16	12	17	15	21	34	24	17	18	25	12	4	38	15	17	4	9	6	24	22	57	17	40	19	27	11	30	34	19	16	21	26	35	12	18	22	21	11	18	17	32	11	13	17	26	31	12	15	17	17	7	8	22	44	13	21	20	10	28	16	19	29	22	26	25	6	35	51	23	15	27	24	15	27	17	25	19	24	8	8	12	18	14	13	16	12	26	12	13	11	2	20	21	31	13	6	12	11	9	11	10	12	13	20	15	15	19	16	18	22	10	12	21	12	7	13	3	4	14	23	17	4	12	3	19	23	10	9	17	15	15	11	25	17	6	10	20	14	8	18	37
T[T>G]A	21	51	35	33	34	164	52	54	35	122	90	88	42	51	34	52	37	25	81	34	72	29	53	109	35	23	81	33	53	99	57	28	75	25	83	28	231	50	38	42	18	49	41	64	29	32	31	49	154	50	65	39	43	140	158	49	35	163	66	103	114	159	147	78	44	28	48	28	114	56	60	30	29	34	50	27	76	42	29	69	60	48	42	37	77	52	44	68	21	19	37	25	29	41	15	20	42	20	42	45	22	48	22	29	53	20	22	25	16	26	74	36	48	62	37	30	33	14	32	26	35	66	31	25	19	32	28	38	68	102	65	77	162	45	59	10	15	40	14	27	30	42	54	35	40	51	40	18	27	36	70	26	22	7	39	67	54	22	29	6	8	31	29	20	40	23	32	37	73	82	28	42	25	24	14	9	66	70	31	55	53	55	38	44	10	25	54	34	56	44	21	19	15	28	35	7	37	41	29	60	41	40	36	31	36	42	5	76	34	21	14	40	38	27	36	61	41	45	24	34	22	71	47	32	50	28	41	15	50	7	21	102	15	33	39	26	15	19	29	39	49	19	22	53	32	47	26	16	28	22	20	9	37	19	30	20	30	78	32	25	47	88	31	223	41	75	198	98	41	63	40	30	55	58	47	30	22	22	32	38	81	58	154	68	68	51	35	36	50	18	44	35	40	52	49	48	43	33	44	18	14	45	22	9	82	25	22	20	90	49	19	23	33	81	55	23	14	193	83	42	14	63	21	23	28	28	64	32	34	48	22	13	47	41	12	35	45	38	25	32	22	30	30	28	34	87	57	23	35	13	30	37	32	35	23	41	41	28	107	50	15	23	32	14	30	41	51	49	28	25	32	45	41	47	36	43	88	63	47	38	47	16	23	49	24	42	50	15	54	58	39	4	31	60	25	30	39	13	19	14	29	41	32	33	29	20	27	69	27	22	38	16	69	57	25	51	38	17	22	39	57	24	14	31	21	17	41	18	16	9	37	15	8	16	37	23	38	15	34	26	5	47	10	45	7	29	46	23	31	36	24	20	24	44	50	28	50	46	39	22	42	39	45	16	52	40	21	28	22	60	34	28	29	36	52	24	50	35	45	21	80	50	42	34	35	45	29	31	14	12	14	37	32	36	49	33	30	38	23	37	16	19	13	35	12	39	25	9	60	72	20	29	35	21	12	65	12	20	32	25	35	44	51	54	43	27	44	60	32	24	38	39	29	15	35	49	35	23	41	18	21	55	35	34	38	57	39	13	37	34	24	43	28	18	20	37	29	34	32	61	54	40	42	36	47	15	44	36	70	25	26	26	10	17	40	20	14	39	24	53	21	37	49	38	17	41	30	47	28	16	51	20	27	9	28	47	21	31	27	54	30	34	42	26	21	25	29	35	34	18	39	53	13	55	32	27	58	25	50	26	55	15	29	17	29	36	10	34	25	16	56	29	27	25	10	30	33	17	10	44	28	31	40	28	33	22	42	47	45	46	68	23	29	56	37	13	56	55	57	43	29	48	16	55	29	20	54	54	35	11	43	49	35	22	55	32	41	12	34	42	49	24	10	24	36	26	40	23	60	35	27	42	46	28	27	54	50	40	38	20	50	45	19	36	32	42	63	26	36	17	42	57	25	50	40	56	27	46	85	30	46	10	103	151	49	58	115	27	77	33	92	43	122	130	19	48	40	17	26	14	17	27	30	26	27	28	41	28	22	28	53	40	24	16	36	7	46	36	23	20	33	29	40	47	25	27	25	18	15	5	13	23	25	58	15	17	60	25	30	37	41	26	42	17	17	25	29	19	56	22	33	33	26	20	35	54	29	17	31	29	53	29	41	16	12	38	31	20	32	41	24	12	30	26	60	23	22	42	26	19	19	50	34	19	28	14	16	59	30	19	22	25	42	30	35	40	55	31	38	42	29	26	39	54	52	17	24	29	19	29	14	24	35	40	31	28	48	44	23	32	38	9	15	67	35	34	16	24	17	33	36	100	36	72	20	40	23	36	54	27	41	42	48	52	27	26	46	40	52	49	44	37	18	21	49	66	47	32	16	44	33	20	19	59	115	54	65	42	22	54	30	47	67	24	37	61	14	137	69	36	37	66	29	35	29	32	44	24	39	15	19	20	24	30	44	17	17	76	14	29	23	3	31	48	45	8	11	29	21	14	21	24	25	38	49	26	27	30	30	26	48	29	35	24	19	12	30	15	13	29	33	33	6	21	28	27	29	14	21	24	27	26	29	40	27	4	31	30	29	14	41	34
T[T>G]C	17	77	48	47	63	87	44	54	40	135	63	95	73	69	43	62	40	34	89	56	76	34	61	51	43	28	61	30	40	56	62	50	72	38	29	31	90	57	36	54	24	55	46	89	35	52	21	39	81	36	71	29	48	67	121	45	27	107	82	54	46	89	78	66	42	35	40	42	46	29	65	27	65	52	81	27	72	48	42	78	36	54	45	62	60	81	82	97	18	15	43	22	24	44	14	25	42	18	32	49	16	52	37	22	60	14	52	26	18	31	92	39	46	79	36	26	48	22	47	22	25	112	48	36	26	49	41	46	67	81	36	47	99	51	68	16	25	34	21	32	33	40	70	42	38	70	61	22	23	51	86	21	31	12	38	92	48	34	16	6	21	24	53	36	48	33	58	45	105	75	24	28	23	32	20	20	79	113	52	61	65	49	55	56	39	42	78	33	60	71	22	31	24	42	35	12	45	34	31	75	63	50	43	37	68	65	3	113	46	42	19	36	53	36	36	100	48	70	20	43	33	101	68	32	49	27	58	20	59	8	27	71	19	26	46	33	15	12	41	52	48	23	24	65	24	36	33	24	33	30	48	12	35	27	27	33	43	84	43	38	74	109	62	67	18	66	81	61	31	61	34	37	72	88	40	32	12	16	32	36	51	75	152	38	88	35	52	34	45	22	40	36	47	39	29	55	71	38	86	30	20	40	33	9	107	39	50	25	106	67	19	19	35	63	37	24	22	71	65	36	14	89	29	33	38	36	80	42	33	42	27	17	53	62	26	44	51	48	17	38	47	25	35	54	33	78	59	12	26	20	47	29	38	42	27	53	39	36	49	38	25	23	36	17	41	49	81	42	35	27	50	64	71	53	32	62	87	60	56	43	44	16	23	50	34	69	25	13	47	62	43	4	33	24	25	39	37	14	24	21	28	32	48	27	26	24	53	52	19	23	51	23	95	99	29	48	60	34	50	48	66	33	18	55	22	19	60	12	14	12	23	20	13	20	26	23	28	29	48	32	9	44	20	77	15	61	39	39	48	30	32	34	34	59	36	24	55	35	30	37	40	38	67	20	48	47	36	36	31	96	33	22	26	45	85	40	51	46	49	28	84	64	47	44	38	67	49	41	23	15	30	45	37	38	45	54	58	38	24	39	19	31	20	42	20	74	29	17	63	58	15	47	40	37	27	63	14	22	41	21	46	58	40	53	54	48	50	78	31	18	38	57	49	21	43	77	34	45	47	27	32	53	30	34	37	65	44	23	45	37	47	40	42	30	22	49	28	53	82	68	74	44	63	40	59	24	50	33	74	26	34	25	19	22	52	18	25	44	17	53	17	42	72	47	20	31	47	42	28	35	57	21	33	11	43	51	23	34	42	69	34	36	45	26	29	18	28	54	41	12	35	71	13	74	23	20	96	29	52	37	59	14	28	41	42	38	15	46	33	32	55	38	41	32	18	24	47	16	10	65	39	50	50	45	31	40	61	65	64	36	65	54	49	60	63	7	70	81	76	53	47	38	10	24	56	15	66	73	44	11	81	72	41	35	54	37	54	13	31	42	59	37	8	38	42	51	44	39	83	39	39	52	37	34	22	60	66	56	44	24	55	50	26	51	40	81	79	33	41	27	49	54	23	63	55	92	47	46	97	24	36	21	54	71	40	38	42	27	75	38	32	45	46	65	23	64	44	39	22	21	25	26	47	37	24	50	49	38	43	24	80	47	21	18	46	8	75	48	22	38	53	41	60	45	57	34	43	29	18	3	12	35	35	63	24	22	49	34	57	34	35	38	36	27	10	20	27	28	65	19	47	43	25	27	20	67	41	25	23	30	48	32	58	22	16	44	28	27	34	53	20	13	37	27	51	25	18	53	44	24	43	65	39	23	37	22	24	84	51	33	35	14	53	48	52	48	41	31	44	43	39	28	34	65	65	27	45	31	18	29	18	25	35	41	18	33	71	47	32	34	50	12	23	69	44	31	18	26	11	38	56	77	41	82	19	55	18	39	61	48	51	59	62	64	22	36	52	39	34	45	70	50	24	33	34	74	71	28	22	53	47	18	20	34	67	24	39	40	33	63	49	53	76	54	57	75	18	80	108	33	36	59	39	53	40	33	63	30	46	13	32	27	25	34	48	10	15	51	20	38	30	7	50	47	55	20	23	32	20	24	12	42	31	31	48	31	26	30	45	32	65	39	16	61	25	10	30	19	18	25	30	46	3	25	25	22	37	25	36	32	28	23	21	39	34	8	33	24	35	12	51	55
T[T>G]G	11	59	38	36	26	130	57	45	40	110	94	77	33	40	45	55	26	20	69	41	65	23	45	99	38	26	81	29	38	71	32	24	56	26	77	24	202	51	28	45	18	47	34	46	29	35	29	35	100	40	49	34	45	94	98	54	24	143	74	78	68	139	129	52	39	34	48	46	107	52	60	19	35	40	60	30	64	66	25	60	42	35	23	39	59	58	60	64	24	19	38	15	21	42	9	29	28	23	34	29	15	60	32	24	45	14	29	22	15	25	87	31	49	69	41	17	36	13	37	21	21	80	30	25	28	40	29	35	59	65	51	66	104	61	51	9	17	43	15	28	37	20	50	27	51	41	45	13	24	46	69	20	19	6	35	60	45	19	23	15	16	21	39	30	43	37	37	36	66	58	19	31	22	24	20	11	45	81	31	41	38	50	40	36	34	23	55	23	51	45	19	29	12	44	34	16	31	35	39	59	47	47	49	19	34	36	6	80	22	32	14	32	47	34	28	67	38	51	26	34	35	52	58	31	37	29	50	14	45	2	12	57	22	28	36	26	27	12	39	40	24	22	23	43	25	48	26	20	28	34	42	5	33	20	35	29	21	71	27	27	46	92	37	154	22	55	135	89	41	42	32	32	56	56	28	44	16	13	29	32	70	36	370	32	72	40	37	26	49	27	37	50	34	39	36	73	62	35	51	23	23	48	33	13	79	26	32	25	75	44	13	18	40	68	47	22	16	135	76	36	11	53	11	29	28	33	67	34	32	45	27	14	40	41	11	20	44	52	19	31	20	32	18	29	33	86	48	30	23	21	37	31	35	39	29	45	33	33	76	31	18	23	31	22	29	42	50	55	29	17	43	56	56	35	29	30	84	47	42	42	52	17	16	43	33	42	31	12	32	53	32	2	23	45	31	33	33	16	24	12	31	29	29	35	29	26	41	62	21	24	32	13	57	43	21	39	44	22	33	48	47	24	22	37	18	27	41	17	15	15	17	17	11	15	42	29	32	22	35	25	4	51	7	48	16	45	30	29	36	27	31	9	32	45	30	19	30	27	28	29	31	27	62	20	39	37	33	34	27	68	37	24	24	36	61	37	47	33	25	20	79	52	44	33	22	53	19	24	20	24	21	43	33	43	43	50	40	40	15	53	11	9	18	34	16	44	25	16	38	61	23	32	36	31	11	44	18	22	34	22	22	29	51	42	30	33	44	54	32	33	28	45	30	20	33	50	44	26	32	22	29	54	34	30	30	47	37	16	30	32	17	33	26	31	28	39	33	45	56	60	62	44	61	35	58	15	39	24	68	34	32	28	25	25	52	29	25	54	26	48	21	45	42	44	24	38	38	32	37	22	34	28	21	10	40	43	19	39	18	34	32	30	59	32	24	16	27	30	32	13	35	54	13	54	24	30	60	22	40	30	43	10	23	46	30	28	16	45	29	23	46	34	42	36	13	31	41	21	17	64	28	29	41	36	29	27	41	43	38	40	64	28	35	61	35	8	48	51	37	48	35	38	7	40	37	13	55	56	46	14	43	48	27	35	58	26	31	22	20	35	41	23	16	33	35	39	43	22	60	30	42	49	34	40	24	56	46	38	42	27	45	55	21	33	30	50	57	32	38	15	39	49	25	41	33	60	21	30	82	17	44	12	86	130	58	52	84	24	74	35	73	57	115	125	23	50	30	19	27	15	21	19	42	27	30	37	28	28	28	19	61	37	17	15	34	8	57	43	22	31	47	37	32	32	46	34	38	22	14	3	15	21	24	47	12	21	64	21	34	41	25	31	39	22	18	12	30	17	54	23	40	39	26	24	14	56	27	26	28	33	50	23	48	20	14	36	26	29	19	36	21	14	32	15	51	20	18	41	24	14	25	44	39	27	34	22	25	68	46	11	40	26	26	32	49	34	46	28	32	39	26	26	40	34	46	22	23	25	19	25	13	30	40	25	20	31	71	44	27	39	48	19	21	44	33	33	15	25	18	26	39	91	20	64	17	35	19	36	53	30	22	34	41	52	27	33	43	48	35	35	54	55	29	17	47	76	57	36	30	34	39	17	19	41	100	34	55	43	29	56	32	37	47	36	45	50	21	112	71	31	37	57	37	29	29	37	44	32	46	16	18	19	35	36	40	21	15	62	16	37	17	6	29	54	43	20	11	17	21	17	8	25	38	48	37	27	23	33	32	41	41	29	21	34	22	13	32	18	13	22	24	49	2	26	28	21	39	26	27	19	19	24	23	30	27	11	38	25	25	9	38	48
T[T>G]T	35	153	123	73	102	197	94	66	123	318	145	275	120	116	79	108	87	77	227	97	168	58	104	109	77	70	117	69	111	140	133	82	160	43	81	56	186	120	64	111	68	111	58	162	62	114	77	86	152	114	104	45	99	158	221	140	62	239	179	117	101	152	149	145	80	76	90	75	111	89	147	58	130	121	132	47	142	118	73	142	104	112	124	103	178	148	186	172	40	65	87	53	51	91	31	76	81	40	90	100	33	117	92	69	139	40	67	60	50	80	210	72	117	162	103	59	83	27	111	64	65	285	80	52	63	87	74	106	146	166	68	128	252	82	146	22	52	94	19	82	60	70	143	69	121	119	116	38	60	104	216	53	58	34	105	180	104	82	76	17	37	61	117	85	96	70	114	85	190	166	63	75	72	60	45	41	153	199	86	155	136	131	109	128	69	86	150	79	149	144	61	73	52	96	90	39	72	83	91	166	110	112	95	68	95	139	18	224	73	57	28	73	98	69	93	159	101	159	72	79	80	185	129	69	88	48	140	47	122	19	60	161	53	55	102	74	38	35	107	112	94	55	61	148	80	151	60	48	66	69	104	35	87	49	72	72	78	166	79	87	157	252	111	153	23	121	161	98	48	143	89	67	151	144	107	84	28	26	102	66	94	150	325	72	184	76	93	84	176	56	98	92	95	99	109	99	149	76	136	59	45	101	75	42	213	62	87	39	232	134	49	41	86	116	125	58	36	151	131	117	43	140	42	105	64	58	197	93	84	88	86	40	128	125	44	79	143	117	44	45	89	63	67	97	91	161	125	35	78	46	95	59	75	91	59	113	104	80	121	68	58	54	75	54	73	85	155	112	87	60	129	114	125	106	99	110	191	136	103	110	104	62	65	141	65	133	95	39	93	132	88	27	67	64	67	108	82	47	71	50	74	61	96	103	68	61	77	116	69	72	83	42	159	165	69	93	135	59	92	118	209	61	49	86	48	45	96	47	19	40	78	39	29	37	70	68	79	56	89	49	26	118	31	144	25	125	99	86	98	84	61	73	85	130	94	62	117	95	69	67	69	67	112	45	100	109	73	78	74	175	63	62	52	94	175	72	118	72	70	63	254	146	83	76	67	116	65	70	59	29	47	98	88	124	113	101	108	99	48	121	51	72	36	72	53	118	40	38	132	143	37	98	98	78	37	124	37	46	86	50	84	83	99	114	98	81	135	149	77	63	115	95	91	39	87	142	84	79	83	51	87	111	96	75	92	121	102	27	84	82	79	110	93	83	48	92	88	106	171	202	165	102	124	73	128	33	129	86	167	84	83	69	53	55	123	51	47	111	42	110	31	127	132	118	40	86	88	86	73	61	126	57	95	27	92	115	64	106	87	146	69	98	93	63	70	73	74	88	90	24	103	144	34	144	59	45	176	68	111	66	140	41	70	67	93	70	46	92	68	68	122	102	75	58	43	70	89	50	43	139	61	78	103	87	87	71	102	126	95	76	172	80	111	151	112	17	152	136	162	115	113	103	25	80	98	43	163	130	83	23	149	118	72	62	155	86	105	35	65	75	137	74	31	75	85	82	109	79	179	107	74	119	99	74	57	173	141	112	112	61	128	104	57	103	93	151	163	51	87	75	88	149	69	132	121	178	65	93	179	63	90	40	139	118	81	94	103	64	137	108	105	121	62	140	43	133	97	57	87	41	37	58	90	50	55	94	113	69	90	51	157	94	59	46	102	25	162	134	65	84	102	78	115	87	99	70	115	43	29	9	23	77	77	146	54	50	122	70	86	92	83	68	109	45	39	61	66	59	157	56	102	96	54	51	50	162	54	79	65	71	102	51	132	55	39	111	63	59	62	88	50	43	76	49	118	44	42	97	77	35	67	115	97	48	66	54	39	190	87	61	75	44	114	108	123	89	86	88	98	122	80	72	99	146	117	57	69	73	47	71	27	70	73	91	65	70	123	99	74	72	135	30	49	135	76	95	33	69	29	79	86	187	74	158	57	101	56	92	157	85	122	112	103	133	65	75	125	92	118	102	141	116	52	39	114	153	156	85	53	106	71	55	41	70	142	70	101	81	80	127	89	96	146	87	111	155	36	138	203	102	80	152	105	113	66	87	149	60	78	28	66	44	79	91	94	41	33	111	53	110	73	21	86	143	139	29	22	65	53	52	43	62	65	118	69	65	57	74	82	81	157	63	67	108	59	29	65	24	29	55	86	94	12	58	67	53	71	59	68	45	69	48	63	97	59	26	61	47	79	25	99	118
