Sample,SBS40a,SBS40b,SBS40c,SBS22a,SBS22b,SBS5,SBS12,SBS18,SBS1,SBS2,SBS13,SBS21,SBS44,SBS22c,SBSB,SBSC,SBSD
PD42581c_ds0013,0.44323826058328586,0,0,0.042238237,0,0,0.14255376362829483,0,0.15206323001998187,0,0,0,0,0,0.21990650828038366,0,0
PD42882c_ds0008,0.3551520472678883,0,0.25573999037597506,0.10793964233366413,0,0,0.052734117898233575,0.053629139,0.050353513139709476,0,0,0,0,0.1244515499754574,0,0,0
PD42884c,0,0.15685370494448683,0,0.1526247247980241,0.095904973,0.27759949691380376,0,0,0.032161402061181496,0.008732777,0,0,0.046974045,0,0.12101416324878174,0.10813471259846111,0
PD42885c_ds0021,0,0.1022373135713518,0.12453173310512179,0.18405055133477832,0.16869370570712583,0,0,0,0.039165661,0,0,0,0.067664408,0,0.12551859532199988,0.18813803209676272,0
PD42886c,0,0.11758590533655769,0.1515696088728373,0.081439666,0.08405886,0.2981933796738984,0,0,0.049487338,0,0,0,0,0,0.217665243,0,0
PD42887c_ds0010,0,0,0.23151030608307527,0.3852380653514975,0.36752604131408945,0,0,0,0.015725587251337846,0,0,0,0,0,0,0,0
PD42890c,0,0.07537297,0.1339835179241859,0.41381527886238323,0.2248602752123251,0,0,0,0.011405648089561706,0,0,0,0,0.14056231024956534,0,0,0
PD42891c,0,0.10273763967976171,0.2960764085931397,0.1487748295515649,0,0,0,0,0.059803147,0,0,0,0,0.10123222257226115,0.16775254885509155,0.12362320409258844,0
PD42893c_ds0012,0,0.092910655,0.2911070498916213,0,0.11969660220758499,0,0,0,0.061350416,0,0,0,0,0,0.23946199695249104,0.19547328041792744,0
PD42894c_ds0009,0.090832068,0.1310619114459083,0.11200614452962289,0.3381842961688186,0.1737634187891969,0,0,0,0,0,0,0,0,0.15415216127366654,0,0,0
PD42895c,0.1283771936948871,0.20962399267158874,0.14229976936714153,0.25667843389616496,0.081423364,0,0,0,0.026475893151436777,0,0,0,0,0.15512135356874354,0,0,0
PD42897c,0,0,0.199430594,0.3564713925675417,0.2653255601075776,0,0,0,0,0,0,0,0,0.085223302,0.093549152,0,0
PD42898c,0,0.12209827389120632,0.19218678431174646,0.27470556283680075,0.18497268538808592,0,0,0.034646213,0.021226861705184567,0,0,0,0,0,0,0.17016361868318952,0
PD42899c,0,0,0.146091277,0.30301211089715685,0.18525803761278964,0.21866592918965796,0,0.043661097,0.033716443896509914,0,0,0,0,0.069595105,0,0,0
PD42903c,0,0.1057420817504234,0,0.2709138248208042,0.15168237339094906,0.3341874904315179,0,0.041808345,0.016089230609684143,0,0,0,0,0,0,0.079576654,0
PD42904c,0,0.24047947521078258,0,0.097706202,0,0.324511211,0,0,0.061627535,0,0,0,0,0.13640740995251355,0.13926816701066475,0,0
PD42905c_ds0013,0,0,0.1942328945962159,0.45546085265844277,0.3503062527453414,0,0,0,0,0,0,0,0,0,0,0,0
PD46710c_ds0008,0,0.17840262534803736,0.30017414699331996,0,0,0.25248400030784574,0,0,0.053322440137776206,0,0.016079773041636932,0,0,0,0.199537014,0,0
PD46721c,0,0,0.2546354911477071,0.039019003,0,0.40463821707118414,0,0,0.094605658,0,0,0,0,0,0.20710163087083758,0,0
PD46724c,0,0.081549256,0.25118796487243955,0,0,0.4049787464758577,0,0,0.060903721703283106,0,0,0,0,0,0.20138031136228998,0,0
PD46738c,0,0,0.2965586349250119,0.021584884661209787,0,0.3745451490028769,0,0,0.070293337,0,0,0,0,0,0.2370179948445791,0,0
PD46743c,0,0.1945569060092711,0.21318461947029677,0,0.030917903597468106,0.2512513704735832,0,0,0.064944832,0,0,0,0,0.072650212,0.17249415682758476,0,0
PD46748c,0,0.1153642325619825,0.3455549202998779,0,0,0.2501499738133902,0,0,0.074916918,0,0,0,0,0,0.2140139557451889,0,0
PD46750c,0.37860969585991144,0,0.14389436892585727,0,0,0.41643140592201605,0,0,0.061064529,0,0,0,0,0,0,0,0
PD46770c,0,0.1856435883570208,0.21527925813031196,0,0,0.22337772050339874,0,0,0.081055578,0,0,0,0,0,0.15201079967425618,0.1426330555968634,0
PD46799c,0,0.12292917221601253,0.3094365054940528,0.037597399,0,0.29120581495691755,0,0,0.10179654175980517,0,0,0,0,0,0.13703456667810596,0,0
PD46800c,0,0.080693997,0.20272906597893078,0.029093523097484867,0,0.41982955866142757,0,0,0.077540302,0,0,0,0,0,0.19011355259342885,0,0
PD46819c,0,0.10611863854248245,0.1554801961862943,0.031250429,0,0.44228392168057235,0,0,0.10265771521090014,0,0,0,0,0,0.16220909938809533,0,0
PD46820c,0.24286987968454476,0,0.3087721436004309,0.043241372,0,0.26149797065930425,0,0.058709954311082335,0.08490868,0,0,0,0,0,0,0,0
PD46834c,0,0.10858123642591336,0.2910251274283222,0.04331013,0,0.2702997861497644,0,0,0.081293151,0,0,0,0.040072463,0,0.16541810581300925,0,0
PD46836c,0.15765667404258588,0.14494894976864986,0.15604635034276373,0.022406304303316936,0,0.2207202652714065,0,0,0.090715839,0,0,0,0,0.060355773,0.14714984402139467,0,0
PD46838c,0.1411892151212595,0.08447105,0.14469416366673601,0,0,0.33214512102072485,0,0.041349009224826754,0.078190852,0,0,0,0,0.17796058974155513,0,0,0
PD46839c,0.15444692934484897,0.15154155114790394,0.2683556886883931,0.03580678,0,0,0,0,0.10468743401481445,0,0,0,0,0,0.161340539,0.12382107816094495,0
PD46841c,0,0.28336872774592425,0.2735315450061069,0,0,0,0,0,0.058518481456891314,0,0.022179515662139795,0,0,0,0.15282344112414048,0.2095782890047972,0
PD46858c,0,0.22796231044413753,0.2657945623526555,0,0,0.16186382298398103,0,0,0.058037861,0,0,0,0,0,0.1917028391190758,0.094638604,0
PD46859c,0.2854668472482067,0.1982895862988032,0.23269360818892396,0.036117409,0,0,0,0,0.077488329,0,0,0,0,0,0,0.16994422004195453,0
PD46860c_ds0005,0,0.3889296808158032,0.22929770151907503,0,0,0,0,0,0.03855994,0,0,0,0,0,0.16322409698419957,0.1799885811118687,0
PD46866c_ds0007,0,0,0.3390592262732751,0,0.033865114090452925,0.2845646925985285,0,0,0.061998933,0,0,0,0,0,0.280512035,0,0
PD46869c,0,0.1843472242914104,0,0.045016673308531395,0,0.4999825089336138,0,0,0.049203231,0.010321651775550382,0,0,0,0,0.21112871035331568,0,0
PD46873c,0,0,0.15054676273248793,0,0.038099459,0.3434437345106791,0,0,0.072907929,0,0,0,0.058273941,0,0.1957105526688843,0.14101762192367764,0
PD46875c,0,0.11531611740824615,0.25620655627243943,0,0.033434518,0.371682079,0,0,0.076292391,0,0,0,0,0,0.14706833811552827,0,0
PD46885c_ds0003,0,0.41109015281188427,0.30894233461211756,0,0,0,0,0,0.020625257002809757,0,0,0,0,0,0.14481970368574948,0.11452255188743891,0
PD46891c_ds0012,0.18847749729926014,0,0.35223301106165006,0,0.053943663,0,0,0,0.038411882,0,0,0,0,0,0.20763434093989552,0.1592996054708421,0
PD46903c,0.13198490827649653,0,0,0.037456197,0,0.4918533609278255,0.09806436,0,0.056464102,0,0,0,0,0,0.18417707132057376,0,0
PD46911c,0,0.1094554064496626,0.4793867620591673,0,0,0,0,0,0.079014254,0,0,0,0.039881823502320696,0.10976782187541997,0.18249393246661685,0,0
PD46914c,0.16722672464625138,0.17682480569421483,0.29530695720365957,0.037226219,0,0,0,0,0.071531174,0,0,0,0,0,0.12402876422033579,0.1278553558900145,0
PD46920c,0.12794843294774605,0.1488837218154945,0.16714971854462238,0,0,0.33009018484543756,0,0,0.068561183,0,0,0,0,0,0.1573667593374488,0,0
PD46922c,0,0.27071213868837546,0.15135847011126774,0.028354502446800083,0,0.22160837133750508,0,0,0.045164353909416706,0,0,0,0,0,0.19089252187663788,0.091909642,0
PD46925c,0,0.3149131591633499,0,0,0,0.4209011362063348,0,0,0.04051943,0,0,0,0,0.061462870580200855,0.16220340358288649,0,0
PD46930c,0.22664849182691113,0.22108993681667316,0.18904766216247737,0.040993176638069964,0,0,0,0.051088185,0.029117053390324853,0,0,0,0.030974332,0,0,0.21104116194234868,0
PD46935c,0,0.095468966,0.251435072,0,0,0.3396938798305296,0,0,0.072304005,0.017251996096224197,0,0,0,0,0.2238460816819645,0,0
PD46941c,0,0.2315872440444467,0.4438830410420697,0,0,0,0,0,0.042345921,0,0,0,0,0,0.1789439934098814,0.10323980032573778,0
PD46948c,0,0.22026881327056066,0.33833520467623074,0,0,0,0,0,0.066956876,0,0,0,0,0,0.23535038047658427,0.13908872603624522,0
PD46953c,0,0,0.17628284497640526,0.46203271979582594,0.2303859136534671,0,0,0,0.019143905624968913,0,0,0,0,0.11215461594933274,0,0,0
PD46955c,0.12573281136431344,0,0.21486591244256537,0.30448945978541164,0.17004605855062793,0,0,0,0.032001338,0,0,0,0,0.15286442021823668,0,0,0
PD46959c,0,0.18810113738093084,0.1419013432966991,0.099227301,0,0.2609008675304656,0,0,0.069892228,0,0,0,0,0,0.148096311,0.091880811,0
PD46960c,0.22775856632160063,0.1993244372294283,0.3292932469620597,0,0,0,0,0.037284513,0.04851501,0,0,0,0,0,0,0.15782422608569768,0
PD46961c,0,0.20779653211344232,0.2734357391191786,0.027629339501896392,0,0,0,0,0.070635897,0,0,0,0.040358635357765515,0,0.20016592884533307,0.1799779282751315,0
PD46963c,0.14446739583545634,0.17558301113025981,0.1989054811440358,0.033542487,0,0.23502969078041783,0,0,0.039302932191139874,0,0,0,0,0,0.1731690017290938,0,0
PD47592c_ds0003,0,0,0.3144776292250929,0.081999582,0.21378078261651806,0,0,0,0.032900952,0,0,0,0.048981512567564264,0,0.20183022690703656,0.10602931490719494,0
PD47596c_ds0006,0,0.2067176937696673,0.2551806468651873,0,0.17934631769977177,0,0,0,0.018632346,0.011669542400861934,0,0,0,0,0.12765361013305201,0.20079984282036858,0
PD48851c,0,0.071802655,0.20641439197512523,0,0.0408877,0.3200455450205886,0,0,0.061786813,0,0,0,0,0,0.16362601327487933,0.1354368815188117,0
PD48855c,0,0.21378888645719046,0.15496802658222522,0,0.038740272,0.3461215582779838,0,0,0.0556973,0,0,0,0,0,0.19068395706960786,0,0
PD48859c,0.10730594577432402,0.1357168587351302,0.3288281977820879,0,0,0,0,0,0.065171803,0,0,0,0,0,0.15781122357604788,0.2051659712819526,0
PD48864c,0.41330926619135255,0.19420758315285078,0.16779528667528404,0,0,0,0,0,0.084529365,0,0,0,0.057957217,0.082201282,0,0,0
PD48865c,0,0.1826444631386173,0.20769561065145462,0,0,0.32038300372577444,0,0,0.077016274,0,0,0,0,0,0.21226064819508642,0,0
PD48866c,0.1402110459596063,0.2068392486538392,0.20561939830200598,0.028334318228591913,0,0,0,0,0.082802915,0,0,0,0,0,0.13816382350533268,0.19802925000690236,0
PD48867c,0.3398108506975776,0.15232577667576516,0.32140116835470023,0,0,0,0,0,0.061322218,0,0.014706284843646911,0,0,0.11043370185220945,0,0,0
PD48868c,0,0.07957228,0.3872313984012053,0,0,0,0,0,0.11173784092942095,0,0,0,0.036469874,0,0.21251026024841307,0.17247834637675308,0
PD48869c_ds0005,0,0.084023799,0.34715564919640524,0.15407305998724027,0,0,0,0,0.071434677,0,0.021234902,0,0.042003228,0.22024093545669382,0.05983375,0,0
PD48871c,0,0.10744755644319955,0.2664034508215835,0.032301695,0,0.2577793126908409,0,0,0.11895589062790646,0,0,0,0,0,0.21711209408489265,0,0
PD48872c,0.22665675928242948,0.20638810598733176,0.24854806700028298,0.03473587,0,0,0,0.045922196,0.067599217,0,0,0,0,0,0,0.17014978395343353,0
PD48873c,0,0.2558823641824127,0.18975929073817238,0,0,0.33729500395274803,0,0,0.057926186,0,0,0,0,0,0.15913715497920936,0,0
PD48875c,0.17041035871397564,0.24575821327618122,0.20707871436884318,0.023257246,0,0,0,0,0.056537939683900085,0,0,0,0.050195509,0,0.10337061575689337,0.14339140365055747,0
PD48942c,0,0.098079031,0.2216900511332989,0.028801013306266113,0,0.33386846865211217,0,0,0.092171803,0,0,0,0,0,0.2253896322339489,0,0
PD50084c,0,0.18759553740561308,0.26366666453424836,0,0,0,0,0,0.097417812,0,0,0,0.039255666,0,0.17975925858096073,0.23230506153678912,0
PD50085c,0,0.15292041608867957,0.17685778992598425,0.021780756,0,0.36952168485195724,0,0,0.088118695,0,0,0,0,0,0.19080065900724827,0,0
PD50135c,0,0.135151216,0.21331938040720383,0,0.025281097,0.31378218877600805,0,0,0.067229108,0,0,0,0,0,0.16007758871229555,0.085159422,0
PD50137c,0,0.1732876114948145,0,0.034290796009226444,0,0.38918245423440967,0,0,0.0982265,0.029877552542818493,0,0,0.048826368481652005,0,0.2263087175317238,0,0
PD50143c,0.19519226737247436,0.1656364865332607,0.342699575,0,0,0,0,0.033736265,0.09415228,0,0,0,0.063358494,0,0,0.10522463262216845,0
PD50147c,0,0,0.2276710942863726,0.129175871,0,0.3272971898887962,0,0,0.055523498,0,0,0,0,0,0.16227612701011518,0.09805622,0
PD50153c_ds0006,0.1708094759839277,0,0.36671987261826816,0,0.16673069500896673,0,0,0.062578542,0.060245169019519644,0,0,0,0,0,0,0.17291624525095767,0
PD50160c,0,0,0.1849895335847917,0.032876245020597765,0,0.36736412659407075,0,0,0.058619141,0.012505226,0,0,0,0,0.16844915897693996,0.17519656877561396,0
PD50161c,0,0,0.38032217012213954,0,0,0.4018102385602794,0,0,0.083038166,0,0,0,0,0,0.13482942514004972,0,0
PD50164c,0,0.14273771370198324,0.3666948756628016,0.021678954582396475,0,0,0,0,0.080608974,0,0,0,0,0,0.22200665546215512,0.16627282706837074,0
PD50165c_ds0009,0.28625577372344074,0,0.23687820055340034,0.039183906695849875,0,0.31695541125774895,0,0,0.070120074,0,0,0,0.050606634,0,0,0,0
PD50166c,0.35161875336277465,0,0.3895416907823112,0,0,0,0,0,0.084020623,0,0,0.030826979109910117,0,0,0,0.14399195325545616,0
PD50167c,0.2539873699021431,0.10101890135966016,0.3147582076989713,0.062269953631681876,0,0,0,0,0.046369818228150374,0,0,0,0,0,0.11000270174210311,0.1115930474372901,0
PD50168c_ds0008,0.35295177743761974,0,0.34449608442347107,0,0,0,0,0,0.04825275,0,0,0,0,0,0.14031997026800552,0.11397941816371321,0
PD50171c_ds0013,0,0.16935197375582556,0.4183353790793401,0.054602435256506134,0,0,0,0,0.049675276,0.016585053959192665,0,0,0.074993024,0,0.10138512552609626,0.11507173328322373,0
PD50187c,0.3111189415374196,0.18254558441049218,0.2505778273159627,0,0,0,0,0.041448287,0.048865248,0,0,0,0,0,0,0.16544411183228658,0
PD50196c,0,0.24702867887237184,0,0.027756654,0,0.4494096795075979,0,0,0.10662997939301322,0,0,0,0,0,0.16917500860630966,0,0
PD50201c,0,0,0.2508172154404513,0.034147180792593386,0,0.3198170978197037,0,0,0.11186338491245737,0,0.016115078685080077,0,0,0,0.17512670434458452,0.092113338,0
PD50425c,0.16781217153220407,0.18607619967500885,0.2719431929039655,0.042205774,0,0.21051478074926153,0,0.058613791149392656,0.06283409,0,0,0,0,0,0,0,0
PD50444c,0,0.1106935118927771,0.2747618640211012,0.039408875,0,0.28303355083971526,0,0.055017848,0.064075783,0,0,0,0,0,0.173008568,0,0
PD50610c,0.13969464145871804,0.21711520838910017,0.27945327423888544,0,0,0,0,0,0.056247479,0,0,0,0,0.0887263,0.10315898158218015,0.11560411471092462,0
PD50620c,0.246847953,0.18258544925627623,0.2737331443483251,0,0,0,0,0,0.06910578,0,0,0,0,0,0.077555927,0.15017174696236762,0
PD50621c,0,0.14276675650106768,0.2778442555261045,0.025991853507556072,0,0.2956722765330077,0,0,0.068614072,0,0,0,0,0,0.18911078554697033,0,0
PD50622c,0.2552509716886698,0.16041177221022992,0.256244477,0,0,0,0.04522551,0,0.055858449,0,0,0,0,0,0.10222363873044825,0.12478518144473989,0
PD50625c,0,0.22691018337404611,0.1623956589040733,0.036879862,0,0.35216091150618045,0,0,0.069053958,0,0,0,0,0,0.152599426,0,0
PD50627c,0,0.14179191331535457,0.23612029151655098,0,0,0.27089496171646305,0,0.041287602026109226,0.075857982,0.012097285215510267,0,0,0,0,0.09454031,0.1274096543026127,0
PD50629c,0.17109627335311764,0,0.2622907835179226,0,0,0.40750409926627934,0,0,0.069334264,0,0,0,0,0,0.08977458,0,0
PD50630c_ds0003,0,0.31493856532315034,0.2850115188506671,0,0,0,0,0,0.070949404,0.01035749,0,0,0,0,0.1572191383829034,0.16152388346089638,0
PD50637c,0,0.13499562664274306,0.2289198730993645,0.023888939077803248,0,0.3491928802928273,0,0,0.060636630187429284,0,0,0,0,0,0.20236605069983266,0,0
PD51187c,0,0.13460910014718408,0.2220419531009083,0.030466009,0,0.28509678804849015,0,0,0.073406112,0,0,0.020973971425697256,0,0,0.23340606582951107,0,0
PD51213c_ds0006,0,0.15225214889460603,0,0.028052418051045396,0,0.5262158358062584,0,0,0.033697011,0.018795073039494403,0.017413421670653826,0,0,0,0.22357409115959537,0,0
PD51219c,0.12487512299200577,0.41466390099239653,0,0.020717142791742593,0,0.25438424880846217,0,0.038611642,0.032576754,0,0,0,0,0,0,0.1141711886159291,0
PD51224c,0.18175316452369053,0.1615844966511252,0.3070391706085539,0,0,0,0,0,0.076688839,0,0,0,0,0,0.10227870829716948,0.1706556208803323,0
PD51225c,0.11646303889989822,0.22403957915458592,0,0.042294453,0,0.41883514463849675,0,0,0.054017387,0,0,0,0,0,0.14435039732182545,0,0
PD51227c_ds0009,0,0.1361570080282314,0.30399390186200304,0.0980728,0.087681615,0.15081464353414073,0,0,0.034222473590919636,0,0,0,0,0,0.18905755795241402,0,0
PD51239c,0.21371066321684615,0.13240213663923714,0.30201006431766586,0,0,0,0,0,0.070671514,0,0,0,0,0,0.097697591,0.18350803114670194,0
PD51254c,0,0.12325137251961991,0.21298932038576163,0.028970207606240576,0,0.280142126,0,0,0.06474046,0,0,0,0,0,0.19984746171251808,0.090059051,0
PD51256c,0,0,0.34640546359192664,0.025566355,0,0.2574678551107784,0,0,0.10702427374260391,0,0,0,0,0,0.16927766411600817,0.094258389,0
PD51260c,0.15866446624352215,0.19912975384453294,0.24880391376255517,0.036170597343276524,0,0,0,0,0.061114013,0,0,0,0,0,0.10630540341273832,0.18981185246633914,0
PD51262c,0,0.1317646752333761,0.18005111365225437,0.022671774,0,0.2988348360607022,0,0,0.050815242,0,0,0,0,0,0.22992076696366684,0.085941592,0
PD51264c,0.15852536964855662,0.15602196662098605,0.32034959075312996,0,0,0,0,0,0.085824664,0,0,0,0,0,0.15224287940792888,0.1270355297875846,0
PD51266c,0.17484829557596035,0.12798964198906224,0.30617727508014314,0,0,0,0,0,0.085967508,0,0,0,0,0,0.1121654012406595,0.19285187833490405,0
PD51267c,0,0.17235117306005193,0.1798811720491851,0.020322723,0,0.36981459967170077,0,0,0.082355921,0,0,0,0,0,0.17527441117558007,0,0
PD51269c_ds0007,0,0,0.31462546093654137,0.067863807,0,0.3145313739029582,0,0,0.091173359,0,0,0,0,0,0.21180599948807202,0,0
PD51271c,0.16759135591529817,0.15912756979928935,0.20206995146087947,0.094903746,0,0,0,0.055661688,0.09179006,0,0,0,0.046583764481849914,0,0,0.1822718645580976,0
PD51273c,0.17514964648358453,0.13256771669708606,0.13891025551183453,0.037927268,0,0.3511853780584043,0,0,0.069784769,0,0,0,0,0,0.094474966,0,0
PD51274c,0.18662658341334298,0.15695654938682344,0,0.030158938,0,0.45073576448099784,0,0,0.074312946,0,0,0,0,0,0,0.10120921841311356,0
PD51276c,0.25278319858965814,0.12075989947928857,0,0,0,0.4265288228913462,0,0,0.088525941,0,0,0,0,0,0.11140213755058473,0,0
PD51285c_ds0013,0.20101661578301208,0.18221352272290298,0,0,0,0.44745239758769534,0,0.050401118,0.056778146,0,0,0,0,0,0,0,0.062138200203354484
PD51290c,0.1872235641096644,0.15157901548437244,0,0.060640526,0,0.4006012736725489,0,0.088198263,0.066869766,0,0,0,0.044887591,0,0,0,0
PD51293c,0,0.1031164261897806,0.17688841509154354,0.029444314229216995,0,0.1914526604603872,0,0,0.085668333,0,0,0,0.039483965916179635,0,0.2231656029656547,0.15078028211316272,0
PD51385c_ds0014,0,0,0,0.5114506713979016,0.2806961058999251,0.09147888,0,0,0,0,0,0,0,0.11637434256924808,0,0,0
PD51389c,0.18785881723271775,0.22553330351286427,0.25670977419780017,0.022568046253722218,0,0,0,0,0.039265531,0,0,0,0,0,0.16091599003029092,0.10714853764898291,0
PD51510c,0,0.15628453640077275,0.24992088645335472,0,0,0.196296331,0,0,0.073039655,0,0,0,0,0,0.23019513058532576,0.09426346,0
PD51511c,0.23144906982401336,0.30171900759567427,0.14248880974596642,0.042457322723123345,0,0,0,0.043024075730419005,0.045346211466196544,0,0.012526653783505301,0,0.055376553,0,0,0.1256122959515154,0
PD51514c,0,0.1944807910043699,0.15584893332502084,0.039795525,0,0.22112057310779623,0,0,0.071443364,0.012914846500863147,0,0,0,0,0.204989328,0.099406639,0
PD51518c,0,0.1591869440264501,0.31167754445576995,0,0,0.24890260747728338,0,0,0.076148752,0,0,0,0,0,0.20408415203292338,0,0
PD51522c,0.18897992195758498,0.17292160131769072,0.27614812654552057,0,0,0,0,0,0.05542227,0,0,0,0,0,0.10271519321724046,0.20381288664809544,0
PD51525c,0.13688063397894948,0.24829245238065956,0,0,0,0.2987492532870322,0,0,0.03140006,0,0,0,0,0,0.17985689122645887,0.10482070937965474,0
PD51526c_ds0006,0.15330482471430745,0.225787228,0.4941095213171177,0,0.04383776,0,0,0.043659236559357696,0.039301429613799524,0,0,0,0,0,0,0,0
PD51532c,0,0.2450599978071245,0.18995012499454209,0.038715221,0,0.21482622615780017,0,0,0.032824179049162815,0,0.011597209141738788,0,0,0,0.17110043897309934,0.095926602,0
PD51534c,0,0.24670330312559877,0.1941145753221071,0,0.032249348,0.1857978007823557,0,0,0.04594218,0,0,0,0.035447365,0,0.1460317727933679,0.11371365511396557,0
PD51536c,0,0.1174263240742391,0.16147738431448427,0.095169736,0,0,0,0,0.029548422,0,0,0,0,0,0.095103661,0.5012744720754446,0
PD51540c,0.11312539900548965,0,0.19476514112894364,0.33599778315007345,0.24829244634677164,0,0,0,0.015366218091806149,0,0,0,0,0,0,0.092453012,0
PD51541d,0.20119005360837733,0.15900490041903007,0.25817685509001465,0.079195121,0,0,0,0,0.065368884,0,0,0,0,0,0,0.2370641860090198,0
PD51542c,0,0.11326432252258792,0.12186915015670424,0.3602139617869669,0.1819694024056087,0,0,0.030114043,0.022875285279084168,0,0,0,0,0.16969383515549447,0,0,0
PD51544d_ds0011,0,0,0.1962763609357665,0.2621896733709812,0.37970420788673465,0,0,0.037749252,0,0,0,0,0,0.12408050604225536,0,0,0
PD51545c,0,0,0.1445743770638717,0.1065908671143425,0,0,0,0,0.080217853,0,0,0,0,0.1764440794736885,0.16807967336356688,0.32409315,0
PD51546c,0,0,0.1406290748370971,0.3754732819347087,0.301593193,0,0,0,0.014798587269708514,0,0,0,0,0,0.057675118646387996,0.10983074427351382,0
PD51557c,0,0,0.2160382573367339,0.027927259825378983,0,0.4078645513303484,0,0,0.10560298104531146,0,0,0,0.058043209,0,0.18452374161786558,0,0
PD51559c,0.1732536046980856,0.11236122827795494,0.23008186090271787,0,0,0,0,0,0.090769621,0,0,0,0,0,0.1306614919084131,0.2628721935919601,0
PD51560c,0,0.11244003126845581,0.2205603591518846,0.034143911,0,0.36253764915044256,0,0,0.066035217,0,0,0,0,0,0.20428283259995123,0,0
PD51566c,0,0.23731273304731956,0.17167958935990596,0.030010048,0,0.1786036454996617,0,0,0.060219221,0,0,0,0,0,0.22390460831083425,0.098270156,0
PD51567c,0,0.1079358168189129,0.26766554132244863,0.032215913115182425,0,0.22535904889277952,0,0,0.083768862,0,0,0,0,0,0.19442564555487485,0.088629172,0
PD51569c,0,0,0.3223436231896072,0.035293515934549734,0,0.3561591666632347,0,0,0.049899016904451934,0,0,0,0,0,0.23630467730815638,0,0
PD51579c,0,0.11555050545858195,0.23999032769820824,0.029238288768762957,0,0.28589642857712194,0,0,0.049933866603945866,0,0,0,0,0,0.19855779194563797,0.080832791,0
PD51582c,0,0.08662385,0.1381250854045605,0.039644404972772475,0,0.46953563968044854,0,0,0.076522602,0,0,0,0,0,0.18954841701224256,0,0
PD51583c,0.2887334246420061,0.2156391871076623,0.24782850605373735,0,0,0,0,0,0.079373026,0,0,0,0,0,0,0.168425856,0
PD51584c,0,0,0.5682108368996989,0,0,0,0,0,0.090985775,0,0,0.038866081,0,0.061705479,0.24023182880118962,0,0
PD51585c,0,0,0.27769237555999443,0.026462972881004153,0,0.38651637324376514,0,0,0.044159184718120977,0,0,0,0,0,0.2651690935971152,0,0
PD51586c,0,0.22331318596506708,0.24442700047815455,0,0,0,0,0,0.074152711,0.016284391638389146,0,0,0.036261282,0,0.14652323148641114,0.2590381974640342,0
PD51587c,0,0.22246937308303205,0.17551475406741274,0,0.035382758,0.2689321409730452,0,0,0.048598344,0,0.014473367914397352,0,0,0,0.13216015457477756,0.10246910694116663,0
PD51589c,0.11621700687796314,0.2141645364172146,0.2017698936747074,0.036199755,0,0.18597452226804045,0,0,0.079985019,0,0,0,0,0,0.16568926682724355,0,0
PD51590c,0,0,0.27300536373359907,0.025854273819123055,0,0.285842444,0,0,0.10748284362238295,0,0,0,0,0,0.15819863713739418,0.14961643799338478,0
PD51591c,0,0.15819918392425192,0.3584918812022253,0,0,0.27757314058844335,0,0,0.045103988,0,0,0,0,0,0.16063180645157185,0,0
PD51598c,0.15459532117682914,0,0.4690136426882024,0.026723367148697726,0,0,0,0.042390939,0.03831768,0,0,0,0,0,0,0,0.26895905010985144
PD51599c,0.10898243539791029,0.15326803929418317,0.17268421611731521,0.036114138,0,0.3866033365771898,0,0.054960684,0.087387151,0,0,0,0,0,0,0,0
PD51638c,0,0,0.29926468606816037,0.3600138281600346,0.14900664896919474,0,0,0,0.036829819028806096,0,0,0,0,0.1548850177738043,0,0,0
PD51639c,0.2660613482880748,0,0.30217873598458245,0.035398456,0,0,0,0,0.10060711928841613,0,0,0,0,0,0.099561395,0.19619294518039698,0
PD51640c,0,0.1210890896414691,0,0.031625829,0,0.5339406425609119,0,0,0.085428376,0,0,0,0,0,0.22791606363809988,0,0
PD51642c_ds0006,0,0,0.2505175456158964,0,0,0.5413668970082213,0,0,0.050210025,0,0,0,0,0,0.15790553281740707,0,0
PD51643c,0.20099000339213222,0.1851919029900827,0.27532783759745516,0.022239878,0,0,0,0.048389192648777966,0.055942201212489606,0,0,0,0,0,0,0.21191898448807825,0
PD51644c,0,0.1354400386604941,0.16957028631029145,0.06085151,0,0.33748139552299894,0,0,0.10054026036096554,0.013282639114305746,0,0,0,0,0.18283387013255922,0,0
PD51646c,0.18170420048030644,0.19567185918037283,0.36723735685263803,0,0,0,0,0,0.084101675,0,0,0,0.039942381,0,0,0.13134252731647947,0
PD51651c,0.1525988336492822,0.10302230030531528,0.2057323707685651,0.040451936448697524,0,0.32490067555437396,0,0,0.065869103,0,0,0,0,0,0,0.1074247805412023,0
PD51652c,0,0,0.33832830954105997,0,0,0.3824161532064267,0,0,0.083983989,0,0,0,0,0,0.1952715481165394,0,0
PD51654c,0.17646341765196238,0.1716829066306407,0.3565224267318484,0,0,0,0,0.055474865,0.058146972,0,0,0,0,0,0,0.1817094115303408,0
PD51658c,0,0.30818138912631715,0.24318413442953893,0.030314548509692573,0,0.18933885314874915,0,0.049334725,0.055274899,0,0,0,0,0,0,0.094071506,0.030299944294339888
PD51661c,0.1395757637422392,0.094995724,0.38810538786757154,0,0.03155408,0,0,0,0.057431267,0,0,0,0,0,0.1493050495295091,0.13903272825932328,0
PD51667c_ds0006,0,0,0.26031397742508694,0,0.048253818,0.2858046306762678,0,0,0.088483618,0,0,0,0.050961985,0,0.1687487640885473,0.097433208,0
PD51682c_ds0006,0.35399874749365406,0.21457560878726703,0.3127135378915532,0,0,0,0.063048128,0,0.055663978,0,0,0,0,0,0,0,0
PD51695c_ds0005,0,0,0.3334913804055186,0,0,0.24183447032326086,0,0,0.025720054,0,0,0,0,0,0.29275863850151457,0.10619545651214966,0
PD51697c_ds0004,0.3309337443163464,0.22370997008995874,0.22938650789913403,0,0,0,0,0,0.075667454,0,0,0,0.045327365,0.094974959,0,0,0
PD51702c_ds0007,0.24253143446155173,0,0.211066525,0,0.060108676,0.4061263229933132,0,0,0.080167041,0,0,0,0,0,0,0,0
PD51705c_ds0007,0.12792587400977384,0,0.571123474,0.042284054,0,0,0,0.052927627,0.090405967,0,0,0,0,0.11533300386261142,0,0,0
PD51715c,0,0.21391022600969095,0,0.029579645318181913,0,0.34231712363472605,0,0,0.085454052,0.014317054854543742,0,0,0.038005848956549106,0,0.18338192962461958,0.093034119,0
PD51717c,0,0.11773205756978707,0,0.046957655,0,0.5458627972358947,0,0,0.078073972,0,0,0,0.035766296656712215,0,0.17560722116053543,0,0
PD51720c,0.17480634013204996,0.13153388779036762,0.2836965028194466,0,0,0,0,0,0.11879484516440166,0,0.014360796294282751,0,0,0,0.084046376,0.1927612522913132,0
PD51721c,0,0.20819995900987048,0.20806461618050576,0.028072911910235854,0,0.29170095064758256,0,0,0.055543403,0.011599723791864166,0,0,0,0,0.19681843548845143,0,0
PD51723c,0.1963064168065849,0.20341707669147194,0.26961971024853704,0.023219609,0,0,0,0.049620326,0.078452098,0,0,0,0,0,0,0.17936476275412175,0
PD51737c_ds0006,0,0.29743085508955475,0.32660321254911295,0,0,0,0,0,0.045323353,0,0,0,0,0,0.2241640752763114,0.10647850455057434,0
PD51742c,0.1925064068092071,0.20176767910841328,0.25718549335826235,0.02444721,0,0,0,0.037703111,0.074705018,0,0,0,0.039308875,0,0,0.17237620724951463,0
PD51816c,0,0.31940735092912836,0.1897334386037153,0,0,0.23201375956691508,0,0,0.051376911128518235,0,0,0,0,0,0.20746853977172303,0,0
PD52595b_ds0001,0,0.1490637388425332,0,0,0,0.37694352780336826,0,0,0.095561688,0,0,0,0,0,0.2105825474660041,0.16784849816395214,0
PD52596b_ds0001,0,0.13054479860560012,0.4696396040469494,0,0,0,0,0,0.097425461,0,0,0,0,0,0.20276033666619833,0.0996298,0
PD52597b_ds0001,0,0.15125056485667132,0.3585162752128805,0,0,0,0,0,0.047443874639077996,0.013382899679133578,0,0,0,0,0.16886934247317803,0.2605370431390585,0
PD52598b_ds0001,0,0.2715996694811143,0.23676031244229256,0,0.038827747591318365,0.15032954952316688,0,0.040141705094644854,0.045594589488822966,0.012786392764872524,0,0,0,0.11280225109592139,0.091157783,0,0
PD52601b_ds0001,0,0.088065767,0.28029183589942613,0,0,0.3415567651633616,0,0,0.084770958,0,0,0,0,0,0.2053146747279045,0,0
PD52602b_ds0001,0.18780252657978946,0.1658824462142726,0.3432270166747085,0.033346791,0,0,0,0.087327153,0.060355605,0,0,0,0,0,0,0.12205846139725673,0
PD52603b_ds0001,0.1648164582166874,0.23884645001645907,0.2762652548012752,0.035115259895811664,0,0,0,0,0.041707144,0,0.014963404982153612,0,0,0,0.085145524,0.14314050336936066,0
PD52604b_ds0001,0,0.11984818417961476,0.20327783204785774,0.027300336,0,0.2572587256351501,0,0,0.061484495,0,0,0,0,0,0.2163046585142636,0.1145257687380841,0
PD52605b_ds0001,0,0.2048596913016943,0.2900824927739665,0,0,0.2826233532257599,0,0,0.047252418968849894,0,0,0,0,0,0.17518204372972948,0,0
PD52606b_ds0001,0,0.23718873944854102,0.20786300327491425,0,0,0.29432633140930126,0,0,0.056340296,0,0,0,0,0,0.2042816298968054,0,0
PD52607b_ds0001,0,0.29220713189036474,0,0.023253822,0,0.4241755708598918,0,0,0.051881057814625105,0,0,0,0,0,0.20848241721105812,0,0
PD52608b_ds0001,0,0.24092617742650288,0.2141434983795513,0,0,0,0,0,0.072587694,0.013742237,0,0,0,0,0.23934380512481207,0.21925658746719626,0
PD52609b_ds0001,0.2388327703643583,0.23501626470531442,0.2697176940033086,0,0,0,0,0,0.1003015139099555,0,0,0,0,0,0,0.15613175701706333,0
PD52610b_ds0001,0.12363094173200445,0.078874564,0.1335241531823423,0.2827975042358116,0.098237101,0,0,0,0.037614175,0,0,0,0.036413195853513415,0.20890836470405383,0,0,0
PD52611b_ds0001,0,0,0.10865347924849625,0.528227907,0.27598543594177655,0,0,0,0,0,0,0,0,0.087133178,0,0,0
PD52614b_ds0001,0,0.1264586902729557,0.18717289059606104,0,0.038122271790263694,0.3344820307608729,0,0,0.058994608,0.011079401547961883,0,0,0,0,0.24369010748143222,0,0
PD52615b_ds0001,0,0.1941766641227536,0.16431289315036168,0.028791001408133836,0,0.36539947248413074,0,0,0.053099077,0,0,0,0,0,0.1942208914189429,0,0
PD52616b_ds0001,0.19393554088057413,0.11693070492645616,0.1983085902159808,0.054341219,0,0,0,0.046884849199878176,0.058889963,0,0,0,0,0.090068391,0,0.1945466121179898,0.046094129727719736
PD52617b_ds0001,0,0.094315898,0.14058802017535094,0.4190645852475418,0.22155788494297754,0,0,0.028039635620110578,0.016084445,0,0,0,0,0,0,0.080349531,0
PD52618b_ds0001,0.076119119,0.134856273,0.13611323028089767,0.2697622742859194,0.13778103776010106,0,0,0,0.027667944,0,0,0,0,0.1080703483577567,0,0.10962977321507507,0
PD52619b_ds0001,0.17977833894692294,0.093687533,0.25972278107880137,0.055316663531236425,0,0,0,0,0.062086587,0,0,0,0,0,0.1380261484835967,0.21138194799654642,0
PD52620b_ds0001,0.33889643532681085,0.2532470076095824,0,0,0,0,0,0,0.11307982958557856,0,0,0,0,0,0,0.24438639165009152,0.050390335827936755
PD52621b_ds0001,0.2691702751856205,0.083953815,0.1354587167089854,0.06976603,0,0,0,0.064517845,0.040202093,0,0,0,0.037258873,0.15404485982736196,0,0.14562749158825472,0
PD52622b_ds0001,0,0.20527302501289466,0.17217816710080522,0.12332653876032877,0,0.28143337074291036,0,0.054301965,0.058203866,0,0,0,0,0,0,0.10528306736450484,0
PD52623b_ds0001,0,0.19191839309463543,0.36236628837867024,0.027307097,0,0,0,0,0.069912099,0,0,0,0,0,0.17770821373236528,0.1707879087074134,0
PD52624b_ds0001,0.11932122152686368,0.081826151,0,0.31477261756566066,0.11600333273547456,0.22637402610176396,0,0,0.019323116267047174,0,0,0,0,0.12237953505900048,0,0,0
PD52626b_ds0001,0,0.17525325932059269,0.17832338690184657,0.1410845052874208,0.09241767,0,0,0,0.027617369,0,0,0,0.044347061,0.068125504,0.096353144,0.17647810185379537,0
PD52627b_ds0001,0,0.068960232,0.13650991920497976,0.33195322,0,0,0,0,0,0.065083519,0.024146804,0,0,0.10604304649486691,0,0.2673032587187395,0
PD52628b_ds0001,0.10088488322033137,0,0,0.4734369468136697,0.3302787113477456,0,0,0,0,0,0,0,0,0.095399459,0,0,0
PD52630b_ds0001,0,0.11790573591959413,0.1459898549330512,0.21920979987961137,0.12435731657232868,0.16855441216198266,0,0,0.018793647663552897,0,0,0,0,0.12276970087335201,0.082419532,0,0
PD52631b_ds0001,0,0,0.086250529,0.626357409,0.28739206177426146,0,0,0,0,0,0,0,0,0,0,0,0
PD52632b_ds0001,0,0,0.41279194578001294,0,0.048481405,0.29262885877041706,0,0,0.067121015,0,0,0,0,0,0.17897677580411925,0,0
PD52633b_ds0001,0,0,0.43620724083057655,0.065032079,0,0,0,0,0.077398369,0,0,0.025006826,0,0,0.17265364331446867,0.22370184168018165,0
PD52634b_ds0001,0,0,0.32951855998933094,0.0483682,0,0.343435324,0,0,0.057800646,0,0,0,0,0.078765273,0.14211199632953253,0,0
PD52635b_ds0001,0,0.1310624225589622,0.31881122555786867,0,0,0.2952472732776105,0,0,0.083962959,0,0,0,0,0,0.17091611977775414,0,0
PD52636b_ds0001,0,0.2852071367118454,0,0.024157324425178345,0,0.45219780623244915,0,0,0.03460975,0,0,0,0,0,0.2038279829277611,0,0
PD52637b_ds0001,0,0.4197919782945208,0.15342425270663354,0.035084313,0,0.21507454835118925,0,0,0.032637961,0,0,0,0,0,0.14398694635108214,0,0
PD52638b_ds0001,0,0,0.3446615201492452,0.033882477,0,0.2088338558633812,0,0,0.078515884,0,0,0,0,0.13113151639246295,0.2029747469553517,0,0
PD52640b_ds0001,0.18393067808418892,0.16394546422007564,0.16211358658083042,0.044988482946045814,0,0.3244993988400493,0,0.062868649,0.05765374,0,0,0,0,0,0,0,0
PD52641b_ds0001,0.14718633024701533,0.11596234216000911,0.20403370700251286,0,0,0.22851912078757572,0,0,0.047897594,0,0,0,0,0.10916114100592172,0.1472397646756149,0,0
PD52642b_ds0001,0.12573913367473202,0,0,0.027817552204113364,0,0.5472894906238875,0,0,0.061817355,0.018318578058542537,0.036736309,0,0.043340734,0,0.13894084750632624,0,0
PD52643b_ds0001,0.10352993563147683,0.18829259729769166,0.22205621724384456,0.037251126,0,0.26788394882449046,0,0,0.051104113683116535,0,0,0,0,0,0.1298820613410121,0,0
PD52644b_ds0001,0.19787395202938757,0.250509308,0.1535736261707527,0.028621396094867156,0,0,0,0,0.043336129,0,0,0,0.032854784,0.092965364,0.082621289,0.11764415167254168,0
PD52647b_ds0001,0,0.1921759208453541,0,0.029200649177538902,0,0.4774234931961399,0,0,0.053533498,0,0,0,0,0,0.24766643896821955,0,0
PD52648b_ds0001,0.21357960605682685,0.13635818220083773,0.24601754065308568,0,0,0,0.042347603277503004,0,0.076561777,0,0,0,0,0,0.073221776,0.211913515,0
PD52649b_ds0001,0,0,0.36152708628731317,0.026413567,0,0.32643152499548794,0,0,0.085633535,0,0,0,0,0,0.19999428621424445,0,0
PD53852b_ds0001,0,0.28241871718111977,0,0.024632926982883666,0,0.44075412591592605,0,0,0.038283993,0,0,0,0,0,0.18535336137813116,0,0.028556875178876763
PD53854b_ds0001,0,0.073252203,0.22002039890199238,0.065546005,0.10336115445943621,0,0.060416117342197796,0,0.071009805,0,0,0,0.029147753207912137,0,0.15252593920327726,0.22472062409044646,0
PD55504b_ds0001,0.14477987299649026,0,0.24296874937974228,0.041442078,0,0.2773920210333758,0,0.085297134,0.087258918,0,0,0,0,0,0,0.12086122700876656,0
PD55505b_ds0001,0.1579392652806655,0.12644706836905345,0,0.033257813,0,0.3976035745382408,0.084655624,0,0.061859657,0,0,0,0,0,0,0.13823699780040044,0
PD55506b_ds0001,0,0,0.30965661,0.03809094,0,0.3225047049391454,0,0,0.077918409,0,0,0,0,0,0.16467100222754497,0.087158334,0
PD55507b_ds0001,0,0.075891039,0.16092056465705634,0,0,0.26670963392422187,0.08060375,0,0.073574447,0,0.013511473002259954,0,0,0,0.12460161480907114,0.20418747736222628,0
PD55508b_ds0001,0.18897575173651363,0.11014338977187886,0.31867547963672677,0,0,0,0,0,0.069612065,0,0,0,0,0,0,0.312593314,0
PD55509b_ds0001,0,0.072087643,0.2822543067114342,0,0,0.3771725942113649,0,0,0.092718547,0,0,0,0,0,0.17576690899497388,0,0
PD55510b_ds0001,0,0.2273681737087412,0,0,0,0.21958648470458586,0,0,0.039429964,0,0,0,0,0,0.13621498353613512,0.37740039387403124,0
PD55511b_ds0001,0.14759174889064194,0.18280924904052656,0,0.050149514,0,0.3373935485899447,0.096171787,0,0.063506501,0,0,0,0,0,0,0.12237765113104129,0
PD55512b_ds0001,0,0,0,0.047298872987413275,0,0.6820860075281324,0,0,0.048265255,0,0,0,0,0,0.067321651,0.15502821324363172,0
PD55513b_ds0001,0,0.099044577,0.27340099443336596,0,0,0.21554950004918502,0.06934365,0,0.041809183698134716,0,0,0,0,0,0.11307683349965643,0.18777526121947077,0
PD55514b_ds0001,0,0,0.25845693984376356,0.2716730747633227,0.12560776469540744,0,0.1326222348070232,0,0.026016160047422743,0,0,0,0,0.058677219270557565,0.1269466065725029,0,0
PD55515b_ds0001,0.1619216927610295,0.090538094,0.3037422597950999,0.023919141731994924,0,0,0.1318399559220242,0,0.074393341,0,0,0,0,0,0,0.21364551452148225,0
PD55516b_ds0001,0,0.091088155,0.12556420864106596,0.027085909500097694,0,0,0.3198154919880887,0,0.03783069,0,0,0,0,0,0.19821942092860387,0.2003961245978956,0
PD55517b_ds0001,0.23185324550632044,0.084777791,0.19826886863942755,0.031608014,0,0,0.1404249952654737,0,0.071926097,0,0,0,0,0,0,0.24114098771013212,0
PD55519b_ds0001,0.20508902979673654,0,0.3669765937388235,0,0.063201187,0.26581613445936686,0,0,0.098917055,0,0,0,0,0,0,0,0
PD55520b_ds0001,0,0.1065510173877754,0,0,0,0.533989942,0.071177553,0,0.054388336,0,0,0,0.055781209,0,0.17811194290103707,0,0
PD55521b_ds0001,0.17352964824512224,0.12596610436656816,0.33175016210338126,0,0,0,0,0.046255776980554046,0.089657538,0,0,0.023129979,0,0,0,0.20971079120087843,0
PD55523b_ds0001,0,0,0.2075469274595095,0,0,0.3415706881982312,0.12654751908609635,0,0.061763385,0,0,0,0,0.088261283,0.17431019734837286,0,0
PD55524b_ds0001,0.15620448713548998,0.1482123859081673,0.2720193884264769,0,0.039137478736537445,0,0,0,0.041908402,0,0.014332396066812464,0,0.049295323,0.10946016555325534,0,0.1694299731372684,0
PD55525b_ds0001,0,0.1291973877800221,0.3663370056264485,0,0,0,0.10683808187807448,0,0.081162976,0,0,0,0,0,0.19593125666044253,0.12053329231986107,0
PD55526b_ds0001,0.2788433837788729,0,0,0.0467445,0,0.2595337758870165,0.2106437663553886,0,0.057493578,0,0,0,0,0.14674099618416056,0,0,0
PD55527b_ds0001,0,0.14748115073205698,0,0.025703619,0,0.2885087391139753,0.052641127,0,0.058062358,0,0,0,0.043476104,0,0.2145987596975357,0.1695281423964784,0
PD55528b_ds0001,0.330998861,0,0.327532934,0.029378950289341545,0,0,0,0,0.054990992727722364,0,0,0,0,0,0,0.257098262,0
PD55529b_ds0001,0,0,0.22412490209254857,0,0,0.5079951294586305,0,0,0.085427438,0,0,0,0,0,0.18245253012141213,0,0
PD55530b_ds0001,0,0,0.21941860727121026,0,0,0.3145714378881543,0,0,0.095548027,0,0,0,0,0,0.20782501988967833,0.16263690778019893,0
PD55531b_ds0001,0,0,0.21008787047311617,0.029034206,0,0.34661661675783106,0.11262554178429512,0,0.071912535,0,0,0,0,0,0.151468841,0.078254389,0
PD55532b_ds0001,0.17898995909562004,0,0.2078197414127919,0,0,0,0,0,0,0.03316851,0.027520719,0.037961539,0,0,0,0.5145395310437539,0
PD55533b_ds0001,0,0,0,0,0,0.5522359520083788,0,0,0.07119774,0,0,0,0,0,0.19480096669132582,0.18176534179940798,0
PD55534b_ds0001,0.20415043016367476,0.14294516426095225,0.15612907161089304,0,0,0,0.22421970360438573,0,0.038729702467287186,0,0,0,0,0,0,0.23382592789280698,0
PD55535b_ds0001,0,0,0,0,0,0.27841182605167136,0,0,0,0,0,0.050847889,0,0,0.18612507649744817,0.48461520849970824,0
PD55536b_ds0001,0.15413143761880224,0,0.21383548538656386,0.042007434023023676,0,0.38285493208683774,0.10734212375867713,0.036023427,0.06380516,0,0,0,0,0,0,0,0
PD55537b_ds0001,0,0.11347525953450652,0.24714882052939358,0.022864289,0,0,0.1356184352610992,0,0.0449497,0,0,0,0.039186971300969896,0,0.18672259148702222,0.21003393245784915,0
PD55538b_ds0001,0,0.10115815710636082,0,0.026316555743287177,0,0.40860818926255843,0.092086203,0,0.060154832,0,0,0,0,0,0.1683391677182388,0.14333689535041558,0
PD55539b_ds0001,0.2319516832646679,0.15857551371373685,0.22047865556051768,0,0,0,0.06950699,0,0.067252301,0,0,0,0,0,0,0.2522348562423215,0
PD55540b_ds0001,0.13314723978745416,0,0.1839658731820041,0.026659105,0,0,0.3057440631491108,0,0.066439283,0,0,0,0,0,0.18096400361638967,0.10308043166594813,0
PD55541b_ds0001,0.13888896555231106,0.1447624407501387,0.2630019143426569,0,0,0,0,0,0.032591590115565595,0,0,0,0.069822503,0,0,0.3509325860605138,0
PD67534b,0.20245939556782652,0.14322927213732922,0,0,0,0,0.14924381722226746,0,0.042355211,0,0,0,0.058404327996269566,0,0.12319537584786883,0.2811126003262888,0
PD67535b,0,0,0.15547308552010652,0.038320129,0,0.25782609802333867,0.18806355992334525,0,0.052367856,0,0,0,0,0.10885955433224948,0.1990897177120797,0,0
PD67536b,0,0,0.3060275770914247,0.058103885,0,0.2398926449114675,0.096528123,0,0.07697942,0,0,0,0,0,0.097085645,0.12538270589600753,0
PD67537b,0,0.10169556175174421,0.20544761711742365,0.039360698,0,0.39426365051736717,0.052366211,0,0.071025048,0,0,0,0,0,0.13584121307026353,0,0
PD67538b,0,0,0.3884301827826923,0,0,0.17907469668030235,0.093581372,0,0.06387781,0,0,0,0,0,0.15364807316001125,0.12138786504474883,0
PD67539b,0,0,0,0.05477817,0,0.7094145221533119,0,0,0.057205408,0,0,0,0,0,0.13886275224372568,0,0.039739148
PD67540b,0,0.15375131257111052,0.40591491568821886,0,0,0,0,0,0.098561005,0,0,0,0,0.2494317309760293,0.092341036,0,0
PD67541b,0,0.11102366776421553,0.13307612799344057,0.021998173619023443,0,0.44608142080634333,0.075723345,0,0.064044487,0,0,0,0,0,0.14805277826403096,0,0
PD67542b,0,0.095202058,0.17769237834342427,0.025061935199185006,0,0.2513030521390888,0.21759088564810536,0,0.053470984409616534,0,0,0,0,0,0.17967870600517163,0,0
PD67543b,0.2113850686860715,0,0,0.043884675,0,0.5454142135812006,0,0,0.078710904,0,0,0,0,0.1206051392505322,0,0,0
PD67544b,0.2370930150456287,0,0.23705038095708994,0.032490005,0,0,0.1710814356767797,0,0.064337914,0,0,0,0,0,0.12703690460697142,0.1309103453169443,0
PD67545b,0,0.1417621385364436,0.12586595878145782,0.040423077,0,0.2204630854487014,0.15865011787120686,0,0.056493103,0,0,0,0,0,0.14658481569669896,0.10975770445112361,0
PD67546b,0,0,0,0,0,0.3277302692278315,0.23602888727394308,0,0.054556779592515606,0,0,0,0,0,0.27313816737910046,0.1085458965266094,0
PD67547b,0,0,0.18543824218150542,0,0,0.2635959240681708,0.23285712027205246,0,0.056558001,0,0,0,0.046977099,0,0.214573613,0,0
PD67548b,0.2602123777635916,0,0.41380173804786324,0.044921286129110505,0,0,0,0,0.069351615,0,0,0,0,0,0,0.21171298324218224,0
PD67549b,0.16376434479484003,0.16445610470512376,0.3603934667365788,0,0,0,0,0,0.079733834,0,0,0.032629641770494926,0,0,0,0.1990226082376828,0
PD67550b,0,0.18740047882177024,0.4114273522089613,0,0,0,0,0,0.09391204,0,0,0,0,0,0.14812334913200573,0.15913677942323176,0
PD67551b,0.129758738,0,0.16865589686713722,0,0,0.4666711736231185,0,0.067019859,0.071817224,0,0,0,0,0,0,0.096077109,0
PD67552b,0,0,0.2294153571998957,0.044183113264551745,0,0.4716051260400045,0,0,0.064891285,0,0,0,0,0.070171604,0.11973351464777564,0,0
PD67553b,0,0.080021899,0.26237722042328304,0.030373126,0,0.22431230343086175,0.1193829943235274,0,0.058163487408645693,0,0,0,0,0,0.1321521396908455,0.09321683,0
PD67554b,0,0,0.21840836308399053,0.028461902650516162,0,0.3026173940895337,0.051955340057918284,0,0.064381811,0,0,0,0,0,0.2034495790657622,0.13072561001833571,0
PD67555b,0,0,0.3743028965906427,0,0,0.36156494951900037,0,0,0.091677283,0,0,0,0,0,0.17245487117679723,0,0
PD67556b,0,0,0.2973178177159344,0,0,0.4084048640320823,0,0,0.095619013,0,0,0,0,0,0.19865830488630376,0,0
PD67557b,0.22724469084135981,0,0.3318753305455232,0,0.053477487191686046,0,0.11503051163274151,0,0.060619845,0,0,0,0,0,0,0.21175213486953318,0
PD67558b,0,0.095397047,0.36226130683269886,0.044386892,0,0,0.093913652,0.037044062,0.087717559,0,0.017177916446192702,0,0.092996703,0,0,0.1691048616753912,0
PD67560b,0,0,0.18791826744491882,0.044962622768316425,0,0.501606193,0.050398466,0,0.071189374,0,0,0,0,0,0.1439250769525409,0,0
PD67561b,0.14681675235931982,0.1351319572150997,0.36609796627065283,0.033551165,0,0,0.058404218997000754,0,0.078897052,0,0,0,0,0,0,0.14823715178727853,0.032863736
PD67563b,0,0.20026473669208616,0.30668944383091956,0.031512089,0,0,0.095319558,0,0.064755665,0,0,0,0,0,0.13489333034117582,0.1665651772830373,0
PD30346b_ds0001 Glomeruli,0,0,0,0.033846145,0,0.6173278819123048,0,0,0.13373819629348838,0,0,0,0,0,0.21508777682592833,0,0
PD30346b_ds0002 Glomeruli,0,0,0,0,0,0.6015907705403521,0,0,0.1263670726710939,0,0,0,0,0,0.27204215678855403,0,0
PD30346b_ds0003 Proximal_tubules,0.2637318667247246,0.18840259426907358,0.3777407445743748,0,0,0,0,0,0.03603122,0,0,0,0,0.13409357443597925,0,0,0
PD30354c_ds0001 Glomeruli,0.5760027877561822,0,0,0,0,0,0,0,0.11782341797686284,0,0,0,0,0.306173794,0,0,0
PD30354c_ds0002 Glomeruli,0.22769374552501945,0,0.2531426469159985,0,0,0,0,0,0.11775460383000093,0,0,0,0.065083547,0,0.15997832697977973,0.17634712939325922,0
PD30354c_ds0003 Proximal_tubules,0,0.18440410006545233,0.2990485141236549,0,0.061879807,0.21347904289373076,0,0,0.024071013590830453,0,0,0,0,0.10287943686355851,0.1142380850533212,0,0
PD30354c_ds0004 Proximal_tubules,0,0.14981151825649935,0.28919996291154465,0,0.078741181,0.3969149240527173,0,0.059151401303444144,0.026181012069195788,0,0,0,0,0,0,0,0
PD30356f_ds0001 Glomeruli,0,0.1401549916099848,0,0,0,0.2617331391061218,0,0,0.057332252,0.017399623,0.018281433,0,0.076470422,0,0.20101445764693035,0.22761368172434324,0
PD30356f_ds0002 Glomeruli,0,0,0,0.035531082,0,0.5642365776085484,0,0,0.10299215468620751,0,0,0,0.040170731,0,0.25706945397098474,0,0
PD30356f_ds0003 Glomeruli,0,0,0,0,0,0.6372494600476115,0,0,0.095959142,0,0,0,0,0,0.2667913979593419,0,0
PD30356f_ds0004 Proximal_tubules,0,0.3387628380485645,0.1972380958440343,0.030407404,0,0.21144274935857385,0.041544411056195205,0,0.035239041,0,0,0,0,0,0.14536546021563035,0,0
PD30356f_ds0005 Proximal_tubules,0.2304300313511197,0.3956993259680596,0.19789476391104455,0,0,0,0,0,0,0,0,0,0.048918347465948066,0.1270575313038279,0,0,0
PD30365b_ds0001 Glomeruli,0.18850008319499478,0,0,0.037522077247497454,0,0.44889722567757967,0,0,0.13927843970196008,0,0,0,0,0,0.18580217417796813,0,0
PD30365b_ds0002 Glomeruli,0.18931336073839827,0,0,0.030260981,0,0.3519165613225242,0,0,0.13015381576607787,0,0.015256536400966936,0,0,0,0.1439701748544241,0.1391285698598042,0
PD30365b_ds0007 Proximal_tubules,0,0.2091219747341152,0.32032403384105335,0,0,0.2574506889277534,0,0,0.031128810016574783,0,0,0,0,0,0.18197449248050337,0,0
PD30365b_ds0008 Proximal_tubules,0,0.2652922982218641,0.1782388125940377,0.045028216,0,0.26179795919406973,0,0,0.025522247739860816,0.012778437283597722,0,0,0,0,0.21134202923679082,0,0
PD30365b_ds0009 Distal_tubules,0.22440278959666216,0,0.1572498678390581,0,0,0.2756438831595853,0,0,0.10681307590233365,0,0,0,0,0,0.099513595,0.1363767883738925,0
PD30367b_ds0001 Glomeruli,0.3835296155907516,0,0,0,0,0.35997345860478824,0,0,0.11435730676202155,0,0,0,0,0.1421396190424386,0,0,0
PD30367b_ds0002 Proximal_tubules,0.17599250498529406,0,0.21648153034800374,0.072874177,0,0,0,0,0.068000044,0,0,0,0.084649281,0,0.15154407134594816,0.23045839058245585,0
PD30367b_ds0003 Proximal_tubules,0,0,0.23471779118212896,0.055886887,0,0.4253248051543035,0,0,0.097729262,0,0,0,0,0,0.18634125533807372,0,0
PD30367b_ds0004 Glomeruli,0.30101810957363456,0,0.26356635043692006,0,0,0,0,0,0.1417864865688994,0,0.017989214,0,0,0,0,0.2756398393402064,0
PD30369b_ds0001 Glomeruli,0,0.093426921,0,0,0,0.323002871,0,0,0.11424757079351029,0,0,0,0,0,0.23441886307309204,0.23490377397281423,0
PD30369b_ds0002 Glomeruli,0,0,0,0.039954466,0,0.5213632081547804,0,0,0.11307026324399576,0,0,0,0,0,0.21975785556142058,0.10585420659385189,0
PD30369b_ds0003 Proximal_tubules,0,0.37167717899996305,0.3751555734930929,0,0,0,0,0.038126795,0.019118643545718676,0,0,0,0,0,0.099781308,0.096140502,0
PD30369b_ds0004 Proximal_tubules,0.1124858912982193,0.26681938152727314,0.21978551560329432,0.032933621909111116,0,0.21148736336066376,0,0,0.020701033576027546,0,0,0,0,0,0.13578719272541073,0,0
PD30369b_ds0005 Distal_tubules,0,0.097778842,0,0.045896846661697854,0,0.5117996738535899,0,0.053887852,0.087816576,0,0,0,0,0,0,0.2028202091466582,0
PD30378h_ds0001 Glomeruli,0,0,0.22375323978547404,0.029411013,0,0.29855420743337746,0,0,0.098133122,0,0.013585373145547799,0,0,0,0.22061340022704284,0.11594964440699491,0
PD30378h_ds0002 Glomeruli,0,0,0.2223821074832088,0,0,0.2764166117266653,0,0,0.10420063517598942,0,0.018592527,0,0,0,0.24086958460390615,0.13753853365204757,0
PD30378h_ds0003 Proximal_tubules,0.1469737034633359,0.25238206568820365,0.2733703390635191,0.022878171628939438,0,0,0,0.042443588450476306,0.030244792975620292,0,0,0,0.041461074060763096,0,0,0.19024626466914235,0
PD30378h_ds0004 Proximal_tubules,0,0.22975211310877416,0.3309053270517099,0,0,0.30454761499827093,0,0,0.028363532762394714,0,0,0,0,0,0.1064314120788502,0,0
PD30380b_ds0001 Glomeruli,0.22851257018429738,0,0,0,0,0.5122541806598878,0,0,0.068089959,0,0,0,0,0,0.1911432901996655,0,0
PD30380b_ds0002 Glomeruli,0,0,0,0,0,0.6564457564662664,0,0,0.10316154301885158,0,0.020033886032334837,0,0,0,0.22035881448254727,0,0
PD30380b_ds0003 Proximal_tubules,0,0.376541861,0,0,0,0.30486633686267445,0,0,0.016409036884579786,0.012223356114585651,0.016074117226448813,0,0,0,0.1785927694953127,0.095292523,0
PD30380b_ds0004 Proximal_tubules,0.3264709948675192,0.27391241408915346,0.2312541222774909,0,0.046771082,0,0.055265344131400065,0.04091739,0.025408651965884026,0,0,0,0,0,0,0,0
PD30380b_ds0005 Distal_tubules,0.5039060672439877,0,0,0.05411717,0,0,0,0,0.094891334,0,0,0,0.075453314,0,0,0.27163211415448757,0
PD30388b_ds0002 Glomeruli,0.1820468045518044,0,0.1948650522192905,0,0.046067317,0,0,0,0.14025625818798432,0,0.014648048370198997,0.038916069,0,0,0.13762614757763583,0.24557430360492255,0
PD30388b_ds0003 Glomeruli,0,0,0.15482113082653565,0.035387135,0,0.23330729578500262,0,0,0.099355839,0,0,0.025169119687542735,0,0,0.2437820859121897,0.20817739398047577,0
PD30388b_ds0007 Proximal_tubules,0,0,0.42558181011765156,0,0.030943433502329396,0.33507137142004867,0,0,0.046344755,0,0,0,0,0,0.16205862960349018,0,0
PD30388b_ds0008 Proximal_tubules,0,0,0.23935906989158814,0,0,0.5285717250253887,0,0,0.030039120256364227,0,0,0,0,0,0.20203008482665877,0,0
PD30407b_ds0001 Glomeruli,0.25599968431492043,0,0,0,0,0.568136574,0,0,0.11596802653866786,0,0.017098986998770414,0,0,0,0,0,0.042796728
PD30407b_ds0002 Glomeruli,0.33855834281663977,0,0.13706135207707654,0.037010455,0,0,0,0,0.11411298637045256,0,0.024819429387383594,0.025321593,0,0,0.085079759,0.23803608172150584,0
PD30407b_ds0003 Proximal_tubules,0,0.13483140384245912,0.5653527382314596,0.02290487,0,0,0,0,0.036271657,0,0,0,0,0.10193730200742776,0.13870202904726658,0,0
PD30407b_ds0004 Proximal_tubules,0,0.18093467501907715,0.39591490764628035,0,0,0.21184758826485886,0,0,0,0,0,0,0,0.10227272051480438,0.1090301085549794,0,0
PD41750c_ds0001 Glomeruli,0,0,0.29149356497325385,0.051983625,0,0,0,0,0.093300859,0,0,0.040458659564102044,0,0,0.1712753825626892,0.35148790886054093,0
PD41750c_ds0002 Glomeruli,0,0,0.2190736316645324,0.057956007415597435,0,0.2124742120364485,0,0,0.095844701,0,0,0.030484679,0,0,0.17012731377308746,0.2140394557790686,0
PD41750c_ds0007 Proximal_tubules,0,0.10598185155839163,0.2660993706017573,0.03301391,0,0.2865699576680205,0,0,0.038648217,0,0,0,0,0,0.16435322838412808,0.10533346475102152,0
PD41750c_ds0008 Proximal_tubules,0,0.13216040073647775,0.2936079698785954,0,0.029478165,0.258139292,0,0,0.038873252,0,0,0,0,0,0.16448375584230504,0.083257165,0
PD42581c_ds0002 Glomeruli,0.4106091680869979,0,0,0,0,0,0,0,0.0795544,0,0.025578137181681584,0,0,0,0,0.484258295,0
PD42581c_ds0003 Glomeruli,0,0,0.27625913150059284,0,0,0,0.11031618820404086,0,0.056912476507441655,0,0.029817523415256373,0,0,0,0.3913862171783269,0.1353084631943414,0
PD42581c_ds0004 Glomeruli,0,0,0,0.073356419,0,0.30326076262329993,0,0,0.11387769911180193,0,0,0.026022838948556167,0,0,0.32819420764215584,0.15528807265723013,0
PD42581c_ds0007 Proximal_tubules,0.2595772204901185,0.14163321397790918,0.27878952837680343,0,0,0.19544529859544213,0,0.058862719171965755,0.065692019,0,0,0,0,0,0,0,0
PD42581c_ds0009 Proximal_tubules,0,0.10686418348939067,0.2846494203822853,0,0,0,0.063954674,0,0.07676367,0,0,0,0,0.15195315482326094,0.3158148974409614,0,0
PD42581c_ds0010 Medulla,0,0.211750086,0,0.043298721,0,0,0,0,0.039330373,0,0,0,0.066588806,0,0.2490659255282063,0.38996608909098157,0
PD42581c_ds0011 Medulla,0.2816615950742264,0.15085922976320854,0,0,0.049698217,0,0,0,0.041295876,0.016679368037308757,0,0,0.070108592,0,0,0.3896971223449957,0
PD42581c_ds0012 Medulla,0,0,0,0,0,0.37960499460142955,0,0,0.045021605,0,0,0,0,0,0.19913793465908378,0.37623546584025963,0
PD42882c_ds0001 Glomeruli,0,0,0.3283674356456916,0,0.067071554,0,0,0,0.11610286951986483,0,0.022254197041382522,0,0,0,0.30396142221897887,0.16224252199981298,0
PD42882c_ds0002 Glomeruli,0,0.088025105,0,0.058194896,0,0.5776097721963701,0,0,0.087060788,0,0,0,0,0,0.1891094385247071,0,0
PD42882c_ds0003 Medulla,0,0.2860906609444127,0.1269646714082409,0.029003094871058302,0,0,0,0,0.020494881352436798,0.01702942,0,0,0,0,0.18627658597717833,0.29152087870676513,0.042619807
PD42882c_ds0004 Medulla,0,0.25252343276755584,0,0.055607029695160855,0,0,0,0,0.01737993,0,0,0,0.078201452,0,0.24877175322798806,0.2742588906928463,0.073257511
PD42882c_ds0005 Medulla,0.12531921546275238,0,0.2043855055550456,0.058284715600901246,0,0,0,0.096513796,0.026353297629594524,0,0,0,0,0,0,0.3698450506117634,0.11929841934382311
PD42882c_ds0006 Proximal_tubules,0.1510200741833671,0.13107747232957723,0.1799957796921811,0.18803143187695945,0,0.1901047542081738,0,0,0,0,0,0,0,0.15977048770974145,0,0,0
PD42882c_ds0007 Proximal_tubules,0.1457428915998997,0.2920252915111494,0.23976911660898112,0.087448442,0,0,0.087432295,0,0.030796493081837163,0,0,0,0,0,0.11678546997846277,0,0
PD42885c_ds0001 Glomeruli,0,0,0.31953786816352553,0.15167888119063982,0,0,0,0.073001354,0.063808805,0,0.031252152,0,0,0,0,0.36072093898111546,0
PD42885c_ds0006 Proximal_tubules,0,0,0.36205830608182166,0.18451895806846477,0.24274122447074403,0,0,0,0.026351369025013074,0,0.0199172,0,0,0.16441294256255687,0,0,0
PD42885c_ds0007 Proximal_tubules,0.20369223701000327,0,0.21670253780542065,0.24471958742793218,0.22352960327153346,0,0.077568751,0,0.033787284,0,0,0,0,0,0,0,0
PD42885c_ds0011 Glomeruli,0.22823269182504344,0,0.25033841234055987,0.1497550573334355,0,0,0,0,0.074510465,0,0,0,0,0,0.13756259069456625,0.1596007833063195,0
PD42885c_ds0012 Glomeruli,0,0,0,0.20681088778356058,0,0.48646274353057384,0,0,0.067793889,0,0,0,0,0,0.2389324798081981,0,0
PD42885c_ds0014 Medulla,0,0,0.33273354357897783,0.091936373,0,0,0,0,0.053252166578500244,0,0,0,0.13146613143147662,0,0.12036062906530381,0.27025115682392437,0
PD42885c_ds0015 Medulla,0,0,0,0,0.1391221575912182,0.6953156867327448,0,0.16556215567603705,0,0,0,0,0,0,0,0,0
PD42885c_ds0016 Medulla,0.28632079337253397,0,0.22265556114993734,0.10447032838263151,0,0,0,0,0.060069174915165946,0,0,0.061777943,0,0,0,0.2647061987260958,0
PD42885c_ds0017 Proximal_tubules,0,0.15032028058851457,0.3878013806996567,0.065448885,0.30975269,0,0,0.06647755,0.020199213197486528,0,0,0,0,0,0,0,0
PD42885c_ds0019 Proximal_tubules,0,0.2314305612059631,0,0.23812711660452024,0.11657581866360169,0.29857042543832574,0,0.059281727,0,0.012674318225577132,0,0,0.043340032,0,0,0,0
PD42885c_ds0020 Distal_tubules,0,0,0.3536590142474269,0.17739131136981198,0,0,0,0,0.05899616,0.029067366,0.029806383441542284,0,0,0.3510797650440021,0,0,0
PD42887c_ds0001 Distal_tubules,0.18804522722792585,0,0,0.32615424236067614,0.15866133085360884,0,0,0,0.02422304,0,0,0,0,0.094227604,0,0.20868855590397448,0
PD42887c_ds0002 Medulla,0.1288288862692215,0.13891896459671907,0,0.23774368907811866,0.11883059919932688,0,0,0,0.033180377,0,0,0,0,0,0.095046354,0.2474511299628035,0
PD42887c_ds0003 Medulla,0,0,0.1727388537260114,0.341268148,0.1298980114821132,0,0,0,0,0,0,0,0,0.14247983215881196,0,0.21361515506244338,0
PD42887c_ds0004 Medulla,0,0,0.19702868404449378,0.27980802662169635,0.1001962837244217,0,0,0,0,0,0,0,0,0,0,0.42296700560938816,0
PD42887c_ds0005 Glomeruli,0.1883123466130528,0,0,0.4248627707736261,0,0.19561126194302894,0,0,0.054628802,0,0,0,0,0.13658481898227737,0,0,0
PD42887c_ds0006 Glomeruli,0.19847065702684585,0,0,0.4425990282155886,0.085778134,0,0,0,0.053783188861164996,0,0,0,0,0,0,0.21936899183519523,0
PD42887c_ds0007 Glomeruli,0.1478941880141129,0,0.21244315798831825,0.3469676046634242,0.070219935,0,0,0,0.06728447,0,0,0,0,0,0,0.15519064486882425,0
PD42887c_ds0008 Proximal_tubules,0,0,0.17257478715195498,0.4005124150061899,0.3984614181807258,0,0,0.028451379661129435,0,0,0,0,0,0,0,0,0
PD42887c_ds0009 Proximal_tubules,0,0,0.11711568035501312,0.4194180095982517,0.4634663100467352,0,0,0,0,0,0,0,0,0,0,0,0
PD42893c_ds0001 Glomeruli,0,0,0.16156981054284686,0,0.039345964,0.45226125010977375,0,0,0.10291753788476633,0,0.015508640584616653,0,0,0,0.1879220642993908,0,0.040474733
PD42893c_ds0002 Glomeruli,0,0,0.2792902363767223,0,0,0,0,0.073733183,0.11208490239261923,0,0,0,0,0,0.2502246385498536,0.28466704013984595,0
PD42893c_ds0003 Glomeruli,0,0,0,0.056062106,0,0.3834694325076519,0,0,0.11754512899262314,0,0,0.023343541,0,0,0.321294892,0.098284899,0
PD42893c_ds0004 Proximal_tubules,0,0.157076627,0.3350208886386799,0.1289906972409084,0,0,0,0,0.044450289098653416,0.020687377615289996,0,0.031920794636304685,0,0.073445654,0.20840767216969758,0,0
PD42893c_ds0005 Proximal_tubules,0,0.17495546810738202,0,0,0.12628953962471623,0.40937434634849706,0,0,0.031427319,0,0,0,0,0,0.25795332725929454,0,0
PD42893c_ds0006 Proximal_tubules,0.258968269,0.32929642381934315,0,0.080509435,0,0,0,0.079083126,0.019503046238446096,0,0,0,0,0,0,0.2326396997643666,0
PD42893c_ds0007 Medulla,0,0.20485941624355958,0.21701289473363866,0.033650868853277706,0,0,0,0,0.059814678,0,0,0,0,0,0.2131294713439776,0.2715326705017337,0
PD42893c_ds0008 Medulla,0,0.17412866424309922,0.1942480324589759,0.039764002,0,0.22373410263765373,0,0,0.056545211175023834,0,0,0,0,0.087633922,0.22394606641179246,0,0
PD42893c_ds0009 Medulla,0,0.14053737949168202,0,0.051185886477492726,0,0.4016744372993659,0,0,0.048576725226216165,0,0,0,0,0,0.2525630879135189,0.10546248359172415,0
PD42893c_ds0011 Proximal_tubules,0,0.20310915687584866,0.293447505,0.1186071460396718,0,0,0,0,0.14362678791280403,0.01770334,0,0.037493546681097535,0,0,0.186012518,0,0
PD42894c_ds0001 Proximal_tubules,0,0.21130310030181715,0.13384108644611908,0.2725890609275312,0.26945911103778786,0,0,0,0,0,0,0,0,0.057508298483600055,0.055299343,0,0
PD42894c_ds0002 Proximal_tubules,0,0.1477201230659532,0.11999484370362948,0.22179527504589686,0.38788284022368213,0,0,0,0,0,0,0,0,0,0.065937573,0.056669344,0
PD42894c_ds0003 Medulla,0,0.183391956,0,0.19668406342824576,0,0.1921627605890017,0,0,0.043178608990373346,0,0,0,0,0,0.12796889565779487,0.2566137152337783,0
PD42894c_ds0004 Medulla,0.090549236,0.12210500057007169,0,0.21100768437905704,0,0,0,0,0.043638668198410516,0,0,0,0,0,0,0.5326994105511395,0
PD42894c_ds0005 Glomeruli,0,0.097157572,0,0.2296131407256846,0,0,0,0,0,0,0,0,0,0,0.086753568,0.5864757200608595,0
PD42894c_ds0006 Glomeruli,0,0,0.2860093026539523,0.4760126700262401,0,0,0,0,0.047608273,0,0,0,0,0.1903697544981071,0,0,0
PD42894c_ds0007 Glomeruli,0.086421463,0,0.1897418426503072,0.482209243,0,0,0,0,0.047229183,0,0,0,0,0.19439826807279847,0,0,0
PD42894c_ds0008 Distal_tubules,0.1634274705705463,0.15852375144535336,0,0.17005963806898947,0.13807693290078213,0,0,0,0.027757208596865868,0,0,0,0.037662822,0,0,0.3044921759642948,0
PD42905c_ds0001 Medulla,0,0,0.28371538137490304,0.2519990242720639,0,0,0,0,0.062411390913943175,0,0,0,0,0,0.13788886764390165,0.2639853357951883,0
PD42905c_ds0002 Medulla,0,0.093454391,0.2042157630673741,0.28374902216733555,0,0,0,0,0.030228495312898177,0,0,0,0,0.088054687,0.13689269321321682,0.16340494830852037,0
PD42905c_ds0003 Medulla,0.14831373814806173,0.1418025676554741,0,0.27990114590799836,0,0.17460841707260358,0,0,0.033993146,0,0,0,0,0,0,0.2213809849528696,0
PD42905c_ds0004 Proximal_tubules,0,0,0.11326081487574641,0.42749017068561146,0.45924901443864213,0,0,0,0,0,0,0,0,0,0,0,0
PD42905c_ds0005 Glomeruli,0.20256090450505718,0,0,0.4782203505092995,0,0,0,0,0.058595765,0,0,0,0,0.26062297951781566,0,0,0
PD42905c_ds0006 Glomeruli,0.20193888786961453,0,0,0.3844085928793408,0.092481816,0,0,0,0.079950553,0,0,0,0,0,0,0.24122014997684943,0
PD42905c_ds0007 Glomeruli,0.15188995896062482,0,0,0.38947639061114364,0,0.19186488166223695,0,0,0.071760769,0,0,0,0,0.19500799949941147,0,0,0
PD42905c_ds0009 Proximal_tubules,0,0,0.11145426614170252,0.42983469012677605,0.45871104373152144,0,0,0,0,0,0,0,0,0,0,0,0
PD42905c_ds0010 Proximal_tubules,0,0,0,0.4620804918096299,0.46579279118937883,0,0,0,0,0,0,0,0,0,0.072126717,0,0
PD43850n_ds0020 Glomeruli,0,0,0.18662152886088726,0,0.036740570734495506,0.42101684071721923,0,0.057948854,0.1011358225149254,0,0,0,0,0,0.19653638325590567,0,0
PD43850n_ds0022 Glomeruli,0,0,0.2163353339572006,0,0,0,0,0,0.07173092,0,0,0,0.066584086,0,0.41456193524993085,0.23078772481208706,0
PD43850n_ds0028 Medulla,0,0.20295304983030285,0.3118558226919922,0.030275492116502815,0,0,0,0.060823515748258776,0.062685355,0.017630127,0,0,0,0,0.098907745,0.2148688933156178,0
PD43850n_ds0029 Medulla,0,0.1581735484088622,0,0.034589598343602555,0,0.3644984093731697,0,0,0.034025103,0,0,0,0,0,0.20710124177475472,0.20161209895548646,0
PD43850n_ds0030 Medulla,0.1583266601318792,0.128358396,0.21354006955281835,0,0,0,0,0,0.051460598,0,0,0,0,0.085855347,0.08712311,0.27533581952577985,0
PD43850n_ds0031 Proximal_tubules,0,0.16532393678793877,0.3403106594986809,0.050223949,0,0.21310032784733848,0,0.075082627,0.034694402495673356,0,0,0,0,0,0,0.12126409713447078,0
PD43850n_ds0032 Proximal_tubules,0,0,0.24216309661454172,0.048063407,0,0.4744624706667853,0,0,0.044853426978949354,0,0,0,0,0,0.1904575988320037,0,0
PD43850n_ds0033 Proximal_tubules,0,0.1543812361844593,0.48775711008176614,0,0.059943760286555826,0,0,0,0.032047026,0,0,0,0.044892135863429584,0,0,0.22097873112204447,0
PD43851o_ds0001 Glomeruli,0.19944930503367414,0,0,0,0.056128148,0.3381992424522705,0,0,0.11474901377837253,0,0.016020878610564625,0,0,0,0.14353054308431204,0.131922869,0
PD43851o_ds0002 Glomeruli,0,0,0.12991739441719197,0.028033076078103836,0,0.3595137126381313,0,0,0.092721436,0,0,0,0,0,0.2689999779056026,0.12081440281334072,0
PD43851o_ds0006 Proximal_tubules,0,0.3035568006392909,0.16530441229618753,0,0.045395209,0.2503766178976951,0,0,0.036568847647965155,0,0,0,0,0,0.19879811274840914,0,0
PD43851o_ds0007 Proximal_tubules,0,0.3191102932543411,0.20544237051339823,0.037008424168301884,0,0.290591839,0,0,0.019983299007400576,0,0.016116799353355263,0,0,0,0.11174697435783912,0,0
PD43851o_ds0008 Proximal_tubules,0,0.3251067273034824,0.20693707463015054,0.047089253178371884,0,0.259940896,0,0,0.035724897,0,0,0,0,0,0.1252011518144844,0,0
PD43851o_ds0009 Medulla,0,0.2298294865457112,0,0,0.032964098,0.4372934354696686,0,0,0.035401059,0,0,0,0,0,0.26451192037314925,0,0
PD43851o_ds0010 Glomeruli,0,0,0.16279766356729933,0.040356585,0,0.2860853552692988,0,0,0.1116845298744092,0,0.013594228,0,0,0,0.26880662464071453,0.11667501425962773,0
PD46710c_ds0001 Glomeruli,0.2584307012216319,0.12210903527175547,0,0.05609439,0,0,0,0.088734368,0.10296588259497831,0,0,0,0.082368184,0,0,0.2892974393257879,0
PD46710c_ds0002 Glomeruli,0.30014679624405344,0.15210461876027023,0,0,0,0,0,0,0.11818807287996232,0,0.035917207075043436,0,0,0,0,0.34758365998882607,0.046059645051844685
PD46710c_ds0003 Medulla,0.13571469912337253,0.28814386004014236,0.19214585802293713,0,0,0.19008745780259556,0,0,0.023326405577617376,0,0,0,0,0,0.170581719,0,0
PD46710c_ds0004 Medulla,0.18722652630908607,0.40464483844933025,0,0,0,0.24069937663141888,0,0,0.04817195,0,0,0,0,0,0.11925730840782447,0,0
PD46710c_ds0005 Medulla,0.18751070654766816,0.13905782945149636,0,0,0.049103469545750594,0,0,0,0.099379744,0,0,0,0.078887482,0,0.18487973374428687,0.2611810345568747,0
PD46710c_ds0006 Proximal_tubules,0.13676192000557344,0.3811656217362611,0.2694249465661219,0,0.082255354,0,0,0,0.038752551,0,0,0,0,0,0.091639607,0,0
PD46710c_ds0007 Proximal_tubules,0,0.44698084730166504,0.36960573951524217,0,0,0,0,0,0.0280858,0.012606326750811542,0,0,0,0,0.14272128682661966,0,0
PD46860c_ds0001 Glomeruli,0,0.11444073386294516,0,0.046719990438298775,0,0.39216869375985963,0,0,0.065622165,0,0,0,0,0,0.22471123064811224,0.15633718642027933,0
PD46860c_ds0002 Proximal_tubules,0,0.48104719382869404,0.2363584498055127,0.020274185526266215,0,0,0,0.037380313,0,0.020242646,0.015106661641491697,0,0,0,0.077568896,0.11202165405146039,0
PD46860c_ds0003 Proximal_tubules,0.12372597414947108,0.44175904645578074,0.1813098745807576,0,0.036579992080711526,0,0.064956291,0,0.014169771061775954,0,0,0,0,0,0.13749905071977747,0,0
PD46860c_ds0004 Medulla,0.10975465869703281,0.3015190413862343,0,0,0,0.25001661485526167,0,0.10000650573949814,0.030241414,0,0,0,0,0,0,0.20846176522549814,0
PD46866c_ds0001 Glomeruli,0.2536611946867907,0,0.18539557968937173,0,0,0,0,0,0.1049605388268598,0,0,0,0,0,0.22714133153218036,0.22884135526479743,0
PD46866c_ds0002 Glomeruli,0.36614652618392207,0,0.18606274668458628,0.033540107,0,0,0,0.065702368,0.071501609,0,0,0,0,0,0,0.2770466432444716,0
PD46866c_ds0004 Proximal_tubules,0,0.34525618235002975,0,0.040659180400435764,0,0.25822750668049727,0,0,0,0,0,0,0,0.073291879,0.2825652517421674,0,0
PD46866c_ds0005 Medulla,0,0.1457860162084781,0,0.048579111154491206,0,0,0.081666769,0,0.07743538,0.020357759,0.022646990947898783,0,0,0,0.16250254358485275,0.34755369236547157,0.093471737
PD46866c_ds0006 Medulla,0,0.161048043,0,0,0,0.5043835277932799,0,0,0.033507406084922954,0,0,0,0,0,0.3010610233085972,0,0
PD46868c_ds0001 Glomeruli,0,0,0,0,0,0.39465044382362713,0,0,0.1330139830222449,0,0,0,0.088206433,0,0.38412914063502085,0,0
PD46868c_ds0002 Medulla,0,0,0,0,0,0,0,0,0.04460192,0,0,0,0,0,0.40898001291761876,0.4500910915992198,0.096326976
PD46868c_ds0003 Medulla,0.17873490966196948,0.3354011831999224,0,0,0,0,0,0,0.027054114,0.015554013641036214,0,0,0,0,0.20758690267346883,0.2356688763758749,0
PD46868c_ds0004 Medulla,0,0,0.24225433356495826,0.064610784,0,0,0,0,0.067879956,0,0,0.03453073,0,0,0.35305071529059534,0.23767348141823402,0
PD46868c_ds0005 Proximal_tubules,0.2938059390898503,0.3207687625340287,0,0,0.068054953,0.3173703458593156,0,0,0,0,0,0,0,0,0,0,0
PD46868c_ds0006 Proximal_tubules,0,0.3868903170869208,0.18362805124096315,0,0,0,0,0,0.025720762617088274,0,0,0.030527425724195714,0.089380575,0,0.2838528685524805,0,0
PD46885c_ds0001 Glomeruli,0.33813499363160826,0.15995232709002447,0,0,0,0,0,0,0.1347207419548264,0,0.017813304570646667,0,0.051333377,0,0,0.2980452560062342,0
PD46885c_ds0002 Proximal_tubules,0,0.4267319055451652,0.17570852032020642,0,0.025814013,0.16824689149806818,0,0,0.019701700276776382,0,0.011263743,0,0,0,0.17253322593039697,0,0
PD46891c_ds0001 Glomeruli,0,0,0,0,0,0.4929668372961833,0,0,0.12373984762689622,0,0,0,0,0,0.18727588339343934,0.19601743168348126,0
PD46891c_ds0008 Medulla,0.23550124592514618,0.2987839698972825,0,0,0,0,0,0.086790721,0.083466073,0,0,0,0.074032216,0,0,0.2214257745450482,0
PD46891c_ds0009 Medulla,0,0.13126449863859813,0,0.07142234,0,0.470785855,0,0,0.082998863,0,0.023931381849499528,0,0,0,0.21959706245506336,0,0
PD46891c_ds0010 Proximal_tubules,0.24733006112231498,0.13880207695455826,0.26884298425504943,0,0.054808449902827294,0,0,0,0,0,0,0,0,0.095640553,0.1945758748250152,0,0
PD46891c_ds0011 Proximal_tubules,0,0.19125655346183285,0.4674607574149313,0,0,0,0,0,0.022514017447302408,0.017412579828584775,0,0,0,0.08743763,0.1787814270357198,0,0.035137035
PD47586c_ds0001 Glomeruli,0.23443373770903125,0,0.15786203790756467,0.037252912,0,0,0,0,0.11466383818730938,0,0,0,0.045519973,0,0.23066767107229424,0.1795998308246024,0
PD47586c_ds0002 Glomeruli,0.45965422967337866,0.11648477351849611,0,0,0,0,0,0,0.11841506714811016,0,0,0,0,0,0,0.3054459296600151,0
PD47586c_ds0003 Proximal_tubules,0,0.11789669786077492,0.2827197470195029,0,0,0.3267174410833193,0,0,0.062099646748545005,0,0,0,0,0,0.21056646728785786,0,0
PD47586c_ds0004 Proximal_tubules,0.2914047161899132,0,0.33202497311537543,0,0.041475316,0.16524636172399676,0,0,0.06300727,0,0,0,0,0.10684136301785402,0,0,0
PD47586c_ds0005 Medulla,0,0,0.3542010271985981,0,0,0,0,0,0.10792106601638035,0,0,0.046021567681370036,0,0,0.21793241942748096,0.27392391967617075,0
PD47586c_ds0006 Medulla,0,0,0.3370823431410752,0,0,0,0,0,0.093633147,0,0,0,0,0,0.3221667380892725,0.24711777171325497,0
PD47592c_ds0001 Glomeruli,0,0,0,0.079219061,0,0.49457239540675146,0,0,0.08936667,0,0,0,0,0.071324262,0.26551761095679594,0,0
PD47592c_ds0002 Proximal_tubules,0,0.089688567,0.30114032611600244,0.1761996103452186,0.15129778428209953,0.1472201020756789,0,0,0.021704534839504297,0,0,0,0,0,0.1127490750850978,0,0
PD47596c_ds0001 Glomeruli,0.17793533634620434,0,0.2519953766205665,0.049969284030723295,0,0,0,0,0.1021049143815386,0,0,0,0,0,0.19599934995983523,0.22199573866113204,0
PD47596c_ds0002 Medulla,0,0.18799554949350025,0.2621494181529203,0.038495872,0,0,0,0,0.061760801,0,0,0,0,0,0.1547927628663604,0.2948055956650297,0
PD47596c_ds0003 Medulla,0,0.3039266400538198,0,0,0,0.5346108834916203,0,0,0.041036783,0,0,0,0,0,0.12042569349943764,0,0
PD47596c_ds0004 Medulla,0,0,0,0,0,0.557488194,0,0,0,0,0,0,0,0,0.15325745047602568,0.2892543554996404,0
PD47596c_ds0005 Proximal_tubules,0,0.2965776467784453,0.212282974,0.043167115,0.16916914766278046,0.13512344328588038,0,0,0,0,0,0,0,0,0.14367967357882433,0,0
PD48869c_ds0001 Medulla,0.39531528851323405,0,0,0.074553698,0,0,0,0,0,0.037467641,0.025081082,0,0.095543688,0,0,0.3720386032331599,0
PD48869c_ds0002 Medulla,0,0,0.5056091759031364,0,0,0,0,0.082904601,0.04675632,0,0,0,0.047162416,0,0,0.3175674873386836,0
PD48869c_ds0003 Glomeruli,0.20955170777956533,0.12071350804528301,0,0.1766165053273393,0,0,0,0,0.15498606971477544,0,0,0,0.094347826,0.10684416105502961,0.13694022245824997,0,0
PD48869c_ds0004 Proximal_tubules,0.1459720966013724,0.16272316922506588,0.19874065968624663,0.15417203675845526,0.19144550829609439,0,0,0,0,0,0,0,0,0.14694652943276537,0,0,0
PD50153c_ds0001 Medulla,0.13580567180065478,0,0.2797292679235521,0,0,0,0,0,0.12346358020756258,0,0,0,0,0,0.132576456,0.3284250241721065,0
PD50153c_ds0002 Medulla,0.1694577921972138,0,0,0.038745691232943864,0,0.28841698430257984,0,0,0.088574305,0,0,0,0,0,0,0.41480522723896823,0
PD50153c_ds0003 Medulla,0.28267721209325153,0,0.25356979528997503,0.040140644182125276,0,0,0,0.048231612,0.068559249,0,0,0,0,0,0,0.3068214869659047,0
PD50153c_ds0004 Glomeruli,0.33626390373118575,0.16867400191557202,0,0,0,0,0,0,0.16409891614099803,0,0,0,0.080565428,0,0,0.25039775060781616,0
PD50153c_ds0005 Proximal_tubules,0,0.10854929467348286,0.3502166823723242,0.063333748,0.063870981,0.23427386565493852,0,0,0.027687161,0,0,0,0,0,0.15206826709745494,0,0
PD50165c_ds0001 Glomeruli,0.31030065122111017,0,0,0.043781458083150857,0,0.37095405411293664,0,0,0.14919460684279687,0.030138026,0,0,0.095631203,0,0,0,0
PD50165c_ds0002 Glomeruli,0,0,0,0,0,0.5122150579188627,0,0,0.1584579381379291,0,0,0,0,0,0.3293270039432082,0,0
PD50165c_ds0003 Medulla,0.48256223639525575,0,0,0,0,0,0,0,0.051055837,0.057365674,0,0,0,0,0,0.40901625272873593,0
PD50165c_ds0004 Medulla,0.17226514101666057,0,0.3324250603091403,0,0,0,0,0,0.054099979,0,0,0,0,0,0,0.4412098192007454,0
PD50165c_ds0005 Medulla,0,0,0.3123560857059703,0,0,0.33531571265429716,0,0,0.061111301,0,0,0,0,0,0.14633427803076338,0.14488262217535106,0
PD50165c_ds0006 Distal_tubules,0,0,0.26390825277537944,0.052254348771531525,0,0,0,0,0.10547807738145062,0,0,0,0,0,0.33536869472034453,0.24299062635129384,0
PD50165c_ds0007 Proximal_tubules,0.14681311493539717,0,0,0.067445518,0,0.6451499313514995,0,0,0.0755699,0,0,0,0.065021535,0,0,0,0
PD50165c_ds0008 Proximal_tubules,0,0,0.513410393,0,0,0,0,0,0.025869292122831334,0.024673003030875582,0,0,0,0,0.22634512213929925,0.2097021896908528,0
PD50168c_ds0002 Medulla,0,0,0,0,0.11926640524238179,0,0,0,0.069514739,0.042316053,0,0.10875789167444032,0.15516489291554872,0,0.20546270032320607,0.29951731766553397,0
PD50168c_ds0004 Glomeruli,0,0,0.35366838209104906,0,0,0,0,0,0.17282907440884876,0,0,0,0,0,0.15703714152623408,0.31646540197386813,0
PD50168c_ds0005 Glomeruli,0,0,0.17878274747865613,0,0,0.44524028056726095,0,0,0.14328152509779699,0,0,0,0,0,0.23269544685628593,0,0
PD50168c_ds0006 Proximal_tubules,0,0.15053160399160775,0.2678366887718684,0.067380164,0,0.247655334,0,0,0.064411022,0,0,0,0,0,0.20218518671802843,0,0
PD50168c_ds0007 Proximal_tubules,0,0.1226558117569481,0.4961440110145034,0,0,0,0,0,0.029162957295950857,0.043107484826339644,0,0,0,0,0.10938505023887682,0.19954468486738136,0
PD50171c_ds0002 Glomeruli,0,0,0,0.037387171923633215,0,0.48649711697008685,0,0,0.14619150706443168,0.018414664912754723,0,0,0,0,0.3115095391290936,0,0
PD50171c_ds0003 Glomeruli,0,0.27054983570002544,0,0,0,0,0,0,0.14295224871964027,0.022838380673635434,0,0,0.072847087,0,0.14169536386741247,0.34911708425109356,0
PD50171c_ds0004 Glomeruli,0.36214842577690687,0,0.2555607099155106,0,0,0,0,0,0.2014271710208355,0,0,0,0,0,0,0.18086369328674698,0
PD50171c_ds0007 Proximal_tubules,0.2310078028794975,0.16632792639308364,0.35293411689293447,0.062918665,0,0,0,0,0.054867712,0,0.041096748824241615,0,0.090847028,0,0,0,0
PD50171c_ds0008 Proximal_tubules,0,0.15827294314978976,0,0.10934591483788174,0,0.5066086028947745,0,0.084043092,0.024959204198637047,0.033909277,0,0,0.082860966,0,0,0,0
PD50171c_ds0009 Proximal_tubules,0,0.1343440547554971,0.284200216,0,0,0.5034816584495101,0,0.056726699,0.021247371429752297,0,0,0,0,0,0,0,0
PD50171c_ds0010 Medulla,0,0,0.24419775541758584,0,0,0,0,0,0.088822999,0,0,0,0,0,0.13952498910563008,0.5274542567214394,0
PD50171c_ds0011 Medulla,0,0,0.3595175851404002,0,0,0,0,0,0.089842727,0,0.039465509191658026,0,0.15871826166830333,0,0,0.35245591699451284,0
PD50171c_ds0012 Medulla,0,0.19346582601302972,0.2813981074319083,0,0,0.3389954440283815,0,0,0.046538981,0,0,0,0,0,0.091690124,0,0.047911518
PD50297s_ds0001 Glomeruli,0,0.14882807629338352,0,0,0,0.42374767410165864,0,0,0.17711212878554072,0,0,0,0,0,0.2503121208194171,0,0
PD50297s_ds0004 Glomeruli,0,0,0.39649939209591667,0,0,0.26086927642561475,0,0.092665202,0.1962893959413086,0,0,0,0,0,0,0,0.053676733187862646
PD50297s_ds0010 Glomeruli,0,0,0,0,0,0.5786174414050288,0,0,0.20719417182005787,0,0,0,0,0,0.2141883867749134,0,0
PD50297s_ds0011 Glomeruli,0.3666583974213994,0,0,0,0,0,0.096554237,0,0.19756465492476408,0,0,0,0.109208981,0,0.2300137290620548,0,0
PD50297s_ds0013 Medulla,0,0,0,0,0,0.6651325015612592,0,0.095160613,0.10380498290334356,0,0,0,0,0,0,0,0.13590190231979812
PD50297s_ds0014 Medulla,0,0.10991781974025468,0.3507275807849168,0,0,0,0,0,0.095798499,0,0,0,0,0.18803522430010922,0.2555208766394854,0,0
PD50297s_ds0015 Proximal_tubules,0.45505433471634704,0,0.2850738221857473,0,0.065450736,0,0,0,0.044092208,0.022950166420184357,0,0.035599267,0,0,0,0,0.091779466
PD50297s_ds0016 Proximal_tubules,0.24888820584801594,0,0.41483650761078833,0,0,0,0,0,0.053576689184242125,0,0.042627984,0,0,0,0,0.24007061328958954,0
PD50297s_ds0017 Proximal_tubules,0.266181634,0,0.4502613275933844,0,0,0,0,0,0.090086915,0,0,0,0,0,0.1934701229452272,0,0
PD50297s_ds0018 Distal_tubules,0,0,0.3770989367648845,0,0,0,0,0,0.10864133876924671,0,0,0,0,0,0.5142597244658688,0,0
PD50297s_ds0019 Medulla,0,0,0,0,0,0.5509760945103732,0,0,0.1263192970140258,0,0,0,0,0,0.32270460847560095,0,0
PD50630c_ds0001 Glomeruli,0.18780354745004188,0.10393387895821403,0,0,0,0.22797657323705586,0,0,0.13281250339685138,0,0,0,0,0,0.1637326590138572,0.18374083794397952,0
PD50630c_ds0002 Proximal_tubules,0,0.38711234681014023,0.21494634495609122,0,0,0.2401418717509728,0,0,0.033034107260207154,0,0,0,0,0,0.12476532922258862,0,0
PD51213c_ds0001 Medulla,0,0,0.34089032131749275,0,0,0,0,0,0.047786272,0.013665473969626456,0,0.032860763,0,0,0.2995645400265432,0.26523262971151385,0
PD51213c_ds0002 Medulla,0,0,0.2356381492829314,0,0,0,0,0,0.069142031,0,0,0,0.063086313,0,0.2914791887367543,0.34065431816341535,0
PD51213c_ds0003 Glomeruli,0,0,0,0,0,0.4395586209375217,0,0,0.11010877759365578,0,0,0,0,0,0.30821975559027903,0.14211284587854348,0
PD51213c_ds0004 Glomeruli,0,0,0,0.059258844,0,0.59519087,0,0.14587374801685582,0.04890537,0,0,0,0,0,0.1507711683147353,0,0
PD51213c_ds0005 Proximal_tubules,0.16010737514690912,0.3940749110317805,0,0.044799237,0,0.2956470058443001,0,0.049658343717773425,0,0,0,0,0.055713127,0,0,0,0
PD51227c_ds0001 Glomeruli,0.1916503181381343,0.2062235051088228,0,0,0,0,0,0,0.095988396,0,0,0,0,0,0.2753765515944606,0.23076122954258232,0
PD51227c_ds0002 Glomeruli,0,0,0.3724664698274185,0,0.054957397,0,0,0,0.14306685409149822,0,0,0,0,0,0.27030792517708463,0.1592013537143973,0
PD51227c_ds0003 Glomeruli,0,0,0.21158772231765705,0,0,0.34452364044155004,0,0,0.12730768360986064,0,0.014449628793213258,0,0,0,0.30213132483771915,0,0
PD51227c_ds0004 Medulla,0.3434953970499141,0.23076859785826037,0,0.031688945693559116,0,0,0,0.045308331,0.046399194,0,0,0,0.070899617,0,0,0.231439917,0
PD51227c_ds0006 Medulla,0.3154385694786365,0,0,0.042057730442420616,0,0,0,0,0.056004141,0,0,0,0.07257606,0,0.08744095,0.426482549,0
PD51227c_ds0007 Proximal_tubules,0,0.24397702179134512,0.15228319212587754,0.1635339640775327,0.094581795,0.18981234444716558,0,0,0.024505051,0,0,0,0,0,0.13130663188404842,0,0
PD51227c_ds0008 Proximal_tubules,0.16343719353238456,0.3509573208936966,0.1692758133219756,0.088196754,0.068228019,0,0,0.039989393,0,0,0,0,0,0.11991550544891971,0,0,0
PD51269c_ds0001 Medulla,0,0.15268809998350275,0.20569033807163675,0,0,0,0,0,0.11751259772836774,0,0,0,0.050708591,0,0.23473014830955177,0.23867022449201475,0
PD51269c_ds0002 Medulla,0,0,0,0.046741251,0,0.4269525247993677,0,0,0.081876802,0,0,0,0,0,0.23295714099360282,0.16368958784013948,0.047782693730294805
PD51269c_ds0003 Glomeruli,0,0,0.40808083175224585,0,0,0,0,0,0.19414887382474244,0,0.021742209374466987,0,0,0,0.21447840333030546,0.1615496817182393,0
PD51269c_ds0004 Glomeruli,0.24177641440619896,0,0.2786007545295702,0.032597744,0,0,0,0.048507308,0.16212256756587828,0,0.01654017,0,0,0,0,0.21985504213736654,0
PD51269c_ds0005 Proximal_tubules,0.2340214615701296,0.082766926,0.37735102659653585,0.048730489,0,0,0,0,0.032450007,0,0,0,0,0,0.11613571646095998,0.10854437314151187,0
PD51269c_ds0006 Proximal_tubules,0,0.14415209152561295,0.2804130193906855,0.081739485,0,0.3601235102737414,0,0,0.042576845483162894,0,0,0,0,0,0.090995048,0,0
PD51285c_ds0001 Glomeruli,0,0,0.329235671,0.032837287979202094,0,0,0,0,0.11727958560290991,0.021349230548483897,0,0,0,0,0.28424692789580136,0.21505129713042773,0
PD51285c_ds0002 Glomeruli,0,0,0.36812432615069646,0.077989594,0,0,0,0,0.060230771,0,0,0,0,0,0.20661552049365325,0.28703978838259403,0
PD51285c_ds0003 Glomeruli,0,0,0,0.035287385,0,0,0,0,0.13116649101151165,0,0,0,0,0,0.4214283100651917,0.4121178140251278,0
PD51285c_ds0007 Proximal_tubules,0,0.30811386560295884,0.2437311090247341,0,0,0,0,0,0.023565177499728876,0.013921226314531186,0,0,0,0,0.17961855895713455,0.23105006260091254,0
PD51285c_ds0008 Proximal_tubules,0,0.1737336595355095,0.25760838813823506,0.043867475,0,0,0,0,0.036964770318455964,0.026505182372756182,0,0,0,0,0.3519785724026203,0.10934195233538596,0
PD51285c_ds0010 Medulla,0.2956533222647608,0,0.22453537068739793,0.057137501508100055,0,0,0,0.078982534,0.074990749,0,0,0,0,0,0,0.26870052247778153,0
PD51285c_ds0011 Medulla,0,0.15079537190766207,0,0,0,0,0,0,0.031800578,0.01930729,0.022645184425322804,0,0,0,0,0.683668656,0.09178292
PD51285c_ds0012 Medulla,0,0,0.37667675969690095,0,0,0,0,0.091767621,0.031984371,0,0,0,0,0,0.11357968163076666,0.38599156579431565,0
PD51385c_ds0001 Medulla,0,0.085108202,0,0.5356659396907852,0,0,0,0,0,0,0,0,0,0.14594238847883004,0,0.23328346941771747,0
PD51385c_ds0003 Glomeruli,0.1501333693572231,0,0,0.4841129350677849,0,0,0,0,0.063653884,0,0,0,0.04712143,0,0,0.25497838174976717,0
PD51385c_ds0004 Glomeruli,0.092637525,0,0.17644063986737543,0.45312360995783224,0,0,0,0,0.061326033,0,0,0,0,0.099785761,0,0.11668643035927587,0
PD51385c_ds0005 Glomeruli,0,0,0,0.5410900861624591,0,0.30997483655085833,0,0,0.05239221,0,0,0,0,0.096542868,0,0,0
PD51385c_ds0009 Proximal_tubules,0,0,0,0.43146693453007956,0.45174880294897857,0,0,0,0,0,0,0,0,0,0,0.11678426252094182,0
PD51385c_ds0010 Proximal_tubules,0,0,0,0.33434077984445076,0.5177695429799029,0,0,0,0,0,0,0,0,0,0,0.14788967717564638,0
PD51385c_ds0011 Proximal_tubules,0,0,0,0.46406181880768815,0.42147977449420687,0,0,0,0,0,0,0,0,0,0,0.11445840669810495,0
PD51385c_ds0012 Medulla,0.11750648334730421,0,0,0.4201947705564083,0,0,0,0,0.036081594312709075,0,0,0,0,0.1985170388147055,0,0.2277001129688728,0
PD51385c_ds0013 Medulla,0,0,0,0.6130272748793895,0.15098219519693387,0,0.044688666801048375,0,0,0,0,0,0,0.19130186312262823,0,0,0
PD51526c_ds0001 Glomeruli,0,0,0,0.06502643,0,0.509709805,0,0,0.11281720875183959,0,0,0,0,0,0.31244655673876776,0,0
PD51526c_ds0002 Proximal_tubules,0,0.2225583352021788,0.39147703885282353,0,0,0.12179912697562317,0,0,0.025280426,0,0,0,0,0,0.238885072,0,0
PD51526c_ds0003 Medulla,0,0,0,0,0,0.5559124295767108,0,0.069417084,0.055499932,0,0,0,0,0.12145317121968219,0.12929722583539988,0,0.068420158
PD51526c_ds0004 Medulla,0,0.11718597516811728,0,0,0,0,0,0,0.096826629,0,0,0,0.046018224,0,0.18315084390209116,0.4430835844411229,0.11373474353443448
PD51526c_ds0005 Medulla,0,0,0,0.034601473,0,0.37153931096811216,0,0.050843867340462826,0.069304253,0,0,0,0,0,0,0.40060748509589655,0.07310361
PD51541c_ds0001 Glomeruli,0.2735673947960229,0,0,0.053515699,0,0,0,0.17708377559890087,0.070500897,0,0.044709451,0,0,0,0,0.3806227827982143,0
PD51541c_ds0002 Glomeruli,0,0,0,0.074616264,0,0.5392567007150814,0,0,0.12056352750481959,0,0,0,0,0,0.2655635082784921,0,0
PD51541c_ds0003 Glomeruli,0,0,0.18218845804100767,0,0,0.5746749891227693,0,0,0.083210834,0,0,0,0,0,0.15992571880438994,0,0
PD51541c_ds0004 Proximal_tubules,0.3367808176551959,0.11825846015081451,0.27561522044232506,0.090002136,0,0,0,0,0,0,0,0,0,0.17934336591089517,0,0,0
PD51541c_ds0005 Proximal_tubules,0.25093001941447207,0.3126553624828781,0.1658577691159179,0.1337311348285142,0,0,0,0,0.021186306604934434,0,0,0,0.11563940755328342,0,0,0,0
PD51541c_ds0006 Proximal_tubules,0.29003931162406604,0.19039472811596525,0.28580175051464574,0,0.14789665532596993,0,0.068898993,0,0.016968562,0,0,0,0,0,0,0,0
PD51541c_ds0007 Medulla,0,0,0.22595602396282288,0.057273210156822726,0,0,0,0.050245436800155106,0.085436541,0,0,0,0,0,0,0.533255203,0.047833585001584515
PD51541c_ds0008 Medulla,0.15497899456163303,0.1742583016734372,0.19098558878493224,0.061979809,0,0,0,0.084535087,0.063756262,0,0,0,0,0,0,0.269505957,0
PD51541c_ds0009 Medulla,0.2916313747830262,0,0.17983069403612353,0,0,0,0,0,0.072917035,0,0,0,0,0,0.15706602573789144,0.29855487031653144,0
PD51544c_ds0001 Medulla,0,0,0.22171534453900685,0.19313630535405357,0,0,0,0,0.038231161509052015,0,0,0,0,0.11541041913673529,0,0.4315067694611523,0
PD51544c_ds0002 Medulla,0,0.098742603,0,0.1589096840045109,0.10529176600949525,0,0,0,0.036874137,0,0,0,0,0,0.1680822658990936,0.4320995445301089,0
PD51544c_ds0003 Medulla,0,0,0.13632017303379032,0.22724016920176288,0,0,0,0,0,0.014334284968823982,0,0,0,0.34982843928538954,0,0.2722769335102333,0
PD51544d_ds0001 Glomeruli,0,0,0,0.12825164764263858,0,0.471335296,0,0,0.070953117,0,0,0,0,0.16609007078843488,0.16336986837587344,0,0
PD51544d_ds0002 Proximal_tubules,0,0,0.22399442970849048,0.3359755995634678,0.32775817398776613,0,0,0,0,0,0,0,0,0.1122717967402756,0,0,0
PD51544d_ds0003 Proximal_tubules,0,0,0,0.23322912027072026,0.44733089480574256,0.23012418573230534,0,0,0,0,0,0,0,0.089315799,0,0,0
PD51544d_ds0004 Proximal_tubules,0,0.085874234,0.18623332462549355,0.28665174310946673,0.3631727734704862,0,0,0,0,0,0,0,0,0.078067924,0,0,0
PD51544d_ds0005 Distal_tubules,0,0,0,0.37374640950863786,0.15798552597832002,0.3235491046250063,0,0,0,0,0,0,0,0.1447189598880359,0,0,0
PD51544d_ds0006 Glomeruli,0,0.16628219576003023,0.1354139192775671,0.09341356,0,0,0,0,0.090931651,0,0,0,0,0.1260038828209431,0.17733533798661047,0.2106194539622465,0
PD51544d_ds0007 Glomeruli,0,0.095687264,0,0.1230498184021796,0,0.3849078924587364,0,0,0.059533142,0,0.015388455501722274,0,0,0,0.1812749666982152,0.14015846076033078,0
PD51544d_ds0010 Distal_tubules,0.20201802999388097,0,0,0.36705953068507263,0.16722638788035254,0,0,0,0.02840382,0,0,0,0,0,0,0.23529223192621093,0
PD51642c_ds0001 Medulla,0.12912748361366372,0,0,0.035859109,0,0.2986687231850925,0,0,0.063761278,0,0,0,0.037130032,0,0.16290880895084406,0.27254456533261184,0
PD51642c_ds0002 Medulla,0,0,0.218628244,0,0,0.2698086182197019,0,0,0.060499791,0,0,0,0,0,0.2990459156599328,0.15201743169571608,0
PD51642c_ds0003 Glomeruli,0,0,0,0,0,0.5767808503549791,0,0,0.13046066046428087,0,0,0,0,0,0.2927584891807401,0,0
PD51642c_ds0004 Proximal_tubules,0.12265222760855188,0.097196933,0.24609051116433295,0.021272399026593114,0,0.37860349767439017,0,0,0.04403118,0,0,0,0,0,0.090153252,0,0
PD51642c_ds0005 Medulla,0,0,0,0.026986913496585798,0,0.4013440703144395,0,0,0.056066072824096945,0,0,0,0.074544417,0,0.3017363320710302,0.13932219445515132,0
PD51667c_ds0001 Glomeruli,0,0,0.19808038830158187,0,0,0.3003118752375156,0,0,0.15752679256152705,0,0,0,0,0,0.24882859945061767,0.095252344,0
PD51667c_ds0002 Glomeruli,0,0,0,0,0,0.5629117266868939,0,0,0.1259371680462459,0,0,0,0,0,0.31115110526686013,0,0
PD51667c_ds0003 Proximal_tubules,0.22560204770022263,0,0.4840182562606077,0.029787772,0,0,0,0,0.042073616,0,0,0,0.052599210858545124,0.071671612,0,0.094247485,0
PD51667c_ds0004 Proximal_tubules,0,0,0.32378519620654134,0.031774140310347046,0,0.420966901,0,0,0.067227964,0,0,0,0,0,0.1562457981050499,0,0
PD51667c_ds0005 Medulla,0,0,0,0,0,0.38732560631665414,0,0,0.077965929,0,0,0,0,0,0.28782406876440575,0.24688439565035736,0
PD51682c_ds0001 Glomeruli,0.2136692358418226,0,0.27098699746022736,0,0,0,0,0,0.1701520512992639,0,0,0,0,0,0.1522064069620243,0.1929853084366618,0
PD51682c_ds0002 Glomeruli,0.1705803884818914,0,0,0,0,0.30702645133516826,0,0,0.15054100734307263,0,0,0,0,0,0.23499241840836266,0.13685973443150504,0
PD51682c_ds0003 Medulla,0,0.2540795602929457,0,0,0,0.5197000271134977,0,0,0.059187496,0,0,0,0,0,0.1670329164490746,0,0
PD51682c_ds0004 Proximal_tubules,0,0.17683538040343597,0.38473685024776344,0.033362574,0,0.23213714240641328,0,0,0.031543323238745646,0,0,0,0,0,0.14138472935410826,0,0
PD51682c_ds0005 Proximal_tubules,0,0.27190147486070276,0.2047374498302868,0.031955293,0,0.25592369030039946,0,0,0.038519553,0,0.013366510894362124,0,0.042707942,0,0.14088808672891223,0,0
PD51695c_ds0001 Medulla,0.10879524773198689,0,0.20422838168886215,0.047365452,0,0,0,0,0.079375853,0,0,0,0,0,0.28534993372329864,0.274885132,0
PD51695c_ds0002 Glomeruli,0,0,0.3129015158653947,0,0,0,0,0,0.092520426,0,0,0,0.0489731,0,0.3500719866183494,0.19553297130009034,0
PD51695c_ds0003 Proximal_tubules,0,0,0.40755961680259123,0.039683309,0,0.25774886650847617,0,0,0.045253866715167894,0,0,0,0,0.075493549,0.17426079182344129,0,0
PD51695c_ds0004 Medulla,0,0,0.39029256205361346,0,0,0,0,0,0.07653986,0,0,0,0,0,0.3454620896553816,0.18770548842038498,0
PD51697c_ds0001 Glomeruli,0,0,0,0,0,0.571848543,0,0,0.1325417687262902,0,0,0,0,0,0.2956096884188179,0,0
PD51697c_ds0002 Glomeruli,0,0.12641828503148286,0,0,0,0.255102549,0,0,0.11655911728219696,0,0,0,0.065413935,0,0.2712874212424641,0.16521869241372997,0
PD51697c_ds0003 Proximal_tubules,0,0.2062048856231644,0.2990280849911962,0,0.048786088528043295,0.26271339061378207,0,0,0.038113568,0.010145636999170203,0,0,0,0,0.13500834528306796,0,0
PD51702c_ds0001 Medulla,0,0.1036043800647821,0.2680975811778819,0,0,0,0,0,0.083020299,0,0,0,0,0,0.17929735439023423,0.36598038545904765,0
PD51702c_ds0002 Medulla,0.27363270232094344,0,0.1855550576788178,0,0.058152077921557466,0,0,0,0.031698792528591854,0,0,0.049227932,0,0.21307044962124283,0,0.18866298774422707,0
PD51702c_ds0003 Glomeruli,0.18766545660208395,0,0.2767187012616016,0,0,0,0,0,0.16669959010381488,0,0,0,0,0,0.14144440661765242,0.22747184541484716,0
PD51702c_ds0004 Distal_tubules,0.305743943,0.13440024454987465,0,0,0,0.32058309170971544,0,0,0.1319007748930203,0,0,0,0,0,0,0.10737194604536461,0
PD51702c_ds0005 Proximal_tubules,0.25444309521104413,0.19146218512698615,0.2513164120253341,0,0,0.21971488971020384,0,0,0.042440166,0,0,0,0,0,0,0,0.040623252
PD51702c_ds0006 Proximal_tubules,0,0.13434199988302825,0.25641775829626207,0.045176258,0,0.38342789471453587,0,0,0.03280772,0,0,0,0,0,0.14782836923125006,0,0
PD51705c_ds0001 Glomeruli,0.2708370331920565,0,0.2359389044298365,0,0.041923313,0,0,0,0.1303502371986427,0,0,0,0,0,0.11595445879218293,0.20499605290143966,0
PD51705c_ds0002 Glomeruli,0,0,0,0,0,0.5515401732509884,0,0,0.14162209253132135,0,0,0,0,0,0.3068377342176904,0,0
PD51705c_ds0003 Proximal_tubules,0.29756326779848286,0,0.5359463990527316,0,0.076715798,0,0,0,0.051170025,0,0,0.03860451,0,0,0,0,0
PD51705c_ds0004 Proximal_tubules,0.10486420728287195,0,0.5112795365148556,0,0.055471987212233474,0.22935468561037542,0,0.041886662,0.057142921,0,0,0,0,0,0,0,0
PD51705c_ds0005 Medulla,0,0,0,0,0,0.6283102481622628,0,0.17121697051036094,0,0,0,0,0,0,0,0.20047278132737617,0
PD51705c_ds0006 Medulla,0,0,0.3358214132217111,0,0,0.3511025464765347,0,0,0.063021241,0,0,0,0,0,0.25005479961981764,0,0
PD51737c_ds0001 Glomeruli,0,0,0.22035869108728257,0,0,0,0.091237522,0,0.078915952,0,0,0,0.095792781,0.14893095950057114,0.3647640937884668,0,0
PD51737c_ds0003 Proximal_tubules,0,0.3185847906996581,0,0,0.07406915,0.3585015803475271,0,0,0,0,0,0,0,0,0.2488444785132627,0,0
PD51737c_ds0004 Proximal_tubules,0.1947533060112263,0.482980032,0.16454779506112224,0,0,0,0,0,0,0,0,0,0,0.15771886685575948,0,0,0
PD51737c_ds0005 Distal_tubules,0,0.11128631798795087,0,0,0,0.5024664474812184,0,0,0.10430975638551745,0,0,0,0,0,0.2490241706740589,0,0.032913307
PD56385h_ds0001 Glomeruli,0.19820664495694484,0,0.271242459,0,0,0,0,0,0.10799890945591796,0,0,0,0,0,0.17805628579695099,0.24449570083777225,0
PD56385h_ds0002 Glomeruli,0,0,0.4131245001840153,0,0,0,0,0,0.12040622183520133,0,0,0.027238433238182164,0,0.14410717262634773,0.29512367211625345,0,0
PD56385h_ds0005 Medulla,0,0,0,0,0,0.2508755748201014,0.068093667,0,0.066937074,0,0,0,0,0,0.33046587199415417,0.28362781294342343,0
PD56385h_ds0006 Medulla,0,0,0.24284901497985428,0,0,0,0,0,0.084695883,0,0,0,0,0,0.25825174821503327,0.41420335368436184,0
PD56385h_ds0007 Proximal_tubules,0,0.22850238535478556,0.31161976002208314,0,0,0.2068597075435534,0,0,0.076463586,0,0,0,0,0,0.17655456115737894,0,0
PD56385h_ds0008 Proximal_tubules,0,0.22480847554257258,0.5736450292500208,0,0,0,0,0.13958084395553108,0.061965651,0,0,0,0,0,0,0,0
PD56385h_ds0009 Proximal_tubules,0,0.20178743435896293,0.14962191913795325,0,0,0.3686264148824331,0,0,0.029735422102256152,0,0.022927188598515204,0,0.057457180679608186,0,0.16984444024027118,0,0
PD56385h_ds0010 Glomeruli,0,0,0.3496713290942103,0,0,0,0,0,0.16167335238064945,0,0.019654464625204354,0,0,0,0.20346236150541203,0.2655384923945239,0
PD56386h_ds0001 Glomeruli,0,0,0,0,0,0.6057573541051766,0,0.069077365,0.15690741652453077,0,0,0,0,0,0.16825786416176872,0,0
PD56386h_ds0002 Glomeruli,0,0,0,0,0,0.5368353899806558,0,0,0.16199291116615683,0,0,0,0,0,0.30117169885318745,0,0
PD56386h_ds0005 Proximal_tubules,0.4279222702303774,0,0,0.054808118252109496,0,0,0,0,0.027246305372556547,0,0,0.052884007642975246,0,0.34587870410984417,0,0,0.091260594
PD56386h_ds0006 Proximal_tubules,0,0.22171572309492862,0.17070246973593353,0,0,0,0,0,0.046004578,0.018543596149367042,0,0,0,0,0.22167314927477827,0.32136048330750394,0
PD56386h_ds0007 Proximal_tubules,0.12943423406916066,0,0.20079938546583861,0,0,0.338597315,0,0.064596852,0.058893125,0,0,0,0.060176837,0,0,0.14750225198383654,0
PD56386h_ds0008 Distal_tubules,0.33551632,0,0,0,0,0.3709581872913864,0,0,0.14649906958253583,0,0,0,0,0,0.14702642287457965,0,0
PD56386h_ds0009 Glomeruli,0,0,0.23479810503721063,0,0,0,0,0,0.17114212600693407,0,0,0,0,0,0.2633810505255032,0.2766044063753686,0.054074312
PD67534c_ds0001 Glomeruli,0,0,0,0.034517021,0,0.570562706,0,0,0.12413154086932694,0,0,0,0,0,0.27078873186664926,0,0
PD67534c_ds0002 Proximal_tubules,0,0.20838432647807684,0.23546044317473744,0.036238712647865455,0,0,0.13715448193767837,0,0.012590737050589764,0,0,0,0.05925998,0,0.1977218242152407,0.1131894945274503,0
PD67534c_ds0003 Proximal_tubules,0,0.21176647804646168,0.12193327199759234,0.030182790704072118,0,0.25404851752991464,0.11430741758588397,0,0.015150847685535276,0,0,0,0.036995396,0,0.21561528004748734,0,0
PD67534c_ds0004 Medulla,0,0,0.1756315520414982,0,0,0.2926046286914746,0.050310513,0,0.052597472,0,0,0,0,0,0.17764758511022588,0.251208249,0
PD67534c_ds0005 Glomeruli,0.20358102198368494,0,0,0,0,0.5667985983043187,0,0.044420891,0.042523736502357926,0,0,0,0,0,0,0.14267575260687476,0
PD67535c_ds0001 Glomeruli,0,0,0,0.042181722,0,0.5726883203980601,0,0,0.1292703789502834,0,0,0,0,0,0.255859578,0,0
PD67535c_ds0002 Glomeruli,0,0,0.30785712371150237,0,0,0,0,0,0.12605560686486514,0,0,0,0,0,0.32874775893112823,0.23733951049250426,0
PD67535c_ds0003 Proximal_tubules,0,0,0.3269413908839147,0,0,0,0.26828169143072494,0,0.051595943342842336,0,0,0,0,0,0.20207416321333524,0.15110681112918273,0
PD67535c_ds0004 Proximal_tubules,0,0,0.43950558787210675,0,0,0,0.14847211053784856,0.1135208005509658,0.037462841943315756,0,0,0,0,0,0,0.2610386590957632,0
PD67535c_ds0005 Medulla,0,0.15426585785106844,0.19447431947870478,0,0,0,0,0,0.042594645834028895,0,0,0,0,0,0.225249578,0.3834155988074191,0
PD67535c_ds0006 Glomeruli,0.3391932505866934,0,0.17357827156847197,0,0,0,0.053164935,0,0.12156619612059869,0,0,0,0,0,0,0.3124973468542321,0
PD67536c_ds0001 Glomeruli,0,0,0,0,0,0.6374204024389597,0,0,0.16276836653247617,0,0,0,0,0,0.19981123102856427,0,0
PD67536c_ds0002 Glomeruli,0.16097816939732504,0,0.2906562797684674,0,0,0,0,0,0.1762571909397056,0,0,0,0,0,0.19442337016380212,0.1776849897306998,0
PD67536c_ds0003 Proximal_tubules,0,0,0.33203585079340436,0.042319642,0,0.24781225055366657,0.17974047320263864,0,0.045695191,0,0,0,0,0,0.15239659273971165,0,0
PD67537c_ds0001 Glomeruli,0,0,0,0,0,0.6523356851449899,0,0,0.12779176764515626,0,0,0,0,0,0.21987254720985383,0,0
PD67537c_ds0002 Glomeruli,0.21958287591741163,0.11264153886191546,0,0,0,0.2542719090919926,0,0,0.12097137412240908,0,0.028504156,0,0,0,0,0.2640281463715591,0
PD67537c_ds0003 Proximal_tubules,0.11740944922895862,0.19337754515081287,0.37257902629615114,0,0.084945508,0,0,0,0.056075568,0,0,0,0.055307707,0.12030519590200903,0,0,0
PD67537c_ds0004 Proximal_tubules,0,0.072697912,0.17539690751158887,0.046867031496892135,0,0.41538811176805035,0.040004195,0,0.034288902,0,0,0,0.04016597,0,0.17519097049206417,0,0
PD67538c_ds0001 Glomeruli,0,0,0.16039168496433528,0,0,0.35448345582025675,0,0,0.12753945422321328,0,0,0,0,0,0.2402192543221267,0.11736615067006799,0
PD67538c_ds0002 Glomeruli,0,0,0,0,0,0.6569853281102224,0,0,0.11473951197050349,0,0,0,0,0,0.2282751599192741,0,0
PD67538c_ds0003 Proximal_tubules,0,0,0.24985947548931262,0,0.066585318,0.254917606,0.20907404705495178,0,0.0683525,0,0,0,0,0,0.15121105372745625,0,0
PD67538c_ds0004 Proximal_tubules,0,0,0.17336269106807167,0.032644074,0,0.3395283045939685,0.24430613992264769,0,0.055966175,0,0,0,0,0,0.15419261596961478,0,0
PD67538c_ds0005 Medulla,0,0.10126587289348407,0.28669510740911097,0,0,0,0,0,0.090300828,0,0,0,0,0,0.17983084287889184,0.3419073492342087,0
PD67539c_ds0001 Glomeruli,0.1754975224889132,0,0,0,0,0.5057206787177922,0,0,0.14337206826224627,0,0,0,0,0,0.17540973053104825,0,0
PD67539c_ds0002 Glomeruli,0.21283082119251973,0,0.3004099859093408,0,0,0,0,0,0.12587340657387777,0,0,0,0,0,0.097494613,0.26339117319857275,0
PD67539c_ds0003 Medulla,0.1667175116755011,0,0,0.029995516578303034,0,0.5416867309092054,0,0,0.058117805280735735,0,0,0,0,0,0,0.20348243555625464,0
PD67539c_ds0004 Proximal_tubules,0,0.10577862922788947,0.47434747196371263,0.069844469,0,0,0.10539866281642264,0,0.058037841,0,0,0,0,0,0.070733173,0.11585975264868621,0
PD67539c_ds0005 Proximal_tubules,0,0,0.5384521435291599,0.042878554,0,0,0.081000098,0,0.048773185,0.011867238482245501,0,0,0,0,0.13766271678465453,0.13936606464380447,0
PD67539c_ds0006 Glomeruli,0.15961089605961962,0,0.25308092673214205,0,0,0,0,0,0.078896451,0,0,0,0,0,0.20846326563764775,0.29994846043524265,0
PD67540c_ds0001 Glomeruli,0,0.11684765586120063,0.17301451329547496,0.030457037774997184,0,0.3130157988703807,0,0,0.14505725062895614,0,0,0,0,0,0.22160774356899046,0,0
PD67540c_ds0002 Glomeruli,0,0,0,0,0,0.4388849472863971,0,0,0.15222556813984733,0,0,0,0,0,0.28146258912807043,0.12742689544568508,0
PD67540c_ds0003 Proximal_tubules,0,0,0.39897761494195577,0.055835930575570916,0,0.33289712136033844,0,0.06744958,0.047166734073180026,0,0,0,0,0,0,0.097673019,0
PD67540c_ds0004 Proximal_tubules,0,0,0.5733928641559068,0.034968558,0,0,0,0,0.057043163,0,0,0,0,0,0.11402502585756467,0.22057038816329905,0
PD67540c_ds0005 Medulla,0,0,0,0.030643983063188995,0,0.4338622498963986,0,0,0.072220086,0,0,0,0,0,0.2491715163728087,0.2141021646695501,0
PD67540c_ds0006 Medulla,0,0,0.2325290559104929,0,0,0.19196929684919817,0,0,0.072497605,0,0,0,0,0,0.22368910343629533,0.2793149387754175,0
PD67541c_ds0001 Glomeruli,0,0,0.22846725709000432,0,0,0.4216871646962593,0,0,0.1438070578321611,0,0,0,0,0,0.20603852038157533,0,0
PD67541c_ds0002 Glomeruli,0,0,0.15584963611402056,0,0,0.45324860940501244,0,0,0.15678091717066397,0,0,0,0,0,0.2341208373103031,0,0
PD67541c_ds0003 Proximal_tubules,0,0.14392278116290982,0,0.031591159765241315,0,0.4018711721749304,0.22133086477469754,0,0.025135859873187744,0,0,0,0,0,0.17614816224903315,0,0
PD67541c_ds0004 Proximal_tubules,0,0.2552768454992804,0.19110312963175244,0,0,0.20256375222355444,0.068412957,0,0.031518728135047955,0,0,0,0,0.084498101,0.16662648680125483,0,0
PD67542c_ds0001 Glomeruli,0.2671152443708632,0.1916693004940595,0,0,0,0,0,0,0.1407477805496601,0,0.021997171620142534,0,0.07168814,0,0,0.30678236302570977,0
PD67542c_ds0002 Glomeruli,0,0,0.2950235561198647,0,0,0.1964666499080313,0,0,0.1384261275298429,0,0.016151106832698638,0,0,0,0.19334575077988567,0.16058680882967669,0
PD67542c_ds0003 Proximal_tubules,0.20049163037816556,0.1337761877459336,0.19451076355735775,0,0,0,0.2190879282456021,0.054865403,0,0,0,0,0,0,0,0.19726808752508976,0
PD67542c_ds0004 Proximal_tubules,0,0,0,0.049021203114426266,0,0.3736546974270991,0.3297882367321819,0,0.034127107554623816,0,0,0,0,0,0.21340875517166882,0,0
PD67543c_ds0001 Glomeruli,0,0,0,0,0,0.7070505147782117,0,0,0.15162163681678922,0,0,0,0,0,0.14132784840499915,0,0
PD67543c_ds0002 Glomeruli,0.16801322532672092,0,0,0,0,0.6030270298211656,0,0,0.11139043752071377,0,0,0,0,0,0.11756930733139957,0,0
PD67543c_ds0003 Proximal_tubules,0,0,0.4777819714605054,0.072756502,0,0,0,0,0.10838520709193304,0.015426701229600872,0,0.045391324,0,0,0.136967923,0.1432903714140045,0
PD67543c_ds0004 Proximal_tubules,0.2195527243377911,0,0.37404482809216333,0.035695081,0,0.2875376730739062,0,0,0.083169693,0,0,0,0,0,0,0,0
PD67544c_ds0001 Glomeruli,0.1538163375237784,0,0,0.034891959018311804,0,0.3791156923269588,0,0,0.16225436188564835,0,0,0,0,0,0.12532577901618355,0.1445958702291192,0
PD67544c_ds0002 Glomeruli,0,0,0,0,0,0.5769886485537576,0,0,0.12855445138231625,0,0,0,0,0,0.2944569,0,0
PD67544c_ds0003 Proximal_tubules,0.16999393120534895,0,0.33961609535963394,0,0.059494086,0,0.2301725786967414,0,0.041236984,0,0,0,0,0,0.15948632473147362,0,0
PD67544c_ds0004 Proximal_tubules,0,0,0.29297048820199073,0,0.034801542,0.20164246207870218,0.15972873093674528,0,0,0,0,0,0,0,0.1718820504038692,0.13897472627894722,0
PD67544c_ds0005 Medulla,0.23689303863270375,0,0.30131006190372883,0,0,0,0,0,0.1107839604700182,0,0,0,0,0,0,0.35101293899354913,0
PD67545c_ds0001 Glomeruli,0,0.1036701606437655,0,0,0,0.35989957594881766,0,0,0.1460547486929747,0,0.015673814281911534,0,0,0,0.15329299927638615,0.2214087011561445,0
PD67545c_ds0002 Glomeruli,0,0.08632722,0,0,0,0.3776527519894523,0,0,0.13606497481900118,0,0,0,0,0,0.23631506904951047,0.1636399845281267,0
PD67545c_ds0003 Proximal_tubules,0,0,0.23779888819660977,0.031991101,0,0.26773775942814676,0.2430397049318149,0,0.034532414,0,0,0,0,0,0.18490013232265334,0,0
PD67545c_ds0004 Proximal_tubules,0.14873119757519987,0.19584753890101614,0,0.034812374,0,0.24267642602232692,0.1421339821989907,0,0.01953168,0,0,0,0.045156191,0,0,0.17111060979941053,0
PD67545c_ds0005 Medulla,0.23799903299483155,0,0.15343490868156565,0.029497707212735758,0,0,0,0,0.063627657,0,0,0.022547787386161765,0,0.12219462666072986,0,0.37069828008801287,0
PD67545c_ds0006 Distal_tubules,0,0,0,0.031316861408413936,0,0.652534322,0.042027031,0,0.11067658759702106,0,0,0,0,0,0.1634451986731551,0,0
PD67546c_ds0001 Glomeruli,0,0,0,0,0,0.5888308261606308,0,0,0.13412962375656198,0,0,0,0,0,0.27703955008280723,0,0
PD67546c_ds0002 Glomeruli,0.20120131591268997,0.088341347,0.1972577345013139,0,0,0,0,0,0.10616424383233598,0,0,0,0,0,0.10163092165924187,0.30540443713610654,0
PD67546c_ds0003 Proximal_tubules,0,0,0.2507181193674944,0,0,0,0.36229506179557364,0,0.043957906999719826,0,0,0,0,0,0.246433848,0.096595063,0
PD67546c_ds0004 Proximal_tubules,0,0,0.23456600881637701,0,0,0,0.38695444828072745,0,0.031438947939565275,0,0,0,0,0.086195666,0.26084492869126613,0,0
PD67546c_ds0005 Medulla,0,0,0.36054014823359615,0,0,0,0,0,0.081959888,0,0,0.041085887,0,0,0.17431670614877426,0.34209737110056276,0
PD67546c_ds0006 Distal_tubules,0.24390140843894204,0,0.1827518136587187,0,0,0.278618741,0,0,0.11252232400269505,0,0,0,0,0,0,0.1822057127070783,0
PD67547c_ds0001 Glomeruli,0,0,0,0.025483018980764528,0,0.489271841,0,0,0.13456582144036616,0,0,0,0,0,0.25845136599568985,0.092227952,0
PD67547c_ds0002 Glomeruli,0,0,0,0,0,0.48963639376938634,0,0,0.13433554521464366,0,0,0,0,0,0.25774051393144976,0.11828754708452023,0
PD67547c_ds0003 Proximal_tubules,0,0,0,0.040839957045779376,0,0.38867903774558565,0.32775477156129024,0,0.023718845,0,0,0,0,0,0.21900738818580706,0,0
PD67547c_ds0004 Proximal_tubules,0.22479728459856002,0,0.25691202097832666,0,0,0,0.36366008232263014,0,0.019434937395753166,0,0,0,0,0.135195675,0,0,0
PD67548c_ds0001 Glomeruli,0.31995265834363407,0.1257987027374707,0,0.042482598,0,0,0,0,0.10230310640467269,0,0.024076697214140463,0,0.057361393,0,0,0.32802484385584996,0
PD67548c_ds0002 Glomeruli,0.315848284,0,0.2263133650730216,0.042383872702053266,0,0,0,0,0.13396956568726467,0,0,0,0,0,0,0.28148491249272745,0
PD67548c_ds0003 Proximal_tubules,0,0.121199884,0.4058747186258795,0.052546242579422406,0,0,0,0,0.026611091,0,0,0,0,0,0.10813131643538905,0.28563674795084565,0
PD67548c_ds0004 Proximal_tubules,0,0,0.5101789574658939,0.053611881,0,0,0,0,0.069220027,0.018468679871903634,0,0,0,0,0.18759092844459604,0.16092952623240764,0
PD67549c_ds0001 Glomeruli,0,0,0,0,0,0.5855397116456061,0,0,0.1594240883845869,0,0,0,0,0,0.2550361999698071,0,0
PD67549c_ds0002 Glomeruli,0,0,0,0,0,0.5991731856426653,0,0,0.15939807560323613,0,0,0,0,0,0.2414287387540986,0,0
PD67549c_ds0003 Proximal_tubules,0,0.16461463209846938,0.450115511,0,0.037145721,0,0.13734346884850437,0.075650743,0.027637339623962212,0,0,0,0,0,0,0.10749258517021203,0
PD67549c_ds0004 Proximal_tubules,0,0.11881470109849139,0.14380673123989635,0,0,0.4365491867056762,0.12839085304324352,0,0.024610099,0,0,0,0,0,0.1478284285981918,0,0
PD67549c_ds0005 Medulla,0.2263178338098529,0,0.2021565377653237,0.029572841238544312,0,0,0,0,0.06727594,0,0,0.026887626,0,0,0,0.4477892203989466,0
PD67550c_ds0001 Glomeruli,0,0,0,0.033498986,0,0.564914339,0,0,0.177171542,0,0,0,0.051198728,0,0.17321640474882646,0,0
PD67550c_ds0002 Glomeruli,0.21155104983661438,0,0,0,0,0.3851800045788334,0,0,0.1908473549059109,0,0,0,0.049191988,0,0.16322960233744363,0,0
PD67550c_ds0003 Proximal_tubules,0,0.273250641,0.22723226948838957,0.034812885432006856,0,0.2075806644643132,0,0,0.039264966475365155,0,0,0,0.054203749,0,0.066615472,0.097039353,0
PD67550c_ds0005 Medulla,0.21964504262189238,0,0.18492861777675712,0,0,0,0,0,0.051766606,0,0,0,0,0,0,0.5436597337019966,0
PD67550c_ds0006 Medulla,0.14110222726953592,0,0,0.039839913,0,0.4378957784703728,0,0,0.077703768,0,0,0,0,0,0,0.30345831305972143,0
PD67551c_ds0001 Glomeruli,0,0,0.20991865951086325,0,0,0.4392232826032228,0,0,0.13518518498056792,0,0,0,0,0,0.215672873,0,0
PD67551c_ds0002 Glomeruli,0.28393906811874564,0.093414078,0,0,0,0.3241603317165663,0,0,0.14417257598352518,0,0,0,0,0,0,0.15431394631804635,0
PD67551c_ds0003 Proximal_tubules,0,0.2081930216607907,0.25466992335717026,0.035912035,0,0.33225060581310145,0,0,0.034736877,0,0,0,0,0,0.13423753653129697,0,0
PD67551c_ds0004 Proximal_tubules,0,0.12396722873656822,0.3833876177377223,0,0,0.29645382420069455,0,0,0.040317089,0,0,0,0,0,0.15587424071012723,0,0
PD67551c_ds0005 Medulla,0.23699846255676552,0,0.2686118154237471,0,0,0,0,0,0.071292344,0,0,0,0,0,0,0.42309737847933143,0
PD67551c_ds0006 Medulla,0,0,0.22714628699067962,0,0,0,0,0,0.083690479,0,0,0,0,0,0.14243301794428032,0.5467302157847435,0
PD67552c_ds0001 Glomeruli,0,0,0,0.029753879,0,0.47496411558903084,0,0,0.1077145768039369,0,0,0,0,0,0.20596321758244648,0.18160421068224913,0
PD67552c_ds0002 Glomeruli,0,0,0.2651761183766171,0,0,0.4523830604239385,0,0,0.12283373258386283,0,0,0,0,0,0.1596070886155815,0,0
PD67552c_ds0003 Proximal_tubules,0,0,0.24220978229367504,0,0.049090914,0.44539916841056687,0,0,0.043904263,0,0,0,0,0.076331633,0.14306423917729302,0,0
PD67552c_ds0004 Proximal_tubules,0,0,0.4216244040953704,0.047090430734605504,0,0.23179115517782145,0,0,0.058608275041906625,0,0,0,0,0,0.11350875152696045,0.12737698342333564,0
PD67552c_ds0005 Medulla,0,0,0.19382043465107693,0,0,0.19787395758667853,0,0,0.06555358,0,0,0,0,0,0.13058600480774551,0.41216602254414797,0
PD67552c_ds0006 Medulla,0,0,0.3594445606572286,0,0,0,0,0,0.078237528,0,0,0,0,0,0.10358433694672323,0.45873357441528134,0
PD67553c_ds0001 Glomeruli,0,0,0,0.028090405,0,0.42923514612778785,0,0,0.13390869852304377,0,0,0,0.057649745,0,0.21285918608049115,0.13825681878107202,0
PD67553c_ds0002 Glomeruli,0,0,0.196336857,0,0,0.27884863700297124,0,0,0.14967472090392736,0,0,0,0,0,0.2682217810623387,0.10691800391722371,0
PD67553c_ds0003 Proximal_tubules,0,0.14860980353884223,0.2828010741890997,0,0,0,0.1996252662180728,0,0.046119238,0,0,0,0,0,0.17725738030859048,0.14558723811086302,0
PD67553c_ds0004 Proximal_tubules,0,0,0.17134395624135282,0.026746894,0,0.25723939651381356,0.2902430953335983,0,0.036086588573894976,0,0,0,0,0,0.21834006892012386,0,0
PD67553c_ds0005 Medulla,0,0,0.27853506274499557,0,0,0.2155478683092054,0,0.055044403,0.024993365,0,0,0,0,0,0,0.42587930065904406,0
PD67553c_ds0006 Medulla,0,0.15039991739308778,0,0,0,0.17950095287518766,0,0,0.072157982,0,0,0,0.052464034,0,0,0.5454771137802321,0
PD67554c_ds0001 Glomeruli,0,0,0.1705597042061686,0,0,0.38191774114548327,0,0,0.10751232460908339,0,0,0,0,0,0.24015308430718973,0.099857146,0
PD67554c_ds0002 Proximal_tubules,0.1977199180603285,0,0.5405822122726356,0.041076696,0,0,0.068775484,0,0.028005573,0,0,0,0,0.12384011731830663,0,0,0
PD67554c_ds0003 Medulla,0,0,0.24437614849894446,0,0,0.2097670100152186,0,0,0.050743265,0,0,0,0,0,0.17505621288488105,0.3200573636969303,0
PD67554c_ds0004 Medulla,0,0,0,0,0.062563635,0.47500964377601795,0,0,0.025027798029542848,0,0,0,0,0,0,0.4373989235025602,0
PD67555c_ds0001 Glomeruli,0.16973396268474197,0,0.28489580148640054,0,0,0,0,0,0.17525748912572256,0,0,0,0,0,0.1483993527154004,0.22171339398773446,0
PD67555c_ds0002 Glomeruli,0,0,0,0,0,0.596297304,0,0,0.12117340910140974,0,0,0,0,0,0.28252928700629226,0,0
PD67555c_ds0003 Proximal_tubules,0.1785623602298273,0,0.3087761997888464,0.030433537800875553,0,0.30232236008139995,0,0,0.048888997,0,0,0,0,0.13101654481784786,0,0,0
PD67555c_ds0004 Proximal_tubules,0,0.13820991405429287,0.4676990142696794,0,0,0,0,0.046120277,0.070176215,0,0,0.021069623,0,0,0,0.2567249566642983,0
PD67555c_ds0005 Medulla,0,0.10302354932366314,0,0,0,0.49442478501962184,0,0,0.078286457,0,0,0,0.040955153136299605,0,0.18779205011537253,0.095518005,0
PD67556c_ds0001 Glomeruli,0.410611688,0,0,0.028928034525590948,0,0.25924462668305015,0,0,0.16050919744035566,0,0,0,0,0,0,0.14070645360079126,0
PD67556c_ds0002 Glomeruli,0.2795926722559506,0,0,0,0,0.4857936839852985,0,0.071744744,0.1628689001738561,0,0,0,0,0,0,0,0
PD67556c_ds0003 Proximal_tubules,0,0,0.5161887569152915,0.045542954,0,0.3819282186705678,0,0,0.05634007,0,0,0,0,0,0,0,0
PD67556c_ds0004 Proximal_tubules,0,0,0.3100118860299899,0.076854157,0,0.39310678769290364,0,0,0.050470221,0,0,0,0.063325994,0,0.10623095449873454,0,0
PD67557c_ds0001 Glomeruli,0,0,0.2406750008573151,0,0,0.36383578558949836,0,0,0.1403276577021913,0,0,0,0,0,0.097564821,0.15759673522967452,0
PD67557c_ds0002 Glomeruli,0.22156832437906937,0.1348333780722986,0.18967713979189027,0,0,0,0,0,0.15241118393671998,0,0,0,0.05224709,0,0,0.24926288339203154,0
PD67557c_ds0003 Proximal_tubules,0,0,0.3709019269392476,0,0.041596952,0.2282044396784316,0.18335675649750946,0,0.051006545955008746,0,0,0,0,0,0.1249333792751671,0,0
PD67557c_ds0004 Proximal_tubules,0,0,0.3374477701971834,0.031318351,0,0.29752318446050297,0.16138039144007948,0,0.050370817,0,0,0,0,0,0.12195948536520247,0,0
PD67558c_ds0001 Glomeruli,0,0,0,0,0,0.5958809723085069,0,0,0.1307148991872004,0,0,0,0,0,0.2734041285042927,0,0
PD67558c_ds0002 Glomeruli,0,0,0,0.029417244,0,0.42421613375789613,0,0,0.1173124898006567,0,0,0,0,0,0.24464110765765798,0.18441302527898615,0
PD67558c_ds0003 Proximal_tubules,0,0.12149852327543705,0.37053954638749065,0,0,0,0.15604352819614511,0,0.049473668708408955,0,0,0,0.038741372,0,0.1526276819774555,0.11107567925895233,0
PD67558c_ds0004 Proximal_tubules,0,0,0.2137380798161553,0.045921004443385496,0,0.33006817359366275,0.15679000345926408,0,0.065302564,0,0,0,0,0,0.18818017497399503,0,0
PD67558c_ds0005 Medulla,0.2674505925658598,0,0.167034234,0.027064139087885918,0,0,0,0.035717582,0.054584701,0,0,0,0.053906476,0,0,0.39424227469665385,0
PD67559c_ds0001 Glomeruli,0.13608839640245524,0,0,0,0,0.5045012251604122,0,0,0.1677173354626337,0,0,0,0,0,0.19169304297449893,0,0
PD67559c_ds0002 Glomeruli,0.2864921868412001,0,0,0.042797346746473085,0,0.36647733342161753,0,0.050697083,0.11200516724425957,0,0,0,0,0,0,0.1415308826005349,0
PD67559c_ds0003 Proximal_tubules,0.1965422432961766,0.26865080691549076,0.20629650959178922,0,0.033761938125283185,0.2178923598977587,0,0,0.026130547166253317,0,0,0,0.050725595,0,0,0,0
PD67559c_ds0004 Proximal_tubules,0.14133125081021777,0.15665719944139625,0.28125564622752164,0.040286972678161684,0,0,0,0,0.037905639,0,0,0,0.065339311,0,0.1200999220326051,0.15712405965319087,0
PD67560c_ds0001 Glomeruli,0,0,0.20298594513125243,0,0,0.2839646490704995,0,0,0.11400381663739582,0.013658622,0,0,0,0,0.20050961630929776,0.18487735078786005,0
PD67560c_ds0002 Glomeruli,0,0,0,0.0370855,0,0.45935108674910774,0,0,0.13495895191216634,0,0,0,0,0,0.22930808525691346,0.13929637613122994,0
PD67560c_ds0003 Proximal_tubules,0.22316066570480303,0,0.46893894879049414,0.035806894,0,0,0.067868461,0,0.037765963,0,0,0,0,0,0,0.16645906799514976,0
PD67560c_ds0004 Proximal_tubules,0.157555758,0,0.3965359315914957,0.056749441,0,0.3225407836412521,0,0,0.066618085,0,0,0,0,0,0,0,0
PD67560c_ds0005 Medulla,0,0,0.42175993506101606,0,0,0,0,0,0.086087111,0,0,0,0,0,0.2313117070310888,0.26084124657136454,0
PD67561c_ds0001 Glomeruli,0,0,0,0.025857080845995806,0,0.6357761982059498,0,0,0.12267861627088715,0,0,0,0,0,0.2156881046771673,0,0
PD67561c_ds0002 Glomeruli,0.33956960536356273,0,0.16927212142470838,0,0,0,0,0,0.10180142596199213,0,0.018797840165865682,0.031090289,0,0,0,0.3394687182253292,0
PD67561c_ds0003 Proximal_tubules,0.20523973770725276,0.12141186400590098,0.2442874084869939,0.029960108263431682,0,0.23220103881158938,0,0,0.054684277107013894,0,0,0,0,0,0,0.1122155656178174,0
PD67561c_ds0004 Proximal_tubules,0.09841544,0.11954846352322425,0.46848053886553537,0.042621337068541924,0,0,0,0,0.065491993,0,0.021725712,0.024252203775341676,0,0,0,0.15946431208938397,0
PD67561c_ds0005 Medulla,0,0.16606234920092722,0.2881863156798686,0,0,0,0,0,0.081387914,0,0,0,0,0,0.14898350803339833,0.315379913,0
PD67562c_ds0001 Glomeruli,0,0,0,0,0,0.622432966,0,0,0.14538539840992717,0,0,0,0,0,0.2321816353103568,0,0
PD67562c_ds0002 Glomeruli,0,0,0,0,0,0.6903140285074056,0,0,0.14634443488088186,0,0,0,0,0,0.16334153661171255,0,0
PD67562c_ds0003 Proximal_tubules,0.2002703164499963,0.097111742,0,0,0,0,0.3641151545812883,0,0.033769489,0,0,0,0,0,0.1659735495615856,0.13875974891531961,0
PD67562c_ds0004 Proximal_tubules,0,0,0.30475040556879324,0,0,0,0.3794231073751186,0,0.034615751645461816,0,0,0,0,0.083555844,0.1976548912083453,0,0
PD67562c_ds0005 Distal_tubules,0,0,0,0,0,0.5684129973199397,0,0,0.087097533,0,0,0,0,0,0.2175798949284214,0.12690957435865294,0
PD67563c_ds0001 Glomeruli,0,0,0,0.027405442,0,0.46041553680264447,0,0,0.11290801652715919,0,0,0,0,0,0.25912457281357243,0.10198854884091664,0.038157883
PD67563c_ds0002 Glomeruli,0,0,0,0.028075478233793128,0,0.6093270248886904,0,0,0.11594602481843137,0,0,0,0,0,0.24665147205908516,0,0
PD67563c_ds0003 Proximal_tubules,0,0.18969960659006677,0.38184662398854025,0.023795051,0,0,0.11607163735627152,0,0.029459637749430674,0.009147821,0,0,0,0.094859243,0.15512037843473078,0,0
PD67563c_ds0004 Proximal_tubules,0.1384986355766585,0,0.39063438407893314,0,0.038988269159564826,0,0.11637203075152587,0,0.021721315,0,0,0,0,0.1539416932175238,0.13984367181071938,0,0
PD42581a,0.22377307363696078,0.20420361462579883,0.16251040704082204,0,0.064328768,0,0.039421531,0,0.031763072,0,0,0,0,0,0.27399953250348963,0,0
PD42590a,0.1280807734294299,0.072135437,0.12795400994775916,0.11056556202244892,0,0,0.035657524627658706,0.044541605,0.029783374101135844,0,0.016160466011391168,0,0,0,0.4351212481262546,0,0
PD42591a,0,0,0.072580669,0.6091837630612594,0.31823556803821895,0,0,0,0,0,0,0,0,0,0,0,0
PD42596a,0.15606235091566367,0.30733751599688935,0.2116563765037421,0.060423094283484774,0,0,0.047048542,0,0.021745346,0,0.012995807106228009,0,0,0,0.182730967,0,0
PD42882a,0.12445827261068983,0.04999816,0.27516499541874373,0.059881653,0.060515473,0,0.041465737,0,0.019131263936992386,0,0,0,0,0,0.36938444523764163,0,0
PD42884a,0,0.175058759,0.2026450660349799,0.2078206484700078,0.1780469532559779,0,0,0,0.016210049,0,0,0,0,0.055449729685359966,0.16476879444454134,0,0
PD42885a,0,0.083950933,0.093532396,0.5331680136340785,0.1197149134579059,0,0,0,0,0,0,0,0,0,0.16963374361774608,0,0
PD42886a,0.21883617029532626,0.10034655925089751,0.12537121759650285,0.16553961081222446,0.064728289,0,0,0.06941629,0.040021784,0,0.010090077957488692,0,0,0,0.2056500010797673,0,0
PD42887a,0,0.12470914214871788,0.1945659122897343,0.22829309970924205,0.38078380406524226,0,0,0,0.010356545721613007,0,0,0,0,0,0.061291496065450576,0,0
PD42890a,0.086519176,0.12826808573913498,0.091087812,0.19873159046198274,0.28241695104043213,0,0,0,0,0,0,0,0,0,0.21297638539839434,0,0
PD42891a,0,0.2064472253843589,0.12675693727039672,0,0.084409491,0.1939640036764823,0,0.085555922,0.036377651,0.011998492340690902,0.020663311,0,0,0,0.23382696601991387,0,0
PD42893a,0.3484690548687075,0.11784192744543033,0.1585699773477694,0,0.069788403,0,0,0.039278221,0.042668459,0,0.016035477,0.030291160616037784,0,0.050358331,0.12669898769471624,0,0
PD42894a,0,0.15645900026302592,0.12546128069990123,0.3709435613948658,0.18684520615561467,0,0,0,0,0,0,0,0,0.064878001,0.095412951,0,0
PD42895a,0.11519334715227168,0.27511801832626603,0.092320217,0.10745015913099244,0.12276879808696219,0,0.042939207251345916,0.035759404,0.013224820953890718,0.008813652,0.008801387,0,0,0,0.17761098873959172,0,0
PD42897a,0.097635246,0.061612758,0.099705159,0.20444648567166435,0.2623240949507199,0,0,0,0.020861250365658588,0,0,0,0,0,0.25341500564347896,0,0
PD42898a,0,0,0.068690955,0.5776460921343584,0.2747559453166543,0,0,0,0,0,0,0,0,0,0.078907007,0,0
PD42899a,0,0,0.1381204700751239,0.5250041887050048,0.19482241883119455,0,0,0,0,0,0,0,0,0,0.14205292238867673,0,0
PD42903a,0.15316699873586773,0.16196508841925192,0.13175246488066902,0.21913216007280684,0.11867930148965561,0,0,0,0.015609313,0,0,0,0,0.053517864305955155,0.14617680880123976,0,0
PD42904a,0,0.2415612922092537,0.1500425635633097,0.11036046578593593,0.06711718,0,0,0,0.015785823,0,0,0,0.030887733,0,0.38424494239194773,0,0
PD42905a,0,0,0,0.3566534153992832,0.42222150902478717,0,0,0,0.013297163036424286,0,0,0,0,0,0.20782791253950522,0,0
PD46710a,0.19898833552603834,0.2613571525551941,0.22937653553645732,0,0.033968495344957265,0,0,0,0.033284156,0,0,0,0.028703241976708004,0,0.21432208311924564,0,0
PD46721a,0.1983232678756065,0.084096207,0.1498302109352984,0,0,0.1383914456063067,0,0,0.073672909,0.013355615420130114,0.018301951320666685,0,0,0,0.3240283927701587,0,0
PD46724a,0.35088377605759336,0.11224421620263364,0,0,0,0.22102211008172024,0,0,0.055510201,0,0,0,0,0,0.26033969692664316,0,0
PD46738a,0.24113976026632633,0.078856439,0.33696172377552364,0,0,0,0,0,0.034396460355444636,0,0,0,0,0,0.30864561644692395,0,0
PD46743a,0.094557422,0.4014221596501662,0,0,0.030123017162278224,0.1991949922458857,0,0,0.017252833108929378,0,0,0,0,0,0.25744957583446826,0,0
PD46748a,0.15613895102986902,0.2835606867817898,0.13762343718126918,0,0.027327113190431893,0.13719040103572502,0,0,0.039632246,0.008986258,0.012834194,0,0,0,0.196706714,0,0
PD46750a,0.2988236398964731,0.1207287734671511,0.2524613038880218,0.019433180375997318,0,0,0,0,0.039122676,0,0,0.019481707703273374,0,0,0.24994871886213196,0,0
PD46769a,0.27621417050083735,0.22106133780595158,0.18894834570139915,0,0.022675803212557355,0,0,0,0.049191873897839994,0,0.019212941,0.014539342142379381,0,0,0.20815618587086213,0,0
PD46770a,0.1901533242313588,0.2740495397156691,0.20621067295187553,0.021078070929558792,0,0,0,0.036417231758777625,0.043534777,0,0.009823208,0.015271635428247197,0,0.057827571577701145,0.1456339684805637,0,0
PD46773a,0.1356987892665516,0.067726266,0.071083106,0.1653787358013317,0.3433158458633632,0,0,0,0.016154870798243237,0,0,0,0,0,0.20064238638349585,0,0
PD46775a,0.061009296264976254,0.18435784012953985,0,0.15319166071314916,0.4790300586328735,0,0,0,0,0,0,0,0,0.12241114425946127,0,0,0
PD46799a,0.13690765529899412,0.30212597684614906,0.30561125790498045,0,0.050821796,0,0.036588443,0,0.041524665,0,0,0,0,0,0.1264202057050616,0,0
PD46800a,0.16987811364303343,0.23497080592505518,0.24631713224079477,0.029809055973769424,0,0,0,0.03581895,0.047180561,0.025039684,0.044804434,0,0,0,0.16618126271923167,0,0
PD46819a,0.14526418484262651,0.19534106230127976,0.2978411830782156,0.027728689302789822,0,0,0,0.038791678,0.021631999266866566,0,0.009818136,0.023923400667132697,0,0,0.23965966633398644,0,0
PD46820a,0,0,0.2665606387117932,0,0,0.21519439742815666,0,0,0.064308215,0.014767986264194115,0.062299219,0.02876789,0,0,0.348101653,0,0
PD46834a,0.16970909981158283,0.166942112,0.17901203858326806,0.030077296,0,0.1238844641815171,0,0.038089337378860055,0.046041072,0,0.015354683,0,0.037399268689035176,0,0.19349062855122173,0,0
PD46836a,0.1044131676900192,0.16895519867276282,0.12894220386294467,0,0,0,0,0,0.036263271388873766,0,0,0,0,0.067521785,0.4939043735079152,0,0
PD46838a,0,0.17097584071615113,0.4504793291143756,0,0.0299176,0,0.057016191,0,0.028821747,0,0.013102846,0,0,0.10608614968332794,0.11807081012675584,0,0.025529486207140725
PD46839a,0,0.3365105458344509,0.18285055973333883,0.035285499422998585,0,0.1433843730290145,0,0,0.03412677,0,0,0,0.072112886,0,0.19572936622911896,0,0
PD46841a,0,0.2640187151345347,0,0.02391035,0,0.21268937488610992,0,0,0.027285870333337587,0.012566551,0.010410735442269437,0,0,0,0.4169023663457793,0,0.032216037
PD46858a,0.25963939625936655,0.16517826770940014,0.1758771130313398,0,0,0,0,0.055131031110427865,0.054398882578217796,0,0,0.033646816,0,0,0.17866538212056196,0.077463111,0
PD46859a,0.2210457817325677,0.24680695337633607,0.3078172596168555,0,0,0,0,0.037731138407318045,0.035451638023829134,0,0,0.019629505323617995,0,0,0.13151772351947566,0,0
PD46860a,0.087018925,0.3348331273111341,0.11231488369760827,0,0.030971593,0,0.049388704,0,0.021540938585097584,0,0.009865799,0,0,0,0.3540660296095313,0,0
PD46861a,0.25584787424097843,0.082395316,0,0.13034482241591092,0,0,0.061086914,0,0.051049022,0,0,0,0.037938744593743384,0,0.38133730715280684,0,0
PD46866a,0,0.21442833782929985,0.14892858813596396,0.029176745808801825,0,0.18792289337191964,0,0,0.022253427284854115,0,0,0,0,0,0.39729000756916055,0,0
PD46868a,0.1650408303947989,0.20871469670885517,0.15348144253556212,0,0,0,0.028494395741583228,0,0.02775298,0,0,0,0,0,0.3690395218966487,0.047476133,0
PD46869a,0,0.1782281258724868,0.18487230167157334,0,0.024117960702851143,0.17788577465343672,0,0.090566648,0.051001616302145995,0.016406935549839966,0.016435524,0.020319218,0,0,0.24016589558458767,0,0
PD46871a,0,0.2485319033562888,0.1611574629438204,0,0,0.1915022111011777,0,0,0.037774456,0,0,0,0,0,0.3610339666060713,0,0
PD46872a,0.21656360746642095,0.2680597631152784,0,0.023226484,0,0.20185636734737908,0,0,0.047521254467634874,0,0.017766877319493533,0,0,0,0.2250056459270605,0,0
PD46873a,0,0.24500619003171206,0,0.028606326276208408,0,0.44615689227063976,0,0,0.020465278570041805,0,0,0,0,0,0.2597653128513978,0,0
PD46875a,0.20350114174683967,0.15803333631344205,0,0,0,0.2581257705143108,0,0,0.050390003595992654,0,0.009339393,0,0,0,0.3206103548293586,0,0
PD46877a,0.3168254890403209,0.12825565516169232,0.22794310448564029,0.03724909,0,0.11811850019423864,0,0.058786314,0.063987424,0,0.013697293960631077,0,0.03513713,0,0,0,0
PD46885a,0.13993873634492843,0.2892380072646185,0.094853427,0,0.022770408816312503,0.17935259739584217,0,0,0.017245765165005787,0,0,0,0,0,0.2566010576098872,0,0
PD46887a,0,0.25571172,0.20732230972538174,0.015528798,0,0.20268410452990146,0,0,0.026634059894951802,0,0.012412753085408647,0,0,0,0.2797062542084337,0,0
PD46888a,0.22480149557526682,0.2177024643225103,0,0.018555549,0,0.19933243497065967,0,0.065927854,0.034406569803033894,0,0,0,0,0,0.2392736323512096,0,0
PD46889a,0.22373600084335832,0.15537056017940995,0,0,0.030783777,0.2419399489709825,0,0.040796811,0.060728272161543924,0.013002240984675558,0.019712052577336495,0,0,0,0.21393033668137593,0,0
PD46891a,0.14977366151806049,0.16064765822767524,0.11509545916304152,0,0.025130262,0.1982244505056939,0,0,0.052296667112919124,0.013145729333479891,0.021777433498535625,0,0,0,0.2639086789260748,0,0
PD46892a,0.10176573377875733,0.40299689411660156,0.2328623491881998,0.027544980454220984,0,0,0,0,0,0,0.012600104501331344,0.017277815899225623,0,0,0.11575312514585256,0.089198997,0
PD46903a,0,0.17348950824687068,0.22722730352742154,0.023657544590319074,0,0.16410897725655246,0,0.040150363,0.030490653186197505,0.013356457065327433,0.013856156,0,0,0,0.31366303699887393,0,0
PD46904a,0.11463624667063872,0.12031159932614303,0.16545899297531094,0.069733598,0.055814891,0.14662854623201432,0,0.037771923254161156,0.036457587,0,0.030546145,0,0,0,0.22264047071984785,0,0
PD46911a,0,0.44294243181102805,0.13915526724552274,0.04584806,0,0,0,0,0.019496596377430737,0,0,0.030069838,0,0,0.25994261276397157,0.062545194,0
PD46914a,0,0.23367302707979398,0.3976387437728006,0,0.036125215,0,0,0,0.02818601,0,0,0,0,0,0.30437700455447986,0,0
PD46920a,0.27946799903754044,0.1704313975212178,0,0.029751477,0,0.24264608926124515,0,0,0.048223582,0,0.014259567849027485,0,0,0,0.21521988664126324,0,0
PD46922a,0.20699081873544636,0.24946372631614075,0.2909377730009041,0.025068389,0,0,0,0,0.044226351854747825,0,0.013257996,0.019286831,0,0,0.15076811410819352,0,0
PD46925a,0.22408126425374478,0.12660707969765317,0,0.023958420092561796,0,0.19106653067391444,0.042234300451262086,0,0.057256062,0,0,0,0,0,0.3347963427006304,0,0
PD46930a,0,0.16350767070404817,0.19892950074001534,0,0.026668809383263783,0.17434196542656855,0,0.047389075,0.054223341275844876,0.018099086,0.036438701,0.031562659,0,0,0.2488391919757933,0,0
PD46934a,0.220476483,0.089818672,0.25611996010658644,0,0.024597879403551397,0,0,0,0.021727739,0,0.015782138992947576,0,0,0,0.37147712683744855,0,0
PD46935a,0.2913774136456262,0.093962757,0,0,0,0.20983425994444457,0,0,0.056744987825199426,0,0.025485111398363215,0,0,0,0.3225954701076985,0,0
PD46937a,0,0.22781666139221834,0.30590196515347845,0,0.032093335215580346,0,0.048892842035598016,0,0.044419373368952554,0.018975089033176615,0,0,0,0,0.3219007338009957,0,0
PD46941a,0.2836649772347483,0.1993790097625818,0.16072115153946628,0.020503463,0,0,0.047163467377843035,0.04422379,0.022297351240744674,0,0,0,0,0,0.22204679028675742,0,0
PD46948a,0.20588785231544895,0.17859944137289677,0,0,0.024656263,0.20500221624958975,0,0,0.074475529,0,0.015141317088727886,0,0,0,0.2962373811442955,0,0
PD46953a,0,0,0,0.6636789304221441,0.2638807510846157,0,0,0,0,0,0,0,0,0,0.072440318,0,0
PD46955a,0,0.1042773896719744,0.22822350995551519,0.17779286979215825,0.22449141913504345,0,0.039329976,0,0.018491968,0,0,0,0,0,0.2073928682281392,0,0
PD46957a,0,0.068809646,0,0.43024607212319876,0.39997235611115445,0,0,0,0,0,0,0,0,0,0.10097192589123309,0,0
PD46958a,0,0,0.09830923,0.6068499410818268,0.13602983484555695,0,0,0,0.013109063831420372,0,0,0,0,0,0.14570192985045025,0,0
PD46959a,0,0.3490888848996079,0.11011152423738024,0.036930405,0.079277232,0.2195504514548336,0,0,0.033206139,0.013349046536967902,0.017943206172622062,0,0,0,0.14054310968627884,0,0
PD46960a,0.2982123838392324,0,0.1605845980353033,0,0.022297316,0,0.026740869481202707,0,0.022344107890739446,0,0,0,0,0,0.46982072487870924,0,0
PD46961a,0,0.16008567585898778,0.098624385,0.048613068,0,0.19808503477159636,0,0,0.020867799,0,0,0,0,0,0.4737240376062141,0,0
PD46962a,0.1910449054329989,0.29487693958253985,0,0.017306616665714165,0,0.2345785477028509,0,0,0.010896375173932039,0,0,0,0,0,0.2512966154419641,0,0
PD46963a,0.20553516415623108,0.174629102,0.23930060993361213,0,0.031564044,0,0,0,0.020775114953773766,0.007485704,0,0,0,0,0.3207102607447264,0,0
PD46964a,0.17262990032543218,0.21379939113591145,0,0.024385094,0,0.2810065596619773,0,0,0.034936528,0.012667629971007963,0.031245776,0,0,0,0.2293291207134006,0,0
PD47586a,0.29379956086085485,0.091659776,0.29082690500170244,0.037661073,0,0,0.034701399,0,0.032419594,0,0,0,0,0,0.2189316911138606,0,0
PD47593a,0,0.10668642090812741,0.13523736252292642,0.28193759615892605,0.1773332588891533,0,0,0,0.010698627469973014,0,0,0.014672485961741637,0,0.07613488,0.1972993676600582,0,0
PD47596a,0.16100396712556617,0.2593135109247822,0.24541158500543664,0.025926857,0.067947831,0,0.044524152387495616,0,0.012796626875306995,0,0,0,0,0,0.18307546997546512,0,0
PD48851a,0,0.14293213033118085,0.17913945466175607,0,0,0.17592093675790135,0,0,0.025636703875911694,0.015278299,0.015188356773555558,0.015093812366462874,0,0,0.43081030637235623,0,0
PD48855a,0,0,0,0,0,0.1899382068594819,0,0.5845540920206669,0,0.017057058,0.028316406462829784,0,0,0,0.18013423621414337,0,0
PD48859a,0.1850865653143786,0.2541001016697198,0.23284308278235322,0.028106318400865353,0,0,0,0,0.020226854875152238,0,0,0,0,0,0.15286254177023728,0.12677453518729354,0
PD48864a,0.3711062853764448,0.1974598851575506,0,0,0.028993632157820224,0,0.054196665,0,0.047780025,0.011189911447632041,0.018588634581235858,0,0,0,0.27068496161860633,0,0
PD48865a,0.1886620194609387,0.11877429918368047,0.12418378732094151,0,0.028760383,0.22523953055928433,0,0,0.049548196,0,0.015536028,0,0,0,0.24929575566259304,0,0
PD48866a,0.19519118839558153,0.11248335307878315,0.11441813728341473,0,0.034630146,0.14631841219172445,0,0.053585520304365884,0.045578352,0.012386866400057796,0.034385127877297514,0.018797001596700978,0,0,0.23222589479275424,0,0
PD48867a,0.19222557989864114,0.236332257,0.25382382236573175,0,0.037232516,0,0.056013647058912645,0.054849278152328824,0.048659115151511424,0,0,0,0,0,0.1208637844247847,0,0
PD48868a,0,0.11318621128184225,0.21163731688040213,0,0,0,0,0,0.040404002,0,0,0,0,0.083299796,0.36448057739134654,0.18699209631029767,0
PD48869a,0,0.27201861429945684,0.11331666194051672,0.022639959,0,0.2524679880867181,0,0.051210534,0.039127746357509735,0.009750985,0.010635364707657993,0,0,0,0.228832146,0,0
PD48871a,0,0.26715845208469285,0.16778598171295467,0,0.04245727,0.19565284303238215,0,0,0.037443276561090456,0.014215752639533707,0.025085896378373704,0,0,0,0.25020052795294423,0,0
PD48872a,0,0.4071751524128372,0,0.038777069147661304,0,0.2031905165764506,0,0,0.03061838,0,0.013491550862216692,0,0,0,0.30674733065403526,0,0
PD48873a,0.23014047288610567,0.11414012700900714,0,0.022884183,0,0.27372727916725187,0,0,0.066491913,0,0.009532465,0,0,0,0.28308356033583587,0,0
PD48875a,0.21095715809394003,0.3541013606890842,0.10072378402974032,0,0.021220028593456307,0.096857451,0,0,0.009096361,0,0,0,0,0,0.20704385611975848,0,0
PD48882a,0,0.16008627614758295,0,0.14119360589228186,0.2472041796104035,0.2477477660496924,0,0,0.017134638013954165,0,0.010304941128137641,0,0,0,0.17632859315794755,0,0
PD48886a,0.1680594659035131,0.2416513722753894,0.2753605662885182,0.061483733096364145,0,0,0,0,0.016134567886593166,0,0.014459559262550343,0,0,0,0.15823433251038962,0.064616403,0
PD48887a,0.085020099,0,0,0.472895354,0.4420845475420381,0,0,0,0,0,0,0,0,0,0,0,0
PD48902a,0.12289469861290939,0.19443738492077497,0.10731584194756635,0,0.29191302327227403,0,0,0,0.012668487486844784,0,0,0,0,0.13439746828624868,0.13637309547338175,0,0
PD48942a,0.12815713077743573,0.15403556344327282,0.28026268336848664,0,0,0,0,0.1067292737979874,0.037633420215570125,0.022168164313867336,0.06614166,0.023798310792223422,0,0,0.18107379333355283,0,0
PD50084a,0.1407013208553334,0.16965715036521728,0.23182809296549386,0.024685463,0,0.16175229708701666,0,0.066187509,0.025536122795036167,0.009853188,0.017757795865579785,0.028100589602470697,0,0,0.12394046984197057,0,0
PD50085a,0.13582078623146362,0.2930139643123199,0.295428433,0,0.049812738338674986,0,0.056126814,0,0.040978922101541033,0,0.01225194,0,0,0,0.11656640221063387,0,0
PD50135a,0.22469556608303254,0.18839519140212696,0,0,0,0.2697995428942232,0,0,0.05833224,0,0.012353442484494773,0,0,0,0.246424017,0,0
PD50137a,0,0.2966279308740477,0.24788249860889583,0,0,0.21409909602315422,0,0,0.033257862808930144,0,0,0,0,0,0.20813261168497219,0,0
PD50143a,0.3676585244007191,0.12768801604361749,0,0,0,0.2460006523078601,0,0,0.078886052,0,0.017154302,0.046371588,0,0,0.11624086550866877,0,0
PD50147a,0.10886018251656439,0,0.14014196391375364,0.5371249210336471,0.15053490674272796,0,0,0.048878058835959345,0.014459967,0,0,0,0,0,0,0,0
PD50153a,0.12555710158504824,0.1918608265782375,0,0.14140047515522133,0.1744237475258685,0.2544966108878411,0,0,0.026480428489510096,0,0,0,0,0,0.08578081,0,0
PD50160a,0.1417227463349754,0.14342822626142723,0.18602069913094912,0,0,0.3067412205650691,0,0,0.041680893,0,0.014166499279891269,0,0,0,0.16623971550870095,0,0
PD50161a,0.3073464558934013,0.15428583353207967,0.1344590139501942,0,0.040464802,0,0.067243734,0.054522360705910565,0.051231517,0,0.029381154,0,0,0,0.1610651287604688,0,0
PD50164a,0.21456579516324636,0.2252926986017048,0.2557822302781286,0,0.030885586301132435,0,0,0,0.027564888689810225,0,0,0.023788506,0,0,0.22212029464859728,0,0
PD50165a,0.31204283394635907,0.06245595,0.2448892449899245,0,0.022708522,0,0,0.10005927970599143,0.052321973,0.012703877909561562,0.026956324,0.030060724747956808,0,0,0.13580126973287196,0,0
PD50166a,0,0.11980185285010847,0.4869816409705072,0,0,0,0.05515302,0,0.063903069,0,0,0,0,0,0.27416041677129427,0,0
PD50167a,0.28683587730130583,0.051941268,0.28711060891818807,0.073104593,0,0,0,0,0.042592927,0,0,0.019583401088150605,0,0,0.23883132444411084,0,0
PD50168a,0,0.18228989160356734,0.19481509410857267,0,0.030441964223723958,0.16419365899958946,0,0,0.048903894,0.014539040458016976,0.066593742,0.026616151631375005,0,0,0.2716065629412418,0,0
PD50171a,0.2869306384084848,0.24359101607870756,0.18921612105156602,0.029670410242855546,0,0,0.04101973,0,0.025747754,0,0,0,0,0,0.18382433074981366,0,0
PD50187a,0.4067821622544087,0.2642951966979562,0,0.021387437910974066,0,0,0.062546331,0.038006237,0.046078418085883116,0,0,0,0,0,0.16090421729413712,0,0
PD50196a,0.16266666059833318,0.23847825291984107,0.12503731219814923,0,0.050442248,0,0.033906189411652875,0,0.052347358,0.0090515,0.009938861,0,0,0,0.318131618,0,0
PD50201a,0.3840196068031736,0.20124495446480525,0.14754899949451394,0,0,0,0,0.096340909,0.054475986,0,0.021200685256074416,0.020887242420777538,0,0.074281616,0,0,0
PD50425a,0.12171161492894797,0.11627888786192368,0.22787126369915478,0.021156050288924092,0,0,0,0,0.046441148,0,0,0,0,0,0.4122840755113423,0.05425696,0
PD50441a,0.16535475322911708,0,0.2010218878311311,0,0.048232136,0,0.12134193873998966,0,0.17581215635940878,0,0,0.094175365,0.1940617633641292,0,0,0,0
PD50444a,0.1747656615923788,0.13320249882696886,0,0,0,0.11856687218231801,0,0,0.016385259,0,0,0,0,0,0.557079708,0,0
PD50610a,0.3270527806070007,0.061622229970142696,0,0,0.032954285,0.23840477879578068,0,0.061254222,0.043877977764620775,0,0,0,0,0,0.2348337250157227,0,0
PD50620a,0.24763195077248198,0.14797885052244758,0.2457553463097945,0.017041568559986422,0,0,0,0,0.040179884,0,0,0.013895813474070718,0,0,0.2875165866265625,0,0
PD50621a,0.2279757453822139,0.092116322,0.11957248031669655,0,0.022695191760821513,0,0.044509609889025914,0.081443714,0.024653933091358597,0,0.014962671692664903,0,0,0,0.3720703322042617,0,0
PD50622a,0.2581233896882718,0.1940285647111862,0.2310132698562636,0,0,0,0,0,0.097351953,0,0,0.017782291112900993,0,0.038803677322929366,0.16289685403098902,0,0
PD50625a,0.1390776444991716,0.23922615875552036,0.13235025014917987,0,0,0.19043614607375287,0,0,0.030849700555099762,0,0,0,0,0,0.2680600999672756,0,0
PD50627a,0.14511248823417944,0.2437540262275918,0.23311702090561975,0,0,0.12749948154286958,0,0,0.039556706,0,0,0.0216217,0,0,0.18933857685255595,0,0
PD50629a,0.1804941074766907,0.38151576697573797,0.2982179699003974,0.025247532973668812,0,0,0,0.046652024,0.030319253341416195,0,0.015583258029900347,0.021970088,0,0,0,0,0
PD50630a,0.11790734489353959,0.3080558886329869,0,0.018397607320054233,0,0.2438022535423119,0,0,0.028397445510951948,0.008906955,0.008700441,0,0,0,0.26583206380272834,0,0
PD50637a,0.16866970070244144,0.24854403599932212,0.24236033604434631,0.037709178,0,0,0.047910631,0.061728836534511576,0.026866005472985427,0,0.013614703381232865,0,0,0,0.152596573,0,0
PD50638a,0,0.18543515049599893,0.17104055677337077,0,0,0.1489851570608046,0,0,0.027956247,0.033933586,0.08742515,0,0,0,0.34522415252738076,0,0
PD51184a,0.14121685873462778,0.19751718437638754,0.18277195949689493,0.022618582,0,0,0,0,0.048459458047886414,0,0,0,0,0,0.40741595765676625,0,0
PD51185a,0.20753824598732523,0.20883832454261486,0,0.023092812946388607,0,0.26818395618205565,0,0,0.054318933,0,0.011957250784481687,0,0,0,0.22607047612012937,0,0
PD51187a,0,0,0.3652467995658326,0,0,0,0,0,0.024232554654814557,0,0,0,0,0,0.6105206457793528,0,0
PD51191a,0.1539733779304669,0.12454525019011811,0.276370231,0.024869555,0,0.1802642698285666,0,0,0.038417457,0,0,0,0,0,0.20155985882441035,0,0
PD51213a,0,0.16470483540525244,0.20660588774276106,0.03397125,0,0.1604809911029121,0,0,0.025958304481761865,0.007004419,0.009927648,0,0,0,0.3913466636640724,0,0
PD51219a,0,0.2322782713878827,0.21792700564868248,0,0,0.15658776219662515,0,0,0.040241933,0.009740158,0.038811845,0,0,0,0.30441302491051325,0,0
PD51224a,0.40576960341864327,0.11261969851948428,0.14139791005115515,0,0,0,0,0.2738834820849667,0.023808940944906924,0.016611784,0.025908581449801727,0,0,0,0,0,0
PD51225a,0.1706396183824798,0.24434496077831755,0.28405219546528465,0,0.033025781,0,0,0,0.031932642,0,0.01212923,0,0,0,0.2238755729483064,0,0
PD51227a,0.2232236152065259,0.15770196223957353,0.21368908516287352,0,0.043165779,0,0,0,0.056007893314968006,0,0,0,0,0,0.30621166547135237,0,0
PD51239a,0.2164277087364788,0.14754744852554838,0.1438004031494851,0,0,0.1749507800144131,0,0,0.046883929,0,0,0,0,0,0.2703897302104455,0,0
PD51254a,0.2333483017874537,0.1766601025068979,0,0,0,0.2710289020211415,0,0,0.043861913,0,0.009849116,0,0,0,0.2652516647772938,0,0
PD51256a,0.2344641190007127,0.140868502,0.1730121088246205,0,0,0,0,0,0.095493841,0,0.023957128915829518,0,0,0,0.16393358800771185,0.16827071213597036,0
PD51260a,0.25056440163433535,0.281193543,0.17092942040936815,0.024423187478347028,0,0,0,0,0.023443967,0,0,0.015421406748820372,0,0,0.23402407352994936,0,0
PD51262a,0.10869449533809818,0.28579115113862835,0.21424249095312642,0.022861454,0,0.093247466,0,0,0.023290343,0,0,0,0,0,0.25187259872887663,0,0
PD51264a,0.31585254009114544,0.1758675587029924,0.098178517,0,0,0.13219786441707185,0,0,0.048854247,0,0.013246929842038896,0,0,0,0.21580234335954224,0,0
PD51266a,0.34251530444213907,0,0.20594092865057034,0,0,0,0.044246344,0,0.054117649366869525,0,0.014542562236213814,0,0,0,0.338637212,0,0
PD51267a,0,0.3318268195607174,0.1484701373617886,0,0.029693451138252946,0.2298074364329845,0,0,0.032617648,0.011895863500046802,0.023945842,0.01682813,0,0,0.1749146715514406,0,0
PD51269a,0,0,0.2811016486902356,0.10806572298334806,0.086176752,0.12491786056416297,0,0,0.034938449985839615,0.011199535525408857,0,0,0,0,0.35360002993833317,0,0
PD51271a,0.10502560934223916,0.12027877752533911,0.15430607294458568,0,0.08192669,0.1867274724131879,0,0.047785929689010374,0.089095729,0,0,0.023357854,0,0,0.19149586506601934,0,0
PD51273a,0.35792461465971864,0.22492487241486436,0,0,0.039652894,0,0.082143594,0.062664379,0.034010219,0,0.016611258112518863,0,0,0,0.18206817010253568,0,0
PD51274a,0.22047492068494556,0.32678006395599013,0.12122561910620545,0.0340857,0,0.15416395326299975,0,0,0.045458333,0,0.010564354601862802,0,0,0,0.087247055,0,0
PD51276a,0,0.40343221745799196,0.2392797913834328,0,0,0,0,0,0.026459977764674014,0,0.014839275377535788,0,0,0,0.21790332976882365,0.098085408,0
PD51285a,0.3956907443063649,0.099129056,0.10773396312310761,0,0,0,0,0,0.060260808,0,0,0,0,0,0.3371854283190205,0,0
PD51290a,0.2509015149202037,0.17186929120921526,0.26049365081513104,0,0.025434604140432537,0,0,0,0.036459724,0,0.016595219197335826,0,0,0,0.23824599612404737,0,0
PD51293a,0.23152577177650063,0.1495176487887466,0.2225455312292961,0,0,0,0,0,0.090340939,0,0.016774642,0,0,0.063490438,0.22580502988168402,0,0
PD51385a,0.2236432338462011,0.071776816,0.10934208497720453,0.35678606618061964,0.074826451,0,0,0.051127809129937446,0.021991306176828353,0,0,0,0,0.090506233,0,0,0
PD51389a,0.1761515839813192,0.20888419588612597,0.086526068,0.019569218537476736,0,0.098054489,0.047232108,0,0.021795482,0,0,0,0,0,0.3417868547395908,0,0
PD51427a,0.3677876298814421,0.12407533223286302,0.14947405039433145,0,0.025530118,0,0.060045546,0.085480019,0.047661715,0,0.022415827278293516,0,0,0,0.11752976147129796,0,0
PD51510a,0.19025430912676375,0.2565759557971922,0.22295300020625267,0.035714905542033874,0,0,0.043845371,0,0.028005419455178024,0,0,0,0,0,0.22265103936456468,0,0
PD51511a,0.12492028520911326,0.22324447652307453,0.14534578580777374,0,0,0,0,0,0.048989908712116066,0,0.01822642,0,0,0,0.363026067,0.076247056,0
PD51514a,0.26976732442105095,0.27051337781722296,0.11495832866923097,0,0.022585936681930777,0,0.04827277,0,0.034249527,0,0.011159686186829634,0,0,0,0.22849304929610015,0,0
PD51516a,0.16520875861654086,0.2514420464752546,0.15233454497475588,0.020188674,0,0,0.052379644,0,0.033692916,0,0,0,0,0,0.3247534166702913,0,0
PD51518a,0.19228707257903463,0.3632051155547864,0,0,0.027639693696955712,0.24789680066930345,0,0,0,0,0.009743599,0,0,0,0.15922771855724535,0,0
PD51519a,0.16297145150083925,0.4370968051320731,0.15039206698280022,0,0.030708256,0,0,0,0.021007832245769645,0.010322948176724748,0.030134998419084878,0.017382686858825904,0,0.049859081,0.090123874,0,0
PD51522a,0.10905118861009234,0.10789069736250424,0.13580633948704915,0,0,0.2625670362459634,0,0,0.048943614,0.018064820907778976,0.022972987445870733,0.021643716995632178,0,0,0.27305959856489237,0,0
PD51525a,0.1738925478094237,0.18326729049053384,0,0,0,0,0.038597480099480934,0,0.018724963767624378,0,0,0,0,0.052282874,0.533234844,0,0
PD51526a,0,0.26316749649958826,0.3035093488103427,0.018213055334110117,0,0,0,0,0.024727637155188085,0,0,0,0,0,0.39038246220077083,0,0
PD51529a,0.17724331857241366,0.3254350195440116,0.14654895857332834,0,0.032111864,0,0.050814307,0,0.023935806997020356,0.009105009,0.014016198415796427,0,0,0,0.2207895176374928,0,0
PD51532a,0,0.3442584954377391,0.1393437388536137,0.023777642496148416,0,0.19070970233762582,0,0,0.009475355,0,0,0,0,0,0.29243506547625775,0,0
PD51534a,0,0.24923807168481174,0.16584158454207124,0,0,0.218649439,0,0,0.030862837799408103,0,0,0,0,0.055001573,0.28040649358311653,0,0
PD51536a,0,0.11585255495282686,0.096032278,0.3408365527494382,0.23650215799248536,0,0,0.048842389650436364,0.011733065020438107,0,0,0,0,0,0.1502010015833033,0,0
PD51540a,0.094060097,0,0,0.31741973603417795,0.4326417469291572,0,0,0,0,0,0,0,0,0,0.15587842032687838,0,0
PD51541a,0.25823494367379984,0.11538228597581884,0.13761933342603033,0.10537950728547557,0,0.15625786763717628,0,0,0.039289444733611845,0,0.010026233003484385,0,0,0,0.17781038426460277,0,0
PD51542a,0,0.089438369,0,0.5500419527580489,0.096554075,0,0,0,0,0,0,0,0,0,0.2639656030877546,0,0
PD51544a,0,0,0.083753945,0.31835196935602017,0.43870882405388284,0,0.029539692997522293,0,0.011947885690318329,0,0,0,0,0,0.11769768250572073,0,0
PD51545a,0.11656101893497613,0.2109162589461704,0.18395266730331702,0.071717633,0.21764738217410234,0,0,0,0.029305156796215502,0,0,0,0,0,0.16989988283554378,0,0
PD51546a,0,0,0,0.5447244597815799,0.262694677,0,0,0,0,0,0,0,0,0,0.19258086352682505,0,0
PD51557a,0,0.10745337051767041,0.19377792156765503,0,0,0.28469825038003044,0,0,0.067888331,0,0.016298494752470832,0,0,0,0.32988363172622737,0,0
PD51559a,0.2738060260397391,0.090254646,0,0,0,0.2348029898741593,0,0,0.046417288,0,0,0,0,0,0.3547190502575119,0,0
PD51560a,0.23565545919117753,0.21276727384052432,0,0,0.036814823,0.22438933480822498,0,0,0.031251451,0,0.010132203955518532,0,0,0,0.2489894542005543,0,0
PD51566a,0.1312688227149009,0.3558474917523498,0.13112602070288265,0,0.038595590068738604,0,0,0,0,0,0,0,0,0.056348222,0.2868138528977353,0,0
PD51567a,0.1943794757263582,0.21176544785531146,0.13254399488272323,0,0.025119154,0,0,0,0.026919905,0,0,0,0,0,0.35891475293096287,0.05035727,0
PD51569a,0.25952243034626954,0.2706274481992946,0.26169353218688757,0,0.027313481069128186,0,0,0,0.033795560771463826,0,0.014533261764689127,0,0,0,0.1325142856622671,0,0
PD51571a,0.20957823342559062,0.08229402,0.27262755325588134,0,0,0,0,0,0.041319620970532045,0,0,0,0,0.046000023,0.3481805493499638,0,0
PD51574a,0.25484736009035225,0.14801325173428412,0,0.029389611970595995,0,0.18199537222990247,0.040516956,0,0.047825272768638225,0,0,0,0,0,0.2974121755183856,0,0
PD51575a,0.191415901,0.23121235012483587,0.17894738361485232,0.028397378035808832,0,0.13578634269993475,0,0,0.035852036,0,0.012444652193118572,0,0,0,0.18594395690545407,0,0
PD51578a,0.25928879763473683,0.2406988049793817,0,0,0.031681396727986345,0,0.048528826,0,0.019921817217731497,0,0,0,0.024319396996675333,0,0.3755609605197662,0,0
PD51579a,0.19853466013170812,0.12920101257602915,0.14085117053294358,0,0.038224657,0.12954260770409912,0,0.068117279,0.041102923096934196,0.014163071247690276,0.028055941,0,0,0,0.21220667813798758,0,0
PD51582a,0,0.3146153818259631,0.16940284713361223,0.019030303021512932,0,0.25510799767572406,0,0,0.036665482,0,0.009814838,0,0,0,0.19536315047644895,0,0
PD51583a,0.2799095217984425,0.10977422722359069,0.2650895196133851,0,0.031106791145659687,0,0,0,0.049660444,0,0,0,0,0,0.26445949650826867,0,0
PD51584a,0.11869073583775643,0.077407155,0.22949592714090797,0.028586383,0,0.11910499758271187,0,0,0.035231549,0,0.010692521,0,0.029902484,0,0.3508882469816213,0,0
PD51585a,0,0,0.44234068926325426,0,0,0,0,0,0.028490085139616147,0,0,0,0,0,0.41342608194084396,0.1157431436562855,0
PD51586a,0,0.1380547078626797,0.221025467,0,0,0.17940513767353744,0,0,0.050383174,0,0,0,0,0,0.4111315141302512,0,0
PD51587a,0.28624074881159683,0.15138018268207742,0.13949242211114435,0,0,0,0,0.043928155,0.060936771,0.011851031071320047,0.025407687,0,0,0,0.21733530910730733,0.063427693,0
PD51589a,0,0.29320847624238344,0.18362954063916345,0.018965420218725628,0,0.13885188765409046,0.047023000248934216,0.032402691,0.049783922,0.015451454,0.014538494,0,0,0,0.20614511420799428,0,0
PD51590a,0.14689681853196554,0.17752942495172347,0.34346084799022447,0,0,0,0,0,0.035531371,0,0,0.017376604,0,0,0.27920493421044185,0,0
PD51591a,0.15076838006261487,0.1927561615643013,0.2083449936685606,0.035043505805438316,0,0,0,0,0.043584439,0,0,0,0.038972079045466686,0,0.2457895492540457,0.084740891,0
PD51598a,0,0.26475394973593613,0.4411652526398544,0.022770259,0,0,0.036964927,0,0.033860590343067994,0,0,0,0,0,0.20048502107339902,0,0
PD51599a,0.1432758478595779,0.18416579567866176,0.15208290876498504,0.020209594,0,0.1005542943178466,0,0.043085088,0.047465312230830316,0.010237080019183265,0.024805696659601438,0.015423082588809249,0,0,0.25869529983159134,0,0
PD51637a,0.25705104951305224,0.14056137538968674,0.17809252984664917,0,0.029923197911190476,0,0,0,0.056326239,0,0,0,0,0,0.2420085302862527,0.096037078,0
PD51638a,0.2210448654146278,0.1053002182370759,0,0.13265179962004178,0,0.18453572739052423,0,0,0.040463907445813074,0,0.009449468,0.016152396269223122,0,0,0.29040161731208003,0,0
PD51639a,0.19300521210576715,0.1794535514475189,0.2540811472146409,0,0,0.15929466495511177,0,0,0.045740286,0,0,0,0,0,0.16842513783822569,0,0
PD51640a,0.11467679068312238,0.3509050632165312,0.2466151114156716,0,0.052811641,0,0.041736003,0,0.027931398,0,0.010544190370150227,0,0,0,0.1547798020776062,0,0
PD51642a,0.15492797326596874,0,0.19196549089830053,0,0.039226957176361446,0.26573500646460035,0,0,0.030827739393098703,0,0,0,0,0,0.3173168328016702,0,0
PD51643a,0.12770233541228865,0.24279083056481418,0.21026471212303446,0.026647519513267656,0,0.11907514363615136,0,0,0.025480464361963356,0.011967764719280455,0.014903112,0.018598677840672772,0,0,0.20256943942171304,0,0
PD51644a,0,0.22026409895139523,0.2688597350385941,0.023497873,0,0.1411973337439043,0,0,0.029466506692831077,0,0.009170228,0,0,0,0.3075442244503219,0,0
PD51646a,0.32987303248460875,0.12719677668724472,0.30248185085332296,0,0.029655879702898392,0,0,0.060835730655224275,0.04026169,0,0,0.026343071,0,0.083351968,0,0,0
PD51651a,0.2514430966445919,0.1724647930104521,0.2747261004015017,0,0,0,0.063614953,0,0.031418987,0,0,0,0,0,0.20633206947797725,0,0
PD51652a,0.13485900962835634,0.18436620279730948,0.15804059684404123,0,0,0.15117594389098452,0,0,0.047389103,0.015348707914888743,0.012848669567866294,0,0,0,0.2959717663873697,0,0
PD51654a,0.16027951340505261,0.16908296275433035,0.1309423239081283,0,0.048684735,0.1565486603555823,0,0,0.039428798,0,0.019558075323636365,0,0,0,0.27547493184559013,0,0
PD51658a,0,0.34768578096190955,0.12186765181584798,0,0,0.1481497092281402,0,0,0.026405029,0.013124779201203165,0.014719042005746148,0,0,0,0.29267185067088425,0,0.035376156818521215
PD51661a,0.23822442931846488,0.24479720416589432,0,0.025698527181042274,0,0.24417623154975432,0,0,0.044159619,0,0,0,0,0,0.202943989,0,0
PD51667a,0.27795866,0.099341727,0.21857945987721802,0,0,0.11099805236921527,0,0,0.054755305,0,0,0.018631097959795444,0,0,0.21973569809995172,0,0
PD51682a,0.12305178426299344,0.33035924399358796,0.24766170170836274,0,0.041491807,0,0.052534414935710774,0.042650985,0.033252739,0,0,0,0,0,0.12899732405872835,0,0
PD51695a,0.13840058219897608,0.084722166,0.28786739524372773,0.036732023057584905,0,0.14189769846176295,0.037860156902383445,0.04943357,0.040136639,0,0,0,0,0,0.18294976908116892,0,0
PD51697a,0.17126716669726963,0.315908226,0,0.032315483,0,0.22598664747582475,0,0,0.046606128,0,0.011805955,0,0,0,0.19611039257613072,0,0
PD51702a,0.37934712708574736,0.2798937491095711,0,0,0.040374227,0,0.090586315,0,0.026295909,0,0.012081368316713798,0,0,0,0.17142130333191644,0,0
PD51705a,0.2329975971033449,0.074056478,0.092977512,0,0.036648332,0,0.056950146199896065,0.035052612504970264,0.021142932039525556,0,0.017546903900621715,0,0,0,0.4326274864140192,0,0
PD51715a,0.30726899009864783,0.23512725065762327,0,0.018913058062021922,0,0,0.061200632,0,0.053274328061662844,0,0,0,0,0,0.3242157409921411,0,0
PD51717a,0.24030809586806737,0.2097991033828798,0.19935607349747464,0.031901044,0,0,0,0,0.031024928,0,0,0,0,0,0.22436640014995052,0.063244355,0
PD51720a,0,0.20065447261772193,0.2282611442289831,0.047961185,0,0.24721966176534083,0,0,0.029969071,0,0,0,0,0,0.24593446511677922,0,0
PD51721a,0.25524708394919304,0.32337104492956475,0,0.033668714,0,0.16439159295179834,0,0,0.024122013218691993,0,0.009779697,0,0,0,0.18941985461978178,0,0
PD51723a,0.19095683457189316,0.18052082658988644,0.1984897420543418,0,0,0.1323666466074369,0,0,0.039583229,0,0,0,0,0,0.25808272074366273,0,0
PD51737a,0.17142393205777307,0.22203041984415856,0.203013524,0,0.03292162,0,0.051179355,0.034511255,0.031613930343053105,0,0.009210895,0,0,0,0.24409506798351308,0,0
PD51742a,0.22246099431673003,0.22224921286297455,0,0,0,0.1928965457357331,0,0.031831719,0.0337095,0,0,0,0,0,0.2968520281479278,0,0
PD51816a,0.1469468251262426,0.35255742005245594,0.22764993593507593,0.019210114,0,0,0.035146787008380094,0,0.025099824,0.012355956994234429,0.019344304,0,0,0,0.1616888326846916,0,0
PD51820a,0.15178938902860964,0.2765323467445415,0.12908162465223116,0.081734387,0,0.11568808887670984,0,0.036669536,0.028280685,0.011854421424905295,0,0,0,0,0.1683695213694165,0,0
PD55504a,0.30326575376599235,0.10613393302639287,0.1629919408249652,0,0,0,0.10927545204828364,0.15526489059209433,0.069381783,0,0,0,0,0,0.093686247,0,0
PD55505a,0.13867749460846557,0.11795657809315085,0.10624705787812522,0.025005561027903026,0,0.2970046872034506,0,0,0.066800443,0,0.012863253780384203,0.029622803008909692,0,0,0.205822121,0,0
PD55506a,0,0.12124528739599166,0.5878770201352044,0.037893139,0,0,0.07597368,0.045013266,0.026160502,0,0,0,0.034942,0.070895105,0,0,0
PD55507a,0,0.081670046,0.14832789890403983,0,0,0.26666952207358496,0.1349552376169721,0,0.047405286974865596,0,0,0,0,0,0.32097200880722976,0,0
PD55508a,0.13143978092944644,0.072176155,0.2311770353963123,0,0.025377376,0,0.060231102,0,0.043112183904005785,0,0,0,0,0,0.34503674592893235,0.091449621,0
PD55509a,0,0.2735866600149474,0,0,0,0.39001727072894293,0,0,0.024985764,0.008535895,0,0,0,0,0.30287441011667104,0,0
PD55510a,0.18967307443793768,0.21042669,0.12701312585522462,0,0,0,0.1373824585334096,0,0.025684907482533777,0,0.018019313792594194,0,0,0,0.29180042987849814,0,0
PD55511a,0.2034443120058818,0.13107297517470984,0.1624755555053623,0.028088021199817924,0,0.11515174104523229,0.12089117178111106,0,0.060610368,0,0,0,0,0,0.1782658551672296,0,0
PD55512a,0,0,0.2586424940540256,0,0,0.3195817198910926,0.099655204,0,0.035880772,0,0,0,0,0,0.2862398099429313,0,0
PD55513a,0.21317506297862884,0,0,0,0,0.3391776533544402,0.13746001107382702,0,0.087398992,0,0,0,0,0,0.2227882800937013,0,0
PD55514a,0,0,0.1656773480256967,0.045379892,0.2554062800939598,0,0.13417347266557703,0.05049511,0.051815494,0,0,0,0,0,0.2970524038704262,0,0
PD55515a,0.20790705855322747,0,0,0,0,0.27345256760808245,0.21772900576569737,0,0.061057202,0,0,0,0,0,0.23985416622690425,0,0
PD55516a,0,0.15126225375679622,0,0,0,0,0.32631124866152655,0,0.024517841654994283,0,0,0,0,0,0.42185583170110624,0.076052824,0
PD55517a,0.1834540297867428,0,0,0,0,0.22156461723026444,0.21648643133384804,0,0.042129966,0,0,0,0,0,0.33636495584440174,0,0
PD55519a,0,0.076395456,0.48738046361582016,0.072676728,0,0.1408703228020266,0,0,0.045325192695014234,0,0,0,0.037347683,0,0.14000415463672544,0,0
PD55520a,0,0.25272692350727294,0,0.033901797,0,0.25655440383555916,0.137498369,0,0.051586674294763615,0,0,0,0.033685627199513984,0,0.2340462045923754,0,0
PD55521a,0,0.27523611467882264,0.1533337247330695,0.025308009,0,0.17137411156403648,0.063987867,0,0.021157941,0.010419419,0.036125565365229415,0,0,0,0.24305724758580174,0,0
PD55523a,0.17685051334171564,0.2837972843045669,0,0.026528944901308204,0,0.17242387110355273,0.12278231753803676,0,0.061948564,0,0,0,0,0,0.15566850470654128,0,0
PD55524a,0,0.17243533556144927,0.3313407222466372,0.020299784295726583,0,0.1253880911841391,0.054919937,0,0.022241649635335745,0,0,0,0,0,0.27337448024560823,0,0
PD55525a,0,0.21371109229698543,0.24366921628813223,0.049039873,0,0,0.1511399115868285,0,0.043349400728774704,0,0,0,0,0,0.29909050614835914,0,0
PD55526a,0,0.072285585,0,0,0,0.3950405305547082,0.14503169627124593,0,0.061381262,0,0,0,0,0,0.3262609257383951,0,0
PD55527a,0,0,0,0,0,0.31907548934242397,0.2590393826297662,0,0.023113964,0,0,0,0,0,0.3987711640770814,0,0
PD55528a,0,0.10596329307764607,0.21718055857562774,0,0.027631566128527716,0.24603626644968313,0,0,0.032726326579292996,0.012178358137671055,0,0,0.028334269282031282,0,0.329949362,0,0
PD55529a,0,0.12414797206870204,0.20430209957037712,0,0.036190756,0.2972911751273621,0.096062513,0.065579762,0.046324120777979434,0.010777946220668274,0.012728315082200322,0,0,0,0.10659534082580835,0,0
PD55530a,0,0.14082448309010426,0.49243103152502815,0.042654501,0,0,0.073240787,0,0.045832186,0,0,0,0,0.087153896,0.11786311610655295,0,0
PD55531a,0.18414407503513833,0.084188972,0,0.028626574,0,0.16312093264124605,0.17606583125045566,0,0.025350464989632716,0,0,0,0,0.052088892789272215,0.2864142579497527,0,0
PD55532a,0.30950559364733854,0.081914827,0.23861174336737134,0,0,0,0.093280817,0,0.038480194,0,0,0,0,0,0.23820682422008108,0,0
PD55533a,0.2319229281227575,0.10855074874902387,0.20540248434150754,0,0,0,0.1136900836181998,0,0.063293905,0,0.031023841,0,0,0,0.24611600925387545,0,0
PD55534a,0.22897109028234688,0.11281253594405455,0,0,0,0,0.3204573269599342,0,0.028391686947333277,0,0,0,0,0,0.2383245375057886,0.071042822,0
PD55535a,0.20144942116386808,0.15064433112505418,0.15610310713869974,0,0,0,0.14843427614276086,0,0.052461343159523756,0,0,0,0,0,0.20427343897557398,0.086634082,0
PD55536a,0.11551967274562154,0.13635254443496547,0.17473492403088162,0.042411408,0,0,0.16346402887413186,0,0.038378382435192385,0,0,0,0.026098386,0,0.303040654,0,0
PD55537a,0,0.15912588565066185,0.17116344954110113,0.0371482,0,0.26756841020266064,0.18689469069871611,0,0.028924614061333512,0,0,0,0,0,0.14917475004246103,0,0
PD55538a,0,0.1923763323611475,0.30186748152185283,0.039294801,0,0.16855366754637371,0.090476798,0,0.022603691,0,0,0,0,0,0.11386600611700977,0.070961222,0
PD55539a,0,0.2306332570268777,0.2132863152359404,0,0.027021651858062778,0.15819824360659174,0.081497097,0,0.022955462,0,0,0,0,0,0.2664079733789098,0,0
PD55540a,0.22215427386445546,0,0.1782512592609763,0,0,0,0.266354109,0,0.043028204,0,0,0,0,0,0.2902121540524759,0,0
PD55541a,0.23533893221969496,0.088634551,0.1305554595246753,0.020491819026836403,0,0,0.14413658427805695,0,0.03468366,0,0,0,0,0,0.2738389992408497,0.072319994,0
PD67534a,0.19015247336510233,0.2516900905974856,0,0.024268021042512754,0,0,0.2622043123105464,0,0.038473833,0,0,0,0,0,0.15013831919250847,0.083072951,0
PD67535a,0,0,0.271615909,0.041722189,0,0.1671012676602219,0.1520257356994993,0,0.037656444900024455,0,0,0,0,0,0.32987845351521156,0,0
PD67536a,0,0,0.33566813239219934,0.048304219,0,0.2519889807472502,0.15397625469054693,0,0.035914812,0,0,0,0,0,0.094601453,0.079546148,0
PD67537a,0.23765621708360302,0.1406077932661136,0.21645331983552807,0.10240240995920553,0.045579235509475846,0,0.087440218,0,0.025644303,0,0.011539436473659964,0,0,0,0.13267706732772377,0,0
PD67538a,0,0.17521561475170605,0.15578647496734005,0,0.048837667,0.17328141460561763,0.1399067710515131,0,0.031671473,0,0,0,0,0,0.2753005843320954,0,0
PD67539a,0.1665258872763108,0,0.3551774472456625,0.035486034,0,0.15568599139888697,0.089746706,0,0.037084779,0,0,0,0,0,0.16029315474468356,0,0
PD67540a,0.23506508254222253,0,0,0.025266128421324238,0,0.17355868737859273,0.058394199313314764,0,0.053723389,0,0.025228184674809445,0,0,0,0.4287643285765644,0,0
PD67541a,0.2618257821097194,0.21954271621318944,0,0,0,0.17939425830694164,0.069569418,0,0.027405588794222103,0,0,0,0,0,0.24226223701625527,0,0
PD67542a,0.17565493516587113,0.12506673307076752,0,0.019249474,0,0.18979195813128028,0.17609373436586157,0,0.021799621,0,0,0,0,0,0.2923435445439979,0,0
PD67543a,0,0,0.19558615852281794,0.033033167804573826,0,0.4420777194091937,0,0,0.091631221,0,0,0,0,0,0.23767173356350926,0,0
PD67544a,0.2858959676106864,0,0.21568283718949946,0,0.028341249,0,0.080358376,0,0.033455002,0,0,0,0,0,0.30114946172359747,0.055117106,0
PD67545a,0.11805817313762457,0.080682504,0.13053333224226749,0,0.025133311734303738,0.1960179839609528,0.1146662557307478,0,0.042594175,0,0,0,0,0,0.2923142638313318,0,0
PD67546a,0.1394703913474074,0,0,0,0,0.17237579921703206,0.3554525529017903,0,0.040480357602627345,0,0,0,0,0,0.292220899,0,0
PD67547a,0,0.078160467,0.20118356221908934,0.037870115769410344,0,0.19876601625619772,0.21664767,0,0.034267961,0,0,0,0,0,0.23310420733289616,0,0
PD67548a,0.12281661140337166,0.10232543446728055,0.25133278218923133,0,0,0.24656925,0,0,0.044100444,0,0.014443029808214379,0.016692807,0,0,0.20171964113427646,0,0
PD67549a,0.2723484594365175,0.116102985,0,0,0,0.23444778888838186,0.078885365,0,0.05910311,0,0,0,0,0,0.2391122911853974,0,0
PD67550a,0.14576426696968292,0.23863511115655867,0.183956188,0,0,0.1910595730594338,0,0,0.064434631,0,0,0,0,0,0.17615022994857013,0,0
PD67551a,0.1950199111444365,0.22108585593114877,0,0,0,0.34649194575890657,0,0,0.063629038,0,0.012438518498895783,0,0,0,0.16133473057080083,0,0
PD67552a,0.31356761123079546,0,0.21797143,0.031846772,0,0,0,0,0.05722579,0,0,0.025626123315143662,0,0.046377592,0.3073846817871301,0,0
PD67553a,0.1594556851843945,0.11911895546194587,0,0,0,0.3448531126956826,0.091071619,0,0.060174880200247985,0,0,0,0,0,0.22532574761325186,0,0
PD67554a,0.488266262,0.082958845,0.1628066298280414,0,0.028723085,0,0.07157491,0.078185716,0.052669493,0,0.010781888984757232,0,0,0,0,0,0.02403317
PD67555a,0.143356096,0.11202889968195491,0.14840534358463756,0,0.040311375,0.26915949129391536,0,0,0.05600644,0,0.016537563,0.017606647855120783,0,0,0.19658814406892547,0,0
PD67556a,0,0,0.35940997285279425,0.026376214,0,0.26273703286429045,0,0,0.067357621,0,0,0,0,0,0.28411915919678127,0,0
PD67557a,0.1028603559004197,0.070914133,0.23242884219164758,0.03134123,0,0.17923463976271736,0.13548386320980138,0,0.042670828,0,0,0,0,0,0.2050661084818627,0,0
PD67558a,0.11569808757450051,0.091396955,0.16330622204681974,0,0,0.2019477108504615,0.055875018031660464,0,0.052276459974884455,0,0,0,0,0,0.3194995468037382,0,0
PD67559a,0.19659023418657426,0.19371120997454896,0.13832364716162043,0.030732378948498115,0,0.2175548601936303,0,0,0.060343747836000855,0,0,0,0,0,0.16274392169912713,0,0
PD67560a,0.37462359768235515,0.06707221,0.19427575783784484,0,0,0,0.062745473,0,0.058042612,0,0.012617622184713989,0,0,0,0.23062272712367018,0,0
PD67562a,0,0.14756254087433787,0.2183315766125322,0,0,0.18496411928920503,0.10038250706907498,0,0.057452123,0,0,0,0,0,0.29130713329636765,0,0
PD67563a,0.20245391817237846,0.24924733419033557,0.1390082993547036,0,0.038757329,0,0.11393631411631823,0,0.056056533233725635,0,0.024585626512095105,0,0,0,0.17595464590994683,0,0